ISO-10303-21;
HEADER;
FILE_DESCRIPTION(('FreeCAD Model'),'2;1');
FILE_NAME('Open CASCADE Shape Model','2026-07-14T11:04:19',('Author'),(
    ''),'Open CASCADE STEP processor 7.8','FreeCAD','Unknown');
FILE_SCHEMA(('AUTOMOTIVE_DESIGN { 1 0 10303 214 1 1 1 1 }'));
ENDSEC;
DATA;
#1 = APPLICATION_PROTOCOL_DEFINITION('international standard',
  'automotive_design',2000,#2);
#2 = APPLICATION_CONTEXT(
  'core data for automotive mechanical design processes');
#3 = SHAPE_DEFINITION_REPRESENTATION(#4,#10);
#4 = PRODUCT_DEFINITION_SHAPE('','',#5);
#5 = PRODUCT_DEFINITION('design','',#6,#9);
#6 = PRODUCT_DEFINITION_FORMATION('','',#7);
#7 = PRODUCT('Tire_2a_10l_V1','Tire_2a_10l_V1','',(#8));
#8 = PRODUCT_CONTEXT('',#2,'mechanical');
#9 = PRODUCT_DEFINITION_CONTEXT('part definition',#2,'design');
#10 = SHAPE_REPRESENTATION('',(#11,#15,#418,#659,#900,#1143,#1386,#1627,
    #1868,#2114,#2357,#2598,#2839,#3082,#3325,#3566,#3807,#4050,#4293,
    #4537,#4778,#5021,#5264,#5505,#5746,#5989,#6232,#6473,#6714,#6957,
    #7200,#7441,#7682,#7925),#8168);
#11 = AXIS2_PLACEMENT_3D('',#12,#13,#14);
#12 = CARTESIAN_POINT('',(0.,0.,0.));
#13 = DIRECTION('',(0.,0.,1.));
#14 = DIRECTION('',(1.,0.,-0.));
#15 = MANIFOLD_SOLID_BREP('',#16);
#16 = CLOSED_SHELL('',(#17,#51,#77,#102,#132,#152,#178,#203,#223,#243,
    #273,#298,#318,#344,#370,#396));
#17 = ADVANCED_FACE('',(#18),#46,.T.);
#18 = FACE_BOUND('',#19,.F.);
#19 = EDGE_LOOP('',(#20,#31,#38,#39));
#20 = ORIENTED_EDGE('',*,*,#21,.F.);
#21 = EDGE_CURVE('',#22,#24,#26,.T.);
#22 = VERTEX_POINT('',#23);
#23 = CARTESIAN_POINT('',(0.,4.999999999996,13.));
#24 = VERTEX_POINT('',#25);
#25 = CARTESIAN_POINT('',(0.,4.750414361612,13.762675384274));
#26 = CIRCLE('',#27,1.19983446473);
#27 = AXIS2_PLACEMENT_3D('',#28,#29,#30);
#28 = CARTESIAN_POINT('',(0.,3.800531944112,13.029650053417));
#29 = DIRECTION('',(1.,0.,0.));
#30 = DIRECTION('',(0.,1.,0.));
#31 = ORIENTED_EDGE('',*,*,#32,.F.);
#32 = EDGE_CURVE('',#22,#22,#33,.T.);
#33 = CIRCLE('',#34,13.);
#34 = AXIS2_PLACEMENT_3D('',#35,#36,#37);
#35 = CARTESIAN_POINT('',(5.551115123121E-16,4.999999999996,
    -5.551115123121E-16));
#36 = DIRECTION('',(1.110223024625E-16,1.,-1.110223024625E-16));
#37 = DIRECTION('',(-4.270088556247E-17,1.110223024625E-16,1.));
#38 = ORIENTED_EDGE('',*,*,#21,.T.);
#39 = ORIENTED_EDGE('',*,*,#40,.T.);
#40 = EDGE_CURVE('',#24,#24,#41,.T.);
#41 = CIRCLE('',#42,13.762675384274);
#42 = AXIS2_PLACEMENT_3D('',#43,#44,#45);
#43 = CARTESIAN_POINT('',(5.274019400771E-16,4.750414361612,
    -5.274019400771E-16));
#44 = DIRECTION('',(1.110223024625E-16,1.,-1.110223024625E-16));
#45 = DIRECTION('',(-3.832117850282E-17,1.110223024625E-16,1.));
#46 = TOROIDAL_SURFACE('',#47,13.029650053417,1.19983446473);
#47 = AXIS2_PLACEMENT_3D('',#48,#49,#50);
#48 = CARTESIAN_POINT('',(4.219438070177E-16,3.800531944112,
    -4.219438070177E-16));
#49 = DIRECTION('',(-1.110223024625E-16,-1.,1.110223024625E-16));
#50 = DIRECTION('',(-3.238335682753E-17,1.110223024625E-16,1.));
#51 = ADVANCED_FACE('',(#52),#72,.T.);
#52 = FACE_BOUND('',#53,.F.);
#53 = EDGE_LOOP('',(#54,#55,#64,#71));
#54 = ORIENTED_EDGE('',*,*,#40,.T.);
#55 = ORIENTED_EDGE('',*,*,#56,.T.);
#56 = EDGE_CURVE('',#24,#57,#59,.T.);
#57 = VERTEX_POINT('',#58);
#58 = CARTESIAN_POINT('',(0.,4.273170541853,14.696059288245));
#59 = CIRCLE('',#60,2.93230259781);
#60 = AXIS2_PLACEMENT_3D('',#61,#62,#63);
#61 = CARTESIAN_POINT('',(0.,1.943023593294,12.915943077648));
#62 = DIRECTION('',(1.,0.,0.));
#63 = DIRECTION('',(0.,1.,0.));
#64 = ORIENTED_EDGE('',*,*,#65,.F.);
#65 = EDGE_CURVE('',#57,#57,#66,.T.);
#66 = CIRCLE('',#67,14.696059288245);
#67 = AXIS2_PLACEMENT_3D('',#68,#69,#70);
#68 = CARTESIAN_POINT('',(4.744172323718E-16,4.273170541856,
    -4.744172323718E-16));
#69 = DIRECTION('',(1.110223024625E-16,1.,-1.110223024625E-16));
#70 = DIRECTION('',(-3.228193511381E-17,1.110223024625E-16,1.));
#71 = ORIENTED_EDGE('',*,*,#56,.F.);
#72 = TOROIDAL_SURFACE('',#73,12.915943077648,2.93230259781);
#73 = AXIS2_PLACEMENT_3D('',#74,#75,#76);
#74 = CARTESIAN_POINT('',(2.157189530664E-16,1.943023593294,
    -2.157189530664E-16));
#75 = DIRECTION('',(-1.110223024625E-16,-1.,1.110223024625E-16));
#76 = DIRECTION('',(-1.670175780193E-17,1.110223024625E-16,1.));
#77 = ADVANCED_FACE('',(#78),#97,.F.);
#78 = FACE_BOUND('',#79,.T.);
#79 = EDGE_LOOP('',(#80,#81,#89,#96));
#80 = ORIENTED_EDGE('',*,*,#32,.T.);
#81 = ORIENTED_EDGE('',*,*,#82,.T.);
#82 = EDGE_CURVE('',#22,#83,#85,.T.);
#83 = VERTEX_POINT('',#84);
#84 = CARTESIAN_POINT('',(0.,1.499999999996,13.));
#85 = LINE('',#86,#87);
#86 = CARTESIAN_POINT('',(0.,4.999999999996,13.));
#87 = VECTOR('',#88,1.);
#88 = DIRECTION('',(0.,-1.,0.));
#89 = ORIENTED_EDGE('',*,*,#90,.F.);
#90 = EDGE_CURVE('',#83,#83,#91,.T.);
#91 = CIRCLE('',#92,13.);
#92 = AXIS2_PLACEMENT_3D('',#93,#94,#95);
#93 = CARTESIAN_POINT('',(1.665334536933E-16,1.499999999996,
    -1.665334536933E-16));
#94 = DIRECTION('',(1.110223024625E-16,1.,-1.110223024625E-16));
#95 = DIRECTION('',(-1.281026566872E-17,1.110223024625E-16,1.));
#96 = ORIENTED_EDGE('',*,*,#82,.F.);
#97 = CYLINDRICAL_SURFACE('',#98,13.);
#98 = AXIS2_PLACEMENT_3D('',#99,#100,#101);
#99 = CARTESIAN_POINT('',(5.551115123121E-16,4.999999999996,
    -5.551115123121E-16));
#100 = DIRECTION('',(-1.110223024625E-16,-1.,1.110223024625E-16));
#101 = DIRECTION('',(-4.270088556247E-17,1.110223024625E-16,1.));
#102 = ADVANCED_FACE('',(#103),#123,.F.);
#103 = FACE_BOUND('',#104,.F.);
#104 = EDGE_LOOP('',(#105,#114,#115,#116));
#105 = ORIENTED_EDGE('',*,*,#106,.F.);
#106 = EDGE_CURVE('',#57,#107,#109,.T.);
#107 = VERTEX_POINT('',#108);
#108 = CARTESIAN_POINT('',(0.,2.897352118427,14.911394596071));
#109 = CIRCLE('',#110,8.300167724909);
#110 = AXIS2_PLACEMENT_3D('',#111,#112,#113);
#111 = CARTESIAN_POINT('',(0.,2.306315367057,6.63229683));
#112 = DIRECTION('',(1.,0.,0.));
#113 = DIRECTION('',(0.,1.,0.));
#114 = ORIENTED_EDGE('',*,*,#65,.T.);
#115 = ORIENTED_EDGE('',*,*,#106,.T.);
#116 = ORIENTED_EDGE('',*,*,#117,.F.);
#117 = EDGE_CURVE('',#107,#107,#118,.T.);
#118 = CIRCLE('',#119,14.911394596071);
#119 = AXIS2_PLACEMENT_3D('',#120,#121,#122);
#120 = CARTESIAN_POINT('',(3.216707032324E-16,2.897352118427,
    -3.216707032324E-16));
#121 = DIRECTION('',(1.110223024625E-16,1.,-1.110223024625E-16));
#122 = DIRECTION('',(-2.157214076523E-17,1.110223024625E-16,1.));
#123 = SURFACE_OF_REVOLUTION('',#124,#129);
#124 = CIRCLE('',#125,8.300167724909);
#125 = AXIS2_PLACEMENT_3D('',#126,#127,#128);
#126 = CARTESIAN_POINT('',(0.,2.306315367057,6.63229683));
#127 = DIRECTION('',(1.,0.,0.));
#128 = DIRECTION('',(0.,1.,0.));
#129 = AXIS1_PLACEMENT('',#130,#131);
#130 = CARTESIAN_POINT('',(0.,0.,0.));
#131 = DIRECTION('',(1.110223024625E-16,1.,-1.110223024625E-16));
#132 = ADVANCED_FACE('',(#133,#144),#147,.F.);
#133 = FACE_BOUND('',#134,.F.);
#134 = EDGE_LOOP('',(#135));
#135 = ORIENTED_EDGE('',*,*,#136,.T.);
#136 = EDGE_CURVE('',#137,#137,#139,.T.);
#137 = VERTEX_POINT('',#138);
#138 = CARTESIAN_POINT('',(0.,1.499999999996,12.000000000012));
#139 = CIRCLE('',#140,12.000000000012);
#140 = AXIS2_PLACEMENT_3D('',#141,#142,#143);
#141 = CARTESIAN_POINT('',(1.665334536933E-16,1.499999999996,
    -1.665334536933E-16));
#142 = DIRECTION('',(1.110223024625E-16,1.,-1.110223024625E-16));
#143 = DIRECTION('',(-1.387778780776E-17,1.110223024625E-16,1.));
#144 = FACE_BOUND('',#145,.F.);
#145 = EDGE_LOOP('',(#146));
#146 = ORIENTED_EDGE('',*,*,#90,.F.);
#147 = PLANE('',#148);
#148 = AXIS2_PLACEMENT_3D('',#149,#150,#151);
#149 = CARTESIAN_POINT('',(1.665334536933E-16,1.499999999996,
    -1.665334536933E-16));
#150 = DIRECTION('',(-1.110223024625E-16,-1.,1.110223024625E-16));
#151 = DIRECTION('',(1.387778780776E-17,-1.110223024625E-16,-1.));
#152 = ADVANCED_FACE('',(#153),#173,.T.);
#153 = FACE_BOUND('',#154,.F.);
#154 = EDGE_LOOP('',(#155,#164,#165,#166));
#155 = ORIENTED_EDGE('',*,*,#156,.F.);
#156 = EDGE_CURVE('',#107,#157,#159,.T.);
#157 = VERTEX_POINT('',#158);
#158 = CARTESIAN_POINT('',(0.,2.750414361612,14.774572632585));
#159 = CIRCLE('',#160,0.137170169682);
#160 = AXIS2_PLACEMENT_3D('',#161,#162,#163);
#161 = CARTESIAN_POINT('',(0.,2.887584531294,14.774572632585));
#162 = DIRECTION('',(1.,0.,0.));
#163 = DIRECTION('',(0.,1.,0.));
#164 = ORIENTED_EDGE('',*,*,#117,.F.);
#165 = ORIENTED_EDGE('',*,*,#156,.T.);
#166 = ORIENTED_EDGE('',*,*,#167,.T.);
#167 = EDGE_CURVE('',#157,#157,#168,.T.);
#168 = CIRCLE('',#169,14.774572632585);
#169 = AXIS2_PLACEMENT_3D('',#170,#171,#172);
#170 = CARTESIAN_POINT('',(3.053573351521E-16,2.750414361612,
    -3.053573351521E-16));
#171 = DIRECTION('',(1.110223024625E-16,1.,-1.110223024625E-16));
#172 = DIRECTION('',(-2.06677609394E-17,1.110223024625E-16,1.));
#173 = TOROIDAL_SURFACE('',#174,14.774572632585,0.137170169682);
#174 = AXIS2_PLACEMENT_3D('',#175,#176,#177);
#175 = CARTESIAN_POINT('',(3.205862832194E-16,2.887584531294,
    -3.205862832194E-16));
#176 = DIRECTION('',(-1.110223024625E-16,-1.,1.110223024625E-16));
#177 = DIRECTION('',(-2.169851481946E-17,1.110223024625E-16,1.));
#178 = ADVANCED_FACE('',(#179),#198,.F.);
#179 = FACE_BOUND('',#180,.F.);
#180 = EDGE_LOOP('',(#181,#190,#196,#197));
#181 = ORIENTED_EDGE('',*,*,#182,.T.);
#182 = EDGE_CURVE('',#183,#183,#185,.T.);
#183 = VERTEX_POINT('',#184);
#184 = CARTESIAN_POINT('',(0.,-1.499999999996,12.000000000012));
#185 = CIRCLE('',#186,12.000000000012);
#186 = AXIS2_PLACEMENT_3D('',#187,#188,#189);
#187 = CARTESIAN_POINT('',(-1.665334536934E-16,-1.499999999996,
    1.665334536934E-16));
#188 = DIRECTION('',(1.110223024625E-16,1.,-1.110223024625E-16));
#189 = DIRECTION('',(1.387778780777E-17,1.110223024625E-16,1.));
#190 = ORIENTED_EDGE('',*,*,#191,.T.);
#191 = EDGE_CURVE('',#183,#137,#192,.T.);
#192 = LINE('',#193,#194);
#193 = CARTESIAN_POINT('',(0.,-1.499999999996,12.000000000012));
#194 = VECTOR('',#195,1.);
#195 = DIRECTION('',(0.,1.,0.));
#196 = ORIENTED_EDGE('',*,*,#136,.F.);
#197 = ORIENTED_EDGE('',*,*,#191,.F.);
#198 = CYLINDRICAL_SURFACE('',#199,12.000000000012);
#199 = AXIS2_PLACEMENT_3D('',#200,#201,#202);
#200 = CARTESIAN_POINT('',(-1.665334536934E-16,-1.499999999996,
    1.665334536934E-16));
#201 = DIRECTION('',(1.110223024625E-16,1.,-1.110223024625E-16));
#202 = DIRECTION('',(1.387778780777E-17,1.110223024625E-16,1.));
#203 = ADVANCED_FACE('',(#204,#215),#218,.T.);
#204 = FACE_BOUND('',#205,.T.);
#205 = EDGE_LOOP('',(#206));
#206 = ORIENTED_EDGE('',*,*,#207,.T.);
#207 = EDGE_CURVE('',#208,#208,#210,.T.);
#208 = VERTEX_POINT('',#209);
#209 = CARTESIAN_POINT('',(0.,2.750414361612,13.920575321017));
#210 = CIRCLE('',#211,13.920575321017);
#211 = AXIS2_PLACEMENT_3D('',#212,#213,#214);
#212 = CARTESIAN_POINT('',(3.053573351521E-16,2.750414361612,
    -3.053573351521E-16));
#213 = DIRECTION('',(1.110223024625E-16,1.,-1.110223024625E-16));
#214 = DIRECTION('',(-2.193568355548E-17,1.110223024625E-16,1.));
#215 = FACE_BOUND('',#216,.T.);
#216 = EDGE_LOOP('',(#217));
#217 = ORIENTED_EDGE('',*,*,#167,.F.);
#218 = PLANE('',#219);
#219 = AXIS2_PLACEMENT_3D('',#220,#221,#222);
#220 = CARTESIAN_POINT('',(3.053573351521E-16,2.750414361612,
    -3.053573351521E-16));
#221 = DIRECTION('',(-1.110223024625E-16,-1.,1.110223024625E-16));
#222 = DIRECTION('',(2.193568355548E-17,-1.110223024625E-16,-1.));
#223 = ADVANCED_FACE('',(#224,#235),#238,.F.);
#224 = FACE_BOUND('',#225,.F.);
#225 = EDGE_LOOP('',(#226));
#226 = ORIENTED_EDGE('',*,*,#227,.T.);
#227 = EDGE_CURVE('',#228,#228,#230,.T.);
#228 = VERTEX_POINT('',#229);
#229 = CARTESIAN_POINT('',(0.,-1.499999999996,13.000000000012));
#230 = CIRCLE('',#231,13.000000000012);
#231 = AXIS2_PLACEMENT_3D('',#232,#233,#234);
#232 = CARTESIAN_POINT('',(-1.665334536934E-16,-1.499999999996,
    1.665334536934E-16));
#233 = DIRECTION('',(1.110223024625E-16,1.,-1.110223024625E-16));
#234 = DIRECTION('',(1.281026566871E-17,1.110223024625E-16,1.));
#235 = FACE_BOUND('',#236,.F.);
#236 = EDGE_LOOP('',(#237));
#237 = ORIENTED_EDGE('',*,*,#182,.F.);
#238 = PLANE('',#239);
#239 = AXIS2_PLACEMENT_3D('',#240,#241,#242);
#240 = CARTESIAN_POINT('',(-1.665334536934E-16,-1.499999999996,
    1.665334536934E-16));
#241 = DIRECTION('',(1.110223024625E-16,1.,-1.110223024625E-16));
#242 = DIRECTION('',(1.281026566871E-17,1.110223024625E-16,1.));
#243 = ADVANCED_FACE('',(#244),#264,.F.);
#244 = FACE_BOUND('',#245,.F.);
#245 = EDGE_LOOP('',(#246,#247,#256,#263));
#246 = ORIENTED_EDGE('',*,*,#207,.T.);
#247 = ORIENTED_EDGE('',*,*,#248,.T.);
#248 = EDGE_CURVE('',#208,#249,#251,.T.);
#249 = VERTEX_POINT('',#250);
#250 = CARTESIAN_POINT('',(0.,-2.750414361612,13.920575321017));
#251 = CIRCLE('',#252,47.662058802943);
#252 = AXIS2_PLACEMENT_3D('',#253,#254,#255);
#253 = CARTESIAN_POINT('',(0.,-1.297229812297E-14,-33.66205880294));
#254 = DIRECTION('',(1.,0.,0.));
#255 = DIRECTION('',(0.,1.,0.));
#256 = ORIENTED_EDGE('',*,*,#257,.F.);
#257 = EDGE_CURVE('',#249,#249,#258,.T.);
#258 = CIRCLE('',#259,13.920575321017);
#259 = AXIS2_PLACEMENT_3D('',#260,#261,#262);
#260 = CARTESIAN_POINT('',(-3.053573351521E-16,-2.750414361612,
    3.053573351521E-16));
#261 = DIRECTION('',(1.110223024625E-16,1.,-1.110223024625E-16));
#262 = DIRECTION('',(2.193568355548E-17,1.110223024625E-16,1.));
#263 = ORIENTED_EDGE('',*,*,#248,.F.);
#264 = SURFACE_OF_REVOLUTION('',#265,#270);
#265 = CIRCLE('',#266,47.662058802943);
#266 = AXIS2_PLACEMENT_3D('',#267,#268,#269);
#267 = CARTESIAN_POINT('',(0.,-1.297229812297E-14,-33.66205880294));
#268 = DIRECTION('',(1.,0.,0.));
#269 = DIRECTION('',(0.,1.,0.));
#270 = AXIS1_PLACEMENT('',#271,#272);
#271 = CARTESIAN_POINT('',(0.,0.,0.));
#272 = DIRECTION('',(1.110223024625E-16,1.,-1.110223024625E-16));
#273 = ADVANCED_FACE('',(#274),#293,.F.);
#274 = FACE_BOUND('',#275,.F.);
#275 = EDGE_LOOP('',(#276,#285,#291,#292));
#276 = ORIENTED_EDGE('',*,*,#277,.T.);
#277 = EDGE_CURVE('',#278,#278,#280,.T.);
#278 = VERTEX_POINT('',#279);
#279 = CARTESIAN_POINT('',(0.,-4.999999999996,13.000000000012));
#280 = CIRCLE('',#281,13.000000000012);
#281 = AXIS2_PLACEMENT_3D('',#282,#283,#284);
#282 = CARTESIAN_POINT('',(-5.551115123122E-16,-4.999999999996,
    5.551115123122E-16));
#283 = DIRECTION('',(1.110223024625E-16,1.,-1.110223024625E-16));
#284 = DIRECTION('',(4.270088556244E-17,1.110223024625E-16,1.));
#285 = ORIENTED_EDGE('',*,*,#286,.T.);
#286 = EDGE_CURVE('',#278,#228,#287,.T.);
#287 = LINE('',#288,#289);
#288 = CARTESIAN_POINT('',(0.,-4.999999999996,13.000000000012));
#289 = VECTOR('',#290,1.);
#290 = DIRECTION('',(0.,1.,0.));
#291 = ORIENTED_EDGE('',*,*,#227,.F.);
#292 = ORIENTED_EDGE('',*,*,#286,.F.);
#293 = CYLINDRICAL_SURFACE('',#294,13.000000000012);
#294 = AXIS2_PLACEMENT_3D('',#295,#296,#297);
#295 = CARTESIAN_POINT('',(-5.551115123122E-16,-4.999999999996,
    5.551115123122E-16));
#296 = DIRECTION('',(1.110223024625E-16,1.,-1.110223024625E-16));
#297 = DIRECTION('',(4.270088556244E-17,1.110223024625E-16,1.));
#298 = ADVANCED_FACE('',(#299,#302),#313,.F.);
#299 = FACE_BOUND('',#300,.F.);
#300 = EDGE_LOOP('',(#301));
#301 = ORIENTED_EDGE('',*,*,#257,.T.);
#302 = FACE_BOUND('',#303,.F.);
#303 = EDGE_LOOP('',(#304));
#304 = ORIENTED_EDGE('',*,*,#305,.F.);
#305 = EDGE_CURVE('',#306,#306,#308,.T.);
#306 = VERTEX_POINT('',#307);
#307 = CARTESIAN_POINT('',(0.,-2.750414361612,14.774572632585));
#308 = CIRCLE('',#309,14.774572632585);
#309 = AXIS2_PLACEMENT_3D('',#310,#311,#312);
#310 = CARTESIAN_POINT('',(-3.053573351521E-16,-2.750414361612,
    3.053573351521E-16));
#311 = DIRECTION('',(1.110223024625E-16,1.,-1.110223024625E-16));
#312 = DIRECTION('',(2.06677609394E-17,1.110223024625E-16,1.));
#313 = PLANE('',#314);
#314 = AXIS2_PLACEMENT_3D('',#315,#316,#317);
#315 = CARTESIAN_POINT('',(-3.053573351521E-16,-2.750414361612,
    3.053573351521E-16));
#316 = DIRECTION('',(-1.110223024625E-16,-1.,1.110223024625E-16));
#317 = DIRECTION('',(-2.193568355548E-17,-1.110223024625E-16,-1.));
#318 = ADVANCED_FACE('',(#319),#339,.T.);
#319 = FACE_BOUND('',#320,.F.);
#320 = EDGE_LOOP('',(#321,#330,#337,#338));
#321 = ORIENTED_EDGE('',*,*,#322,.F.);
#322 = EDGE_CURVE('',#323,#278,#325,.T.);
#323 = VERTEX_POINT('',#324);
#324 = CARTESIAN_POINT('',(0.,-4.750414361612,13.762675384274));
#325 = CIRCLE('',#326,1.214924594347);
#326 = AXIS2_PLACEMENT_3D('',#327,#328,#329);
#327 = CARTESIAN_POINT('',(0.,-3.785325982573,13.024673900133));
#328 = DIRECTION('',(1.,0.,0.));
#329 = DIRECTION('',(0.,1.,0.));
#330 = ORIENTED_EDGE('',*,*,#331,.F.);
#331 = EDGE_CURVE('',#323,#323,#332,.T.);
#332 = CIRCLE('',#333,13.762675384274);
#333 = AXIS2_PLACEMENT_3D('',#334,#335,#336);
#334 = CARTESIAN_POINT('',(-5.274019400771E-16,-4.750414361612,
    5.274019400771E-16));
#335 = DIRECTION('',(1.110223024625E-16,1.,-1.110223024625E-16));
#336 = DIRECTION('',(3.832117850282E-17,1.110223024625E-16,1.));
#337 = ORIENTED_EDGE('',*,*,#322,.T.);
#338 = ORIENTED_EDGE('',*,*,#277,.T.);
#339 = TOROIDAL_SURFACE('',#340,13.024673900133,1.214924594347);
#340 = AXIS2_PLACEMENT_3D('',#341,#342,#343);
#341 = CARTESIAN_POINT('',(-4.202556061565E-16,-3.785325982573,
    4.202556061565E-16));
#342 = DIRECTION('',(-1.110223024625E-16,-1.,1.110223024625E-16));
#343 = DIRECTION('',(3.226611348421E-17,1.110223024625E-16,1.));
#344 = ADVANCED_FACE('',(#345),#365,.T.);
#345 = FACE_BOUND('',#346,.F.);
#346 = EDGE_LOOP('',(#347,#356,#357,#358));
#347 = ORIENTED_EDGE('',*,*,#348,.F.);
#348 = EDGE_CURVE('',#306,#349,#351,.T.);
#349 = VERTEX_POINT('',#350);
#350 = CARTESIAN_POINT('',(0.,-2.897352118427,14.911394596071));
#351 = CIRCLE('',#352,0.137170169682);
#352 = AXIS2_PLACEMENT_3D('',#353,#354,#355);
#353 = CARTESIAN_POINT('',(0.,-2.887584531294,14.774572632585));
#354 = DIRECTION('',(1.,0.,0.));
#355 = DIRECTION('',(0.,1.,0.));
#356 = ORIENTED_EDGE('',*,*,#305,.F.);
#357 = ORIENTED_EDGE('',*,*,#348,.T.);
#358 = ORIENTED_EDGE('',*,*,#359,.T.);
#359 = EDGE_CURVE('',#349,#349,#360,.T.);
#360 = CIRCLE('',#361,14.911394596071);
#361 = AXIS2_PLACEMENT_3D('',#362,#363,#364);
#362 = CARTESIAN_POINT('',(-3.216707032324E-16,-2.897352118427,
    3.216707032324E-16));
#363 = DIRECTION('',(1.110223024625E-16,1.,-1.110223024625E-16));
#364 = DIRECTION('',(2.157214076523E-17,1.110223024625E-16,1.));
#365 = TOROIDAL_SURFACE('',#366,14.774572632585,0.137170169682);
#366 = AXIS2_PLACEMENT_3D('',#367,#368,#369);
#367 = CARTESIAN_POINT('',(-3.205862832194E-16,-2.887584531294,
    3.205862832194E-16));
#368 = DIRECTION('',(-1.110223024625E-16,-1.,1.110223024625E-16));
#369 = DIRECTION('',(2.169851481946E-17,1.110223024625E-16,1.));
#370 = ADVANCED_FACE('',(#371),#391,.T.);
#371 = FACE_BOUND('',#372,.F.);
#372 = EDGE_LOOP('',(#373,#382,#389,#390));
#373 = ORIENTED_EDGE('',*,*,#374,.T.);
#374 = EDGE_CURVE('',#375,#375,#377,.T.);
#375 = VERTEX_POINT('',#376);
#376 = CARTESIAN_POINT('',(0.,-4.273170541856,14.696059288245));
#377 = CIRCLE('',#378,14.696059288245);
#378 = AXIS2_PLACEMENT_3D('',#379,#380,#381);
#379 = CARTESIAN_POINT('',(-4.744172323718E-16,-4.273170541856,
    4.744172323718E-16));
#380 = DIRECTION('',(1.110223024625E-16,1.,-1.110223024625E-16));
#381 = DIRECTION('',(3.228193511381E-17,1.110223024625E-16,1.));
#382 = ORIENTED_EDGE('',*,*,#383,.T.);
#383 = EDGE_CURVE('',#375,#323,#384,.T.);
#384 = CIRCLE('',#385,2.93230259781);
#385 = AXIS2_PLACEMENT_3D('',#386,#387,#388);
#386 = CARTESIAN_POINT('',(0.,-1.943023593294,12.915943077648));
#387 = DIRECTION('',(1.,0.,0.));
#388 = DIRECTION('',(0.,1.,0.));
#389 = ORIENTED_EDGE('',*,*,#331,.F.);
#390 = ORIENTED_EDGE('',*,*,#383,.F.);
#391 = TOROIDAL_SURFACE('',#392,12.915943077648,2.93230259781);
#392 = AXIS2_PLACEMENT_3D('',#393,#394,#395);
#393 = CARTESIAN_POINT('',(-2.157189530664E-16,-1.943023593294,
    2.157189530664E-16));
#394 = DIRECTION('',(-1.110223024625E-16,-1.,1.110223024625E-16));
#395 = DIRECTION('',(1.670175780193E-17,1.110223024625E-16,1.));
#396 = ADVANCED_FACE('',(#397),#409,.F.);
#397 = FACE_BOUND('',#398,.F.);
#398 = EDGE_LOOP('',(#399,#406,#407,#408));
#399 = ORIENTED_EDGE('',*,*,#400,.F.);
#400 = EDGE_CURVE('',#349,#375,#401,.T.);
#401 = CIRCLE('',#402,8.300167724909);
#402 = AXIS2_PLACEMENT_3D('',#403,#404,#405);
#403 = CARTESIAN_POINT('',(0.,-2.306315367057,6.63229683));
#404 = DIRECTION('',(1.,0.,0.));
#405 = DIRECTION('',(0.,1.,0.));
#406 = ORIENTED_EDGE('',*,*,#359,.T.);
#407 = ORIENTED_EDGE('',*,*,#400,.T.);
#408 = ORIENTED_EDGE('',*,*,#374,.F.);
#409 = SURFACE_OF_REVOLUTION('',#410,#415);
#410 = CIRCLE('',#411,8.300167724909);
#411 = AXIS2_PLACEMENT_3D('',#412,#413,#414);
#412 = CARTESIAN_POINT('',(0.,-2.306315367057,6.63229683));
#413 = DIRECTION('',(1.,0.,0.));
#414 = DIRECTION('',(0.,1.,0.));
#415 = AXIS1_PLACEMENT('',#416,#417);
#416 = CARTESIAN_POINT('',(0.,0.,0.));
#417 = DIRECTION('',(1.110223024625E-16,1.,-1.110223024625E-16));
#418 = MANIFOLD_SOLID_BREP('',#419);
#419 = CLOSED_SHELL('',(#420,#465,#512,#538,#596,#613,#630,#647));
#420 = ADVANCED_FACE('',(#421),#460,.F.);
#421 = FACE_BOUND('',#422,.F.);
#422 = EDGE_LOOP('',(#423,#433,#441,#454));
#423 = ORIENTED_EDGE('',*,*,#424,.F.);
#424 = EDGE_CURVE('',#425,#427,#429,.T.);
#425 = VERTEX_POINT('',#426);
#426 = CARTESIAN_POINT('',(-4.220446082975E-16,-1.750414361612,-14.3));
#427 = VERTEX_POINT('',#428);
#428 = CARTESIAN_POINT('',(-1.,-1.750414361612,-14.3));
#429 = LINE('',#430,#431);
#430 = CARTESIAN_POINT('',(-4.E-16,-1.750414361612,-14.3));
#431 = VECTOR('',#432,1.);
#432 = DIRECTION('',(-1.,0.,0.));
#433 = ORIENTED_EDGE('',*,*,#434,.T.);
#434 = EDGE_CURVE('',#425,#435,#437,.T.);
#435 = VERTEX_POINT('',#436);
#436 = CARTESIAN_POINT('',(-4.220446082975E-16,-1.750414361612,
    -15.02614234685));
#437 = LINE('',#438,#439);
#438 = CARTESIAN_POINT('',(-4.220446082975E-16,-1.750414361612,-14.3));
#439 = VECTOR('',#440,1.);
#440 = DIRECTION('',(-0.,-0.,-1.));
#441 = ORIENTED_EDGE('',*,*,#442,.T.);
#442 = EDGE_CURVE('',#435,#443,#445,.T.);
#443 = VERTEX_POINT('',#444);
#444 = CARTESIAN_POINT('',(-1.,-1.750414361612,-14.99283008066));
#445 = B_SPLINE_CURVE_WITH_KNOTS('',7,(#446,#447,#448,#449,#450,#451,
    #452,#453),.UNSPECIFIED.,.F.,.F.,(8,8),(0.,1.),
  .PIECEWISE_BEZIER_KNOTS.);
#446 = CARTESIAN_POINT('',(-4.E-16,-1.750414361612,-15.02614234685));
#447 = CARTESIAN_POINT('',(-0.142962838072,-1.750414361612,
    -15.02614234685));
#448 = CARTESIAN_POINT('',(-0.285925594988,-1.750414361612,
    -15.0245554939));
#449 = CARTESIAN_POINT('',(-0.428867405012,-1.750414361612,
    -15.02138158268));
#450 = CARTESIAN_POINT('',(-0.571766543464,-1.750414361612,
    -15.01662155202));
#451 = CARTESIAN_POINT('',(-0.714602852999,-1.750414361612,
    -15.01027512766));
#452 = CARTESIAN_POINT('',(-0.857354232512,-1.750414361612,
    -15.00234439126));
#453 = CARTESIAN_POINT('',(-1.,-1.750414361612,-14.99283008066));
#454 = ORIENTED_EDGE('',*,*,#455,.F.);
#455 = EDGE_CURVE('',#427,#443,#456,.T.);
#456 = LINE('',#457,#458);
#457 = CARTESIAN_POINT('',(-1.,-1.750414361612,-14.3));
#458 = VECTOR('',#459,1.);
#459 = DIRECTION('',(-0.,-0.,-1.));
#460 = PLANE('',#461);
#461 = AXIS2_PLACEMENT_3D('',#462,#463,#464);
#462 = CARTESIAN_POINT('',(-4.E-16,-1.750414361612,-14.3));
#463 = DIRECTION('',(0.,1.,0.));
#464 = DIRECTION('',(-1.,0.,0.));
#465 = ADVANCED_FACE('',(#466),#507,.T.);
#466 = FACE_BOUND('',#467,.F.);
#467 = EDGE_LOOP('',(#468,#469,#477,#485,#493,#501));
#468 = ORIENTED_EDGE('',*,*,#424,.T.);
#469 = ORIENTED_EDGE('',*,*,#470,.T.);
#470 = EDGE_CURVE('',#427,#471,#473,.T.);
#471 = VERTEX_POINT('',#472);
#472 = CARTESIAN_POINT('',(-2.5,0.,-14.3));
#473 = LINE('',#474,#475);
#474 = CARTESIAN_POINT('',(-1.,-1.750414361612,-14.3));
#475 = VECTOR('',#476,1.);
#476 = DIRECTION('',(-0.650702550975,0.759332726909,0.));
#477 = ORIENTED_EDGE('',*,*,#478,.T.);
#478 = EDGE_CURVE('',#471,#479,#481,.T.);
#479 = VERTEX_POINT('',#480);
#480 = CARTESIAN_POINT('',(-1.,1.500414361612,-14.3));
#481 = LINE('',#482,#483);
#482 = CARTESIAN_POINT('',(-2.5,0.,-14.3));
#483 = VECTOR('',#484,1.);
#484 = DIRECTION('',(0.707009121964,0.707204426923,0.));
#485 = ORIENTED_EDGE('',*,*,#486,.T.);
#486 = EDGE_CURVE('',#479,#487,#489,.T.);
#487 = VERTEX_POINT('',#488);
#488 = CARTESIAN_POINT('',(0.,1.500414361612,-14.3));
#489 = LINE('',#490,#491);
#490 = CARTESIAN_POINT('',(-1.,1.500414361612,-14.3));
#491 = VECTOR('',#492,1.);
#492 = DIRECTION('',(1.,0.,0.));
#493 = ORIENTED_EDGE('',*,*,#494,.T.);
#494 = EDGE_CURVE('',#487,#495,#497,.T.);
#495 = VERTEX_POINT('',#496);
#496 = CARTESIAN_POINT('',(-1.5,0.,-14.3));
#497 = LINE('',#498,#499);
#498 = CARTESIAN_POINT('',(0.,1.500414361612,-14.3));
#499 = VECTOR('',#500,1.);
#500 = DIRECTION('',(-0.707009121964,-0.707204426923,0.));
#501 = ORIENTED_EDGE('',*,*,#502,.T.);
#502 = EDGE_CURVE('',#495,#425,#503,.T.);
#503 = LINE('',#504,#505);
#504 = CARTESIAN_POINT('',(-1.5,0.,-14.3));
#505 = VECTOR('',#506,1.);
#506 = DIRECTION('',(0.650702550975,-0.759332726909,0.));
#507 = PLANE('',#508);
#508 = AXIS2_PLACEMENT_3D('',#509,#510,#511);
#509 = CARTESIAN_POINT('',(-1.111797366489,-0.101510508611,-14.3));
#510 = DIRECTION('',(0.,0.,1.));
#511 = DIRECTION('',(1.,0.,0.));
#512 = ADVANCED_FACE('',(#513),#533,.F.);
#513 = FACE_BOUND('',#514,.F.);
#514 = EDGE_LOOP('',(#515,#516,#517,#527));
#515 = ORIENTED_EDGE('',*,*,#470,.F.);
#516 = ORIENTED_EDGE('',*,*,#455,.T.);
#517 = ORIENTED_EDGE('',*,*,#518,.F.);
#518 = EDGE_CURVE('',#519,#443,#521,.T.);
#519 = VERTEX_POINT('',#520);
#520 = CARTESIAN_POINT('',(-2.5,0.,-14.88333538975));
#521 = B_SPLINE_CURVE_WITH_KNOTS('',4,(#522,#523,#524,#525,#526),
  .UNSPECIFIED.,.F.,.F.,(5,5),(0.,1.),.PIECEWISE_BEZIER_KNOTS.);
#522 = CARTESIAN_POINT('',(-2.5,2.22044604925E-16,-14.88333538975));
#523 = CARTESIAN_POINT('',(-2.126567501899,-0.435774405179,
    -14.94606200471));
#524 = CARTESIAN_POINT('',(-1.751457341803,-0.873506546124,
    -14.9852298855));
#525 = CARTESIAN_POINT('',(-1.375622425469,-1.312084436222,
    -15.00080021674));
#526 = CARTESIAN_POINT('',(-1.,-1.750414361612,-14.99283008066));
#527 = ORIENTED_EDGE('',*,*,#528,.F.);
#528 = EDGE_CURVE('',#471,#519,#529,.T.);
#529 = LINE('',#530,#531);
#530 = CARTESIAN_POINT('',(-2.5,0.,-14.3));
#531 = VECTOR('',#532,1.);
#532 = DIRECTION('',(-0.,-0.,-1.));
#533 = PLANE('',#534);
#534 = AXIS2_PLACEMENT_3D('',#535,#536,#537);
#535 = CARTESIAN_POINT('',(-1.,-1.750414361612,-14.3));
#536 = DIRECTION('',(0.759332726909,0.650702550975,0.));
#537 = DIRECTION('',(-0.650702550975,0.759332726909,0.));
#538 = ADVANCED_FACE('',(#539),#587,.T.);
#539 = FACE_BOUND('',#540,.T.);
#540 = EDGE_LOOP('',(#541,#554,#555,#556,#566,#579));
#541 = ORIENTED_EDGE('',*,*,#542,.T.);
#542 = EDGE_CURVE('',#543,#435,#545,.T.);
#543 = VERTEX_POINT('',#544);
#544 = CARTESIAN_POINT('',(-1.5,0.,-15.01711264936));
#545 = B_SPLINE_CURVE_WITH_KNOTS('',4,(#546,#547,#548,#549,#550,#551,
    #552,#553),.UNSPECIFIED.,.F.,.F.,(5,3,5),(0.,0.859040906687,1.),
  .UNSPECIFIED.);
#546 = CARTESIAN_POINT('',(-1.5,0.,-15.01711264936));
#547 = CARTESIAN_POINT('',(-1.178336587072,-0.375362838397,
    -15.0492423358));
#548 = CARTESIAN_POINT('',(-0.8559409866,-0.751580097853,-15.0640816431)
  );
#549 = CARTESIAN_POINT('',(-0.533405921918,-1.127960104082,
    -15.06161648317));
#550 = CARTESIAN_POINT('',(-0.158469223525,-1.565489825124,
    -15.03864531927));
#551 = CARTESIAN_POINT('',(-0.105630582416,-1.627149502621,
    -15.03494238006));
#552 = CARTESIAN_POINT('',(-5.280664049619E-02,-1.688792027003,
    -15.03077465728));
#553 = CARTESIAN_POINT('',(-4.440892098501E-16,-1.750414361612,
    -15.02614234685));
#554 = ORIENTED_EDGE('',*,*,#442,.T.);
#555 = ORIENTED_EDGE('',*,*,#518,.F.);
#556 = ORIENTED_EDGE('',*,*,#557,.F.);
#557 = EDGE_CURVE('',#558,#519,#560,.T.);
#558 = VERTEX_POINT('',#559);
#559 = CARTESIAN_POINT('',(-1.,1.500414361612,-15.01031335761));
#560 = B_SPLINE_CURVE_WITH_KNOTS('',4,(#561,#562,#563,#564,#565),
  .UNSPECIFIED.,.F.,.F.,(5,5),(0.,1.),.PIECEWISE_BEZIER_KNOTS.);
#561 = CARTESIAN_POINT('',(-1.,1.500414361612,-15.01031335761));
#562 = CARTESIAN_POINT('',(-1.375884047456,1.124426479542,
    -15.00953439271));
#563 = CARTESIAN_POINT('',(-1.751747580252,0.7484591178,-14.98811691359)
  );
#564 = CARTESIAN_POINT('',(-2.1267401669,0.373362942798,-14.94603300144)
  );
#565 = CARTESIAN_POINT('',(-2.5,0.,-14.88333538975));
#566 = ORIENTED_EDGE('',*,*,#567,.F.);
#567 = EDGE_CURVE('',#568,#558,#570,.T.);
#568 = VERTEX_POINT('',#569);
#569 = CARTESIAN_POINT('',(0.,1.500414361612,-15.04358690916));
#570 = B_SPLINE_CURVE_WITH_KNOTS('',7,(#571,#572,#573,#574,#575,#576,
    #577,#578),.UNSPECIFIED.,.F.,.F.,(8,8),(0.,1.),
  .PIECEWISE_BEZIER_KNOTS.);
#571 = CARTESIAN_POINT('',(0.,1.500414361612,-15.04358690916));
#572 = CARTESIAN_POINT('',(-0.142962592918,1.500414361612,
    -15.04358690916));
#573 = CARTESIAN_POINT('',(-0.285925103993,1.500414361612,
    -15.04200190203));
#574 = CARTESIAN_POINT('',(-0.428866718692,1.500414361612,
    -15.03883168101));
#575 = CARTESIAN_POINT('',(-0.57176575715,1.500414361612,-15.03407718791
    ));
#576 = CARTESIAN_POINT('',(-0.714602118176,1.500414361612,
    -15.02773813876));
#577 = CARTESIAN_POINT('',(-0.857353742397,1.500414361612,
    -15.01981661952));
#578 = CARTESIAN_POINT('',(-1.,1.500414361612,-15.01031335761));
#579 = ORIENTED_EDGE('',*,*,#580,.T.);
#580 = EDGE_CURVE('',#568,#543,#581,.T.);
#581 = B_SPLINE_CURVE_WITH_KNOTS('',4,(#582,#583,#584,#585,#586),
  .UNSPECIFIED.,.F.,.F.,(5,5),(0.,1.),.PIECEWISE_BEZIER_KNOTS.);
#582 = CARTESIAN_POINT('',(0.,1.500414361612,-15.04358690916));
#583 = CARTESIAN_POINT('',(-0.374849855072,1.125460957613,
    -15.06772939139));
#584 = CARTESIAN_POINT('',(-0.750361066251,0.749846014813,
    -15.07138307954));
#585 = CARTESIAN_POINT('',(-1.125692986323,0.374410412648,
    -15.05450069685));
#586 = CARTESIAN_POINT('',(-1.5,-2.22044604925E-16,-15.01711264936));
#587 = SURFACE_OF_REVOLUTION('',#588,#593);
#588 = CIRCLE('',#589,23.350974086829);
#589 = AXIS2_PLACEMENT_3D('',#590,#591,#592);
#590 = CARTESIAN_POINT('',(0.,-1.088741204263E-14,-8.259132836545));
#591 = DIRECTION('',(1.,0.,0.));
#592 = DIRECTION('',(0.,1.,0.));
#593 = AXIS1_PLACEMENT('',#594,#595);
#594 = CARTESIAN_POINT('',(0.,0.,0.));
#595 = DIRECTION('',(-1.110223024625E-16,-1.,1.110223024625E-16));
#596 = ADVANCED_FACE('',(#597),#608,.F.);
#597 = FACE_BOUND('',#598,.F.);
#598 = EDGE_LOOP('',(#599,#600,#606,#607));
#599 = ORIENTED_EDGE('',*,*,#502,.F.);
#600 = ORIENTED_EDGE('',*,*,#601,.T.);
#601 = EDGE_CURVE('',#495,#543,#602,.T.);
#602 = LINE('',#603,#604);
#603 = CARTESIAN_POINT('',(-1.5,0.,-14.3));
#604 = VECTOR('',#605,1.);
#605 = DIRECTION('',(-0.,-0.,-1.));
#606 = ORIENTED_EDGE('',*,*,#542,.T.);
#607 = ORIENTED_EDGE('',*,*,#434,.F.);
#608 = PLANE('',#609);
#609 = AXIS2_PLACEMENT_3D('',#610,#611,#612);
#610 = CARTESIAN_POINT('',(-1.5,0.,-14.3));
#611 = DIRECTION('',(-0.759332726909,-0.650702550975,0.));
#612 = DIRECTION('',(0.650702550975,-0.759332726909,0.));
#613 = ADVANCED_FACE('',(#614),#625,.F.);
#614 = FACE_BOUND('',#615,.F.);
#615 = EDGE_LOOP('',(#616,#617,#618,#619));
#616 = ORIENTED_EDGE('',*,*,#478,.F.);
#617 = ORIENTED_EDGE('',*,*,#528,.T.);
#618 = ORIENTED_EDGE('',*,*,#557,.F.);
#619 = ORIENTED_EDGE('',*,*,#620,.F.);
#620 = EDGE_CURVE('',#479,#558,#621,.T.);
#621 = LINE('',#622,#623);
#622 = CARTESIAN_POINT('',(-1.,1.500414361612,-14.3));
#623 = VECTOR('',#624,1.);
#624 = DIRECTION('',(-0.,-0.,-1.));
#625 = PLANE('',#626);
#626 = AXIS2_PLACEMENT_3D('',#627,#628,#629);
#627 = CARTESIAN_POINT('',(-2.5,0.,-14.3));
#628 = DIRECTION('',(0.707204426923,-0.707009121964,0.));
#629 = DIRECTION('',(0.707009121964,0.707204426923,0.));
#630 = ADVANCED_FACE('',(#631),#642,.F.);
#631 = FACE_BOUND('',#632,.F.);
#632 = EDGE_LOOP('',(#633,#634,#635,#636));
#633 = ORIENTED_EDGE('',*,*,#486,.F.);
#634 = ORIENTED_EDGE('',*,*,#620,.T.);
#635 = ORIENTED_EDGE('',*,*,#567,.F.);
#636 = ORIENTED_EDGE('',*,*,#637,.F.);
#637 = EDGE_CURVE('',#487,#568,#638,.T.);
#638 = LINE('',#639,#640);
#639 = CARTESIAN_POINT('',(0.,1.500414361612,-14.3));
#640 = VECTOR('',#641,1.);
#641 = DIRECTION('',(-0.,-0.,-1.));
#642 = PLANE('',#643);
#643 = AXIS2_PLACEMENT_3D('',#644,#645,#646);
#644 = CARTESIAN_POINT('',(-1.,1.500414361612,-14.3));
#645 = DIRECTION('',(0.,-1.,0.));
#646 = DIRECTION('',(1.,0.,0.));
#647 = ADVANCED_FACE('',(#648),#654,.F.);
#648 = FACE_BOUND('',#649,.F.);
#649 = EDGE_LOOP('',(#650,#651,#652,#653));
#650 = ORIENTED_EDGE('',*,*,#494,.F.);
#651 = ORIENTED_EDGE('',*,*,#637,.T.);
#652 = ORIENTED_EDGE('',*,*,#580,.T.);
#653 = ORIENTED_EDGE('',*,*,#601,.F.);
#654 = PLANE('',#655);
#655 = AXIS2_PLACEMENT_3D('',#656,#657,#658);
#656 = CARTESIAN_POINT('',(0.,1.500414361612,-14.3));
#657 = DIRECTION('',(-0.707204426923,0.707009121964,0.));
#658 = DIRECTION('',(-0.707009121964,-0.707204426923,0.));
#659 = MANIFOLD_SOLID_BREP('',#660);
#660 = CLOSED_SHELL('',(#661,#706,#753,#779,#837,#854,#871,#888));
#661 = ADVANCED_FACE('',(#662),#701,.F.);
#662 = FACE_BOUND('',#663,.F.);
#663 = EDGE_LOOP('',(#664,#674,#682,#695));
#664 = ORIENTED_EDGE('',*,*,#665,.F.);
#665 = EDGE_CURVE('',#666,#668,#670,.T.);
#666 = VERTEX_POINT('',#667);
#667 = CARTESIAN_POINT('',(-2.789791604831,-1.750414361612,
    -14.02522950976));
#668 = VERTEX_POINT('',#669);
#669 = CARTESIAN_POINT('',(-3.770576885234,-1.750414361612,
    -13.83013918775));
#670 = LINE('',#671,#672);
#671 = CARTESIAN_POINT('',(-2.789791604831,-1.750414361612,
    -14.02522950976));
#672 = VECTOR('',#673,1.);
#673 = DIRECTION('',(-0.980785280403,1.952611432758E-17,0.195090322016)
  );
#674 = ORIENTED_EDGE('',*,*,#675,.T.);
#675 = EDGE_CURVE('',#666,#676,#678,.T.);
#676 = VERTEX_POINT('',#677);
#677 = CARTESIAN_POINT('',(-2.931454949107,-1.750414361612,
    -14.73741923503));
#678 = LINE('',#679,#680);
#679 = CARTESIAN_POINT('',(-2.789791604831,-1.750414361612,
    -14.02522950976));
#680 = VECTOR('',#681,1.);
#681 = DIRECTION('',(-0.195090322016,2.379263914919E-17,-0.980785280403)
  );
#682 = ORIENTED_EDGE('',*,*,#683,.T.);
#683 = EDGE_CURVE('',#676,#684,#686,.T.);
#684 = VERTEX_POINT('',#685);
#685 = CARTESIAN_POINT('',(-3.905741328774,-1.750414361612,
    -14.50965673269));
#686 = B_SPLINE_CURVE_WITH_KNOTS('',7,(#687,#688,#689,#690,#691,#692,
    #693,#694),.UNSPECIFIED.,.F.,.F.,(8,8),(0.,1.),
  .PIECEWISE_BEZIER_KNOTS.);
#687 = CARTESIAN_POINT('',(-2.931454949107,-1.750414361612,
    -14.73741923503));
#688 = CARTESIAN_POINT('',(-3.071670707671,-1.750414361612,
    -14.70952858598));
#689 = CARTESIAN_POINT('',(-3.211576935464,-1.750414361612,
    -14.68008155442));
#690 = CARTESIAN_POINT('',(-3.351152939034,-1.750414361612,
    -14.64908213281));
#691 = CARTESIAN_POINT('',(-3.490377794862,-1.750414361612,
    -14.61653517388));
#692 = CARTESIAN_POINT('',(-3.629231286721,-1.750414361612,
    -14.58244487759));
#693 = CARTESIAN_POINT('',(-3.76769254341,-1.750414361612,
    -14.54681703286));
#694 = CARTESIAN_POINT('',(-3.905741328774,-1.750414361612,
    -14.50965673269));
#695 = ORIENTED_EDGE('',*,*,#696,.F.);
#696 = EDGE_CURVE('',#668,#684,#697,.T.);
#697 = LINE('',#698,#699);
#698 = CARTESIAN_POINT('',(-3.770576885234,-1.750414361612,
    -13.83013918775));
#699 = VECTOR('',#700,1.);
#700 = DIRECTION('',(-0.195090322016,2.379263914919E-17,-0.980785280403)
  );
#701 = PLANE('',#702);
#702 = AXIS2_PLACEMENT_3D('',#703,#704,#705);
#703 = CARTESIAN_POINT('',(-2.789791604831,-1.750414361612,
    -14.02522950976));
#704 = DIRECTION('',(2.379263914919E-17,1.,1.952611432758E-17));
#705 = DIRECTION('',(-0.980785280403,1.952611432758E-17,0.195090322016)
  );
#706 = ADVANCED_FACE('',(#707),#748,.T.);
#707 = FACE_BOUND('',#708,.F.);
#708 = EDGE_LOOP('',(#709,#710,#718,#726,#734,#742));
#709 = ORIENTED_EDGE('',*,*,#665,.T.);
#710 = ORIENTED_EDGE('',*,*,#711,.T.);
#711 = EDGE_CURVE('',#668,#712,#714,.T.);
#712 = VERTEX_POINT('',#713);
#713 = CARTESIAN_POINT('',(-5.241754805839,3.890500256524E-16,
    -13.53750370472));
#714 = LINE('',#715,#716);
#715 = CARTESIAN_POINT('',(-3.770576885234,-1.750414361612,
    -13.83013918775));
#716 = VECTOR('',#717,1.);
#717 = DIRECTION('',(-0.638199483917,0.759332726909,0.126945770206));
#718 = ORIENTED_EDGE('',*,*,#719,.T.);
#719 = EDGE_CURVE('',#712,#720,#722,.T.);
#720 = VERTEX_POINT('',#721);
#721 = CARTESIAN_POINT('',(-3.770576885234,1.500414361612,
    -13.83013918775));
#722 = LINE('',#723,#724);
#723 = CARTESIAN_POINT('',(-5.241754805839,3.890500256524E-16,
    -13.53750370472));
#724 = VECTOR('',#725,1.);
#725 = DIRECTION('',(0.693424139933,0.707204426923,-0.137930637272));
#726 = ORIENTED_EDGE('',*,*,#727,.T.);
#727 = EDGE_CURVE('',#720,#728,#730,.T.);
#728 = VERTEX_POINT('',#729);
#729 = CARTESIAN_POINT('',(-2.789791604831,1.500414361612,
    -14.02522950976));
#730 = LINE('',#731,#732);
#731 = CARTESIAN_POINT('',(-3.770576885234,1.500414361612,
    -13.83013918775));
#732 = VECTOR('',#733,1.);
#733 = DIRECTION('',(0.980785280403,-1.952611432758E-17,-0.195090322016)
  );
#734 = ORIENTED_EDGE('',*,*,#735,.T.);
#735 = EDGE_CURVE('',#728,#736,#738,.T.);
#736 = VERTEX_POINT('',#737);
#737 = CARTESIAN_POINT('',(-4.260969525435,3.695239113248E-16,
    -13.73259402674));
#738 = LINE('',#739,#740);
#739 = CARTESIAN_POINT('',(-2.789791604831,1.500414361612,
    -14.02522950976));
#740 = VECTOR('',#741,1.);
#741 = DIRECTION('',(-0.693424139933,-0.707204426923,0.137930637272));
#742 = ORIENTED_EDGE('',*,*,#743,.T.);
#743 = EDGE_CURVE('',#736,#666,#744,.T.);
#744 = LINE('',#745,#746);
#745 = CARTESIAN_POINT('',(-4.260969525435,3.695239113248E-16,
    -13.73259402674));
#746 = VECTOR('',#747,1.);
#747 = DIRECTION('',(0.638199483917,-0.759332726909,-0.126945770206));
#748 = PLANE('',#749);
#749 = AXIS2_PLACEMENT_3D('',#750,#751,#752);
#750 = CARTESIAN_POINT('',(-3.880226096674,-0.101510508611,
    -13.80832860352));
#751 = DIRECTION('',(0.195090322016,-2.379263914919E-17,0.980785280403)
  );
#752 = DIRECTION('',(0.980785280403,-1.952611432758E-17,-0.195090322016)
  );
#753 = ADVANCED_FACE('',(#754),#774,.F.);
#754 = FACE_BOUND('',#755,.F.);
#755 = EDGE_LOOP('',(#756,#757,#758,#768));
#756 = ORIENTED_EDGE('',*,*,#711,.F.);
#757 = ORIENTED_EDGE('',*,*,#696,.T.);
#758 = ORIENTED_EDGE('',*,*,#759,.F.);
#759 = EDGE_CURVE('',#760,#684,#762,.T.);
#760 = VERTEX_POINT('',#761);
#761 = CARTESIAN_POINT('',(-5.355557894868,4.029291140836E-16,
    -14.10963046853));
#762 = B_SPLINE_CURVE_WITH_KNOTS('',4,(#763,#764,#765,#766,#767),
  .UNSPECIFIED.,.F.,.F.,(5,5),(0.,1.),.PIECEWISE_BEZIER_KNOTS.);
#763 = CARTESIAN_POINT('',(-5.355557894868,6.661338147751E-16,
    -14.10963046853));
#764 = CARTESIAN_POINT('',(-5.001538153019,-0.435774405179,
    -14.24400487548));
#765 = CARTESIAN_POINT('',(-4.641276903943,-0.873506546124,
    -14.35560051834));
#766 = CARTESIAN_POINT('',(-4.275701171077,-1.312084436222,
    -14.44419342489));
#767 = CARTESIAN_POINT('',(-3.905741328774,-1.750414361612,
    -14.50965673269));
#768 = ORIENTED_EDGE('',*,*,#769,.F.);
#769 = EDGE_CURVE('',#712,#760,#770,.T.);
#770 = LINE('',#771,#772);
#771 = CARTESIAN_POINT('',(-5.241754805839,3.890500256524E-16,
    -13.53750370472));
#772 = VECTOR('',#773,1.);
#773 = DIRECTION('',(-0.195090322016,2.379263914919E-17,-0.980785280403)
  );
#774 = PLANE('',#775);
#775 = AXIS2_PLACEMENT_3D('',#776,#777,#778);
#776 = CARTESIAN_POINT('',(-3.770576885234,-1.750414361612,
    -13.83013918775));
#777 = DIRECTION('',(0.744742361481,0.650702550975,-0.14813846621));
#778 = DIRECTION('',(-0.638199483917,0.759332726909,0.126945770206));
#779 = ADVANCED_FACE('',(#780),#828,.T.);
#780 = FACE_BOUND('',#781,.T.);
#781 = EDGE_LOOP('',(#782,#795,#796,#797,#807,#820));
#782 = ORIENTED_EDGE('',*,*,#783,.T.);
#783 = EDGE_CURVE('',#784,#676,#786,.T.);
#784 = VERTEX_POINT('',#785);
#785 = CARTESIAN_POINT('',(-4.400871263122,3.865859138205E-16,
    -14.43592755763));
#786 = B_SPLINE_CURVE_WITH_KNOTS('',4,(#787,#788,#789,#790,#791,#792,
    #793,#794),.UNSPECIFIED.,.F.,.F.,(5,3,5),(0.,0.859040906687,1.),
  .UNSPECIFIED.);
#787 = CARTESIAN_POINT('',(-4.400871263122,3.865859138205E-16,
    -14.43592755763));
#788 = CARTESIAN_POINT('',(-4.091656713351,-0.375362838397,
    -14.53019329996));
#789 = CARTESIAN_POINT('',(-3.778350859181,-0.751580097853,
    -14.60764373564));
#790 = CARTESIAN_POINT('',(-3.461532286484,-1.127960104082,
    -14.6681494127));
#791 = CARTESIAN_POINT('',(-3.089318439854,-1.565489825124,
    -14.7187661545));
#792 = CARTESIAN_POINT('',(-3.036772670816,-1.627149502621,
    -14.72544267374));
#793 = CARTESIAN_POINT('',(-2.984150643748,-1.688792027003,
    -14.73166047242));
#794 = CARTESIAN_POINT('',(-2.931454949107,-1.750414361612,
    -14.73741923503));
#795 = ORIENTED_EDGE('',*,*,#683,.T.);
#796 = ORIENTED_EDGE('',*,*,#759,.F.);
#797 = ORIENTED_EDGE('',*,*,#798,.F.);
#798 = EDGE_CURVE('',#799,#760,#801,.T.);
#799 = VERTEX_POINT('',#800);
#800 = CARTESIAN_POINT('',(-3.909152146903,1.500414361612,
    -14.52680407336));
#801 = B_SPLINE_CURVE_WITH_KNOTS('',4,(#802,#803,#804,#805,#806),
  .UNSPECIFIED.,.F.,.F.,(5,5),(0.,1.),.PIECEWISE_BEZIER_KNOTS.);
#802 = CARTESIAN_POINT('',(-3.909152146903,1.500414361612,
    -14.52680407336));
#803 = CARTESIAN_POINT('',(-4.277661719274,1.124426479542,-14.4527087362
    ));
#804 = CARTESIAN_POINT('',(-4.642124796782,0.7484591178,-14.35837545029)
  );
#805 = CARTESIAN_POINT('',(-5.001701842053,0.373362942798,
    -14.24394274423));
#806 = CARTESIAN_POINT('',(-5.355557894868,4.029291140836E-16,
    -14.10963046853));
#807 = ORIENTED_EDGE('',*,*,#808,.F.);
#808 = EDGE_CURVE('',#809,#799,#811,.T.);
#809 = VERTEX_POINT('',#810);
#810 = CARTESIAN_POINT('',(-2.934858214387,1.500414361612,
    -14.75452860497));
#811 = B_SPLINE_CURVE_WITH_KNOTS('',7,(#812,#813,#814,#815,#816,#817,
    #818,#819),.UNSPECIFIED.,.F.,.F.,(8,8),(0.,1.),
  .PIECEWISE_BEZIER_KNOTS.);
#812 = CARTESIAN_POINT('',(-2.934858214387,1.500414361612,
    -14.75452860497));
#813 = CARTESIAN_POINT('',(-3.049142449363,1.500414361612,
    -14.73179605678));
#814 = CARTESIAN_POINT('',(-3.191458955578,1.500414361612,
    -14.70241563891));
#815 = CARTESIAN_POINT('',(-3.345345805033,1.500414361612,
    -14.66869419424));
#816 = CARTESIAN_POINT('',(-3.499065301524,1.500414361612,
    -14.63262164703));
#817 = CARTESIAN_POINT('',(-3.64552780599,1.500414361612,-14.59635100515
    ));
#818 = CARTESIAN_POINT('',(-3.781851372492,1.500414361612,
    -14.56106064078));
#819 = CARTESIAN_POINT('',(-3.909152146903,1.500414361612,
    -14.52680407336));
#820 = ORIENTED_EDGE('',*,*,#821,.T.);
#821 = EDGE_CURVE('',#809,#784,#822,.T.);
#822 = B_SPLINE_CURVE_WITH_KNOTS('',4,(#823,#824,#825,#826,#827),
  .UNSPECIFIED.,.F.,.F.,(5,5),(0.,1.),.PIECEWISE_BEZIER_KNOTS.);
#823 = CARTESIAN_POINT('',(-2.934858214387,1.500414361612,
    -14.75452860497));
#824 = CARTESIAN_POINT('',(-3.307215399235,1.125460957613,
    -14.70507761724));
#825 = CARTESIAN_POINT('',(-3.676224066984,0.749846014813,
    -14.63540249769));
#826 = CARTESIAN_POINT('',(-4.041050499981,0.374410412648,-14.5456208801
    ));
#827 = CARTESIAN_POINT('',(-4.400871263122,-2.22044604925E-16,
    -14.43592755763));
#828 = SURFACE_OF_REVOLUTION('',#829,#834);
#829 = CIRCLE('',#830,23.350974086829);
#830 = AXIS2_PLACEMENT_3D('',#831,#832,#833);
#831 = CARTESIAN_POINT('',(0.,-1.088741204263E-14,-8.259132836545));
#832 = DIRECTION('',(1.,0.,0.));
#833 = DIRECTION('',(0.,1.,0.));
#834 = AXIS1_PLACEMENT('',#835,#836);
#835 = CARTESIAN_POINT('',(0.,0.,0.));
#836 = DIRECTION('',(-1.110223024625E-16,-1.,1.110223024625E-16));
#837 = ADVANCED_FACE('',(#838),#849,.F.);
#838 = FACE_BOUND('',#839,.F.);
#839 = EDGE_LOOP('',(#840,#841,#847,#848));
#840 = ORIENTED_EDGE('',*,*,#743,.F.);
#841 = ORIENTED_EDGE('',*,*,#842,.T.);
#842 = EDGE_CURVE('',#736,#784,#843,.T.);
#843 = LINE('',#844,#845);
#844 = CARTESIAN_POINT('',(-4.260969525435,3.695239113248E-16,
    -13.73259402674));
#845 = VECTOR('',#846,1.);
#846 = DIRECTION('',(-0.195090322016,2.379263914919E-17,-0.980785280403)
  );
#847 = ORIENTED_EDGE('',*,*,#783,.T.);
#848 = ORIENTED_EDGE('',*,*,#675,.F.);
#849 = PLANE('',#850);
#850 = AXIS2_PLACEMENT_3D('',#851,#852,#853);
#851 = CARTESIAN_POINT('',(-4.260969525435,3.695239113248E-16,
    -13.73259402674));
#852 = DIRECTION('',(-0.744742361481,-0.650702550975,0.14813846621));
#853 = DIRECTION('',(0.638199483917,-0.759332726909,-0.126945770206));
#854 = ADVANCED_FACE('',(#855),#866,.F.);
#855 = FACE_BOUND('',#856,.F.);
#856 = EDGE_LOOP('',(#857,#858,#859,#860));
#857 = ORIENTED_EDGE('',*,*,#719,.F.);
#858 = ORIENTED_EDGE('',*,*,#769,.T.);
#859 = ORIENTED_EDGE('',*,*,#798,.F.);
#860 = ORIENTED_EDGE('',*,*,#861,.F.);
#861 = EDGE_CURVE('',#720,#799,#862,.T.);
#862 = LINE('',#863,#864);
#863 = CARTESIAN_POINT('',(-3.770576885234,1.500414361612,
    -13.83013918775));
#864 = VECTOR('',#865,1.);
#865 = DIRECTION('',(-0.195090322016,2.379263914919E-17,-0.980785280403)
  );
#866 = PLANE('',#867);
#867 = AXIS2_PLACEMENT_3D('',#868,#869,#870);
#868 = CARTESIAN_POINT('',(-5.241754805839,3.890500256524E-16,
    -13.53750370472));
#869 = DIRECTION('',(0.693615692162,-0.707009121964,-0.13796873938));
#870 = DIRECTION('',(0.693424139933,0.707204426923,-0.137930637272));
#871 = ADVANCED_FACE('',(#872),#883,.F.);
#872 = FACE_BOUND('',#873,.F.);
#873 = EDGE_LOOP('',(#874,#875,#876,#877));
#874 = ORIENTED_EDGE('',*,*,#727,.F.);
#875 = ORIENTED_EDGE('',*,*,#861,.T.);
#876 = ORIENTED_EDGE('',*,*,#808,.F.);
#877 = ORIENTED_EDGE('',*,*,#878,.F.);
#878 = EDGE_CURVE('',#728,#809,#879,.T.);
#879 = LINE('',#880,#881);
#880 = CARTESIAN_POINT('',(-2.789791604831,1.500414361612,
    -14.02522950976));
#881 = VECTOR('',#882,1.);
#882 = DIRECTION('',(-0.195090322016,2.379263914919E-17,-0.980785280403)
  );
#883 = PLANE('',#884);
#884 = AXIS2_PLACEMENT_3D('',#885,#886,#887);
#885 = CARTESIAN_POINT('',(-3.770576885234,1.500414361612,
    -13.83013918775));
#886 = DIRECTION('',(-2.379263914919E-17,-1.,-1.952611432758E-17));
#887 = DIRECTION('',(0.980785280403,-1.952611432758E-17,-0.195090322016)
  );
#888 = ADVANCED_FACE('',(#889),#895,.F.);
#889 = FACE_BOUND('',#890,.F.);
#890 = EDGE_LOOP('',(#891,#892,#893,#894));
#891 = ORIENTED_EDGE('',*,*,#735,.F.);
#892 = ORIENTED_EDGE('',*,*,#878,.T.);
#893 = ORIENTED_EDGE('',*,*,#821,.T.);
#894 = ORIENTED_EDGE('',*,*,#842,.F.);
#895 = PLANE('',#896);
#896 = AXIS2_PLACEMENT_3D('',#897,#898,#899);
#897 = CARTESIAN_POINT('',(-2.789791604831,1.500414361612,
    -14.02522950976));
#898 = DIRECTION('',(-0.693615692162,0.707009121964,0.13796873938));
#899 = DIRECTION('',(-0.693424139933,-0.707204426923,0.137930637272));
#900 = MANIFOLD_SOLID_BREP('',#901);
#901 = CLOSED_SHELL('',(#902,#948,#995,#1021,#1080,#1097,#1114,#1131));
#902 = ADVANCED_FACE('',(#903),#943,.F.);
#903 = FACE_BOUND('',#904,.F.);
#904 = EDGE_LOOP('',(#905,#915,#923,#937));
#905 = ORIENTED_EDGE('',*,*,#906,.F.);
#906 = EDGE_CURVE('',#907,#909,#911,.T.);
#907 = VERTEX_POINT('',#908);
#908 = CARTESIAN_POINT('',(-5.472373082821,-1.750414361612,
    -13.21147731491));
#909 = VERTEX_POINT('',#910);
#910 = CARTESIAN_POINT('',(-6.396252615332,-1.750414361612,
    -12.82879388254));
#911 = LINE('',#912,#913);
#912 = CARTESIAN_POINT('',(-5.472373082821,-1.750414361612,
    -13.21147731491));
#913 = VECTOR('',#914,1.);
#914 = DIRECTION('',(-0.923879532511,3.403532621031E-17,0.382683432365)
  );
#915 = ORIENTED_EDGE('',*,*,#916,.T.);
#916 = EDGE_CURVE('',#907,#917,#919,.T.);
#917 = VERTEX_POINT('',#918);
#918 = CARTESIAN_POINT('',(-5.750255728499,-1.750414361612,
    -13.88234536685));
#919 = LINE('',#920,#921);
#920 = CARTESIAN_POINT('',(-5.472373082821,-1.750414361612,
    -13.21147731491));
#921 = VECTOR('',#922,1.);
#922 = DIRECTION('',(-0.382683432365,5.093746534055E-17,-0.923879532511)
  );
#923 = ORIENTED_EDGE('',*,*,#924,.T.);
#924 = EDGE_CURVE('',#917,#925,#927,.T.);
#925 = VERTEX_POINT('',#926);
#926 = CARTESIAN_POINT('',(-6.661387208648,-1.750414361612,
    -13.46888541358));
#927 = B_SPLINE_CURVE_WITH_KNOTS('',8,(#928,#929,#930,#931,#932,#933,
    #934,#935,#936),.UNSPECIFIED.,.F.,.F.,(9,9),(0.,1.),
  .PIECEWISE_BEZIER_KNOTS.);
#928 = CARTESIAN_POINT('',(-5.750255728499,-1.750414361612,
    -13.88234536685));
#929 = CARTESIAN_POINT('',(-5.865826020829,-1.750414361612,
    -13.83447458436));
#930 = CARTESIAN_POINT('',(-5.98094093729,-1.750414361612,
    -13.78550419162));
#931 = CARTESIAN_POINT('',(-6.095588170137,-1.750414361612,
    -13.73543935911));
#932 = CARTESIAN_POINT('',(-6.209755728845,-1.750414361612,
    -13.68428500221));
#933 = CARTESIAN_POINT('',(-6.323431206509,-1.750414361612,
    -13.63204711057));
#934 = CARTESIAN_POINT('',(-6.436603000578,-1.750414361612,
    -13.57873046212));
#935 = CARTESIAN_POINT('',(-6.549258901115,-1.750414361612,
    -13.52434139812));
#936 = CARTESIAN_POINT('',(-6.661387208648,-1.750414361612,
    -13.46888541358));
#937 = ORIENTED_EDGE('',*,*,#938,.F.);
#938 = EDGE_CURVE('',#909,#925,#939,.T.);
#939 = LINE('',#940,#941);
#940 = CARTESIAN_POINT('',(-6.396252615332,-1.750414361612,
    -12.82879388254));
#941 = VECTOR('',#942,1.);
#942 = DIRECTION('',(-0.382683432365,5.093746534055E-17,-0.923879532511)
  );
#943 = PLANE('',#944);
#944 = AXIS2_PLACEMENT_3D('',#945,#946,#947);
#945 = CARTESIAN_POINT('',(-5.472373082821,-1.750414361612,
    -13.21147731491));
#946 = DIRECTION('',(5.093746534055E-17,1.,3.403532621031E-17));
#947 = DIRECTION('',(-0.923879532511,3.403532621031E-17,0.382683432365)
  );
#948 = ADVANCED_FACE('',(#949),#990,.T.);
#949 = FACE_BOUND('',#950,.F.);
#950 = EDGE_LOOP('',(#951,#952,#960,#968,#976,#984));
#951 = ORIENTED_EDGE('',*,*,#906,.T.);
#952 = ORIENTED_EDGE('',*,*,#953,.T.);
#953 = EDGE_CURVE('',#909,#954,#956,.T.);
#954 = VERTEX_POINT('',#955);
#955 = CARTESIAN_POINT('',(-7.782071914099,8.134940698957E-16,
    -12.25476873399));
#956 = LINE('',#957,#958);
#957 = CARTESIAN_POINT('',(-6.396252615332,-1.750414361612,
    -12.82879388254));
#958 = VECTOR('',#959,1.);
#959 = DIRECTION('',(-0.601170768598,0.759332726909,0.249013085656));
#960 = ORIENTED_EDGE('',*,*,#961,.T.);
#961 = EDGE_CURVE('',#954,#962,#964,.T.);
#962 = VERTEX_POINT('',#963);
#963 = CARTESIAN_POINT('',(-6.396252615332,1.500414361612,
    -12.82879388254));
#964 = LINE('',#965,#966);
#965 = CARTESIAN_POINT('',(-7.782071914099,8.134940698957E-16,
    -12.25476873399));
#966 = VECTOR('',#967,1.);
#967 = DIRECTION('',(0.653191257081,0.707204426923,-0.270560677507));
#968 = ORIENTED_EDGE('',*,*,#969,.T.);
#969 = EDGE_CURVE('',#962,#970,#972,.T.);
#970 = VERTEX_POINT('',#971);
#971 = CARTESIAN_POINT('',(-5.472373082821,1.500414361612,
    -13.21147731491));
#972 = LINE('',#973,#974);
#973 = CARTESIAN_POINT('',(-6.396252615332,1.500414361612,
    -12.82879388254));
#974 = VECTOR('',#975,1.);
#975 = DIRECTION('',(0.923879532511,-3.403532621031E-17,-0.382683432365)
  );
#976 = ORIENTED_EDGE('',*,*,#977,.T.);
#977 = EDGE_CURVE('',#970,#978,#980,.T.);
#978 = VERTEX_POINT('',#979);
#979 = CARTESIAN_POINT('',(-6.858192381588,7.794587436853E-16,
    -12.63745216636));
#980 = LINE('',#981,#982);
#981 = CARTESIAN_POINT('',(-5.472373082821,1.500414361612,
    -13.21147731491));
#982 = VECTOR('',#983,1.);
#983 = DIRECTION('',(-0.653191257081,-0.707204426923,0.270560677507));
#984 = ORIENTED_EDGE('',*,*,#985,.T.);
#985 = EDGE_CURVE('',#978,#907,#986,.T.);
#986 = LINE('',#987,#988);
#987 = CARTESIAN_POINT('',(-6.858192381588,7.794587436853E-16,
    -12.63745216636));
#988 = VECTOR('',#989,1.);
#989 = DIRECTION('',(0.601170768598,-0.759332726909,-0.249013085656));
#990 = PLANE('',#991);
#991 = AXIS2_PLACEMENT_3D('',#992,#993,#994);
#992 = CARTESIAN_POINT('',(-6.49953991402,-0.101510508611,-12.7860108826
    ));
#993 = DIRECTION('',(0.382683432365,-5.093746534055E-17,0.923879532511)
  );
#994 = DIRECTION('',(0.923879532511,-3.403532621031E-17,-0.382683432365)
  );
#995 = ADVANCED_FACE('',(#996),#1016,.F.);
#996 = FACE_BOUND('',#997,.F.);
#997 = EDGE_LOOP('',(#998,#999,#1000,#1010));
#998 = ORIENTED_EDGE('',*,*,#953,.F.);
#999 = ORIENTED_EDGE('',*,*,#938,.T.);
#1000 = ORIENTED_EDGE('',*,*,#1001,.F.);
#1001 = EDGE_CURVE('',#1002,#925,#1004,.T.);
#1002 = VERTEX_POINT('',#1003);
#1003 = CARTESIAN_POINT('',(-8.005304703268,8.432076960929E-16,
    -12.79370036117));
#1004 = B_SPLINE_CURVE_WITH_KNOTS('',4,(#1005,#1006,#1007,#1008,#1009),
  .UNSPECIFIED.,.F.,.F.,(5,5),(0.,1.),.PIECEWISE_BEZIER_KNOTS.);
#1005 = CARTESIAN_POINT('',(-8.005304703268,8.881784197001E-16,
    -12.79370036117));
#1006 = CARTESIAN_POINT('',(-7.684302497813,-0.435774405179,
    -12.99455862701));
#1007 = CARTESIAN_POINT('',(-7.352734797522,-0.873506546124,
    -13.17429347398));
#1008 = CARTESIAN_POINT('',(-7.011467118521,-1.312084436222,
    -13.33250438012));
#1009 = CARTESIAN_POINT('',(-6.661387208648,-1.750414361612,
    -13.46888541358));
#1010 = ORIENTED_EDGE('',*,*,#1011,.F.);
#1011 = EDGE_CURVE('',#954,#1002,#1012,.T.);
#1012 = LINE('',#1013,#1014);
#1013 = CARTESIAN_POINT('',(-7.782071914099,8.134940698957E-16,
    -12.25476873399));
#1014 = VECTOR('',#1015,1.);
#1015 = DIRECTION('',(-0.382683432365,5.093746534055E-17,-0.923879532511
    ));
#1016 = PLANE('',#1017);
#1017 = AXIS2_PLACEMENT_3D('',#1018,#1019,#1020);
#1018 = CARTESIAN_POINT('',(-6.396252615332,-1.750414361612,
    -12.82879388254));
#1019 = DIRECTION('',(0.701531964757,0.650702550975,-0.290584054241));
#1020 = DIRECTION('',(-0.601170768598,0.759332726909,0.249013085656));
#1021 = ADVANCED_FACE('',(#1022),#1071,.T.);
#1022 = FACE_BOUND('',#1023,.T.);
#1023 = EDGE_LOOP('',(#1024,#1037,#1038,#1039,#1049,#1063));
#1024 = ORIENTED_EDGE('',*,*,#1025,.T.);
#1025 = EDGE_CURVE('',#1026,#917,#1028,.T.);
#1026 = VERTEX_POINT('',#1027);
#1027 = CARTESIAN_POINT('',(-7.13261951164,8.159866444077E-16,
    -13.29997786561));
#1028 = B_SPLINE_CURVE_WITH_KNOTS('',4,(#1029,#1030,#1031,#1032,#1033,
    #1034,#1035,#1036),.UNSPECIFIED.,.F.,.F.,(5,3,5),(0.,0.859040906687,
    1.),.UNSPECIFIED.);
#1029 = CARTESIAN_POINT('',(-7.13261951164,8.159866444077E-16,
    -13.29997786561));
#1030 = CARTESIAN_POINT('',(-6.847736766764,-0.375362838397,
    -13.45275708422));
#1031 = CARTESIAN_POINT('',(-6.555560827167,-0.751580097853,
    -13.58984227148));
#1032 = CARTESIAN_POINT('',(-6.256633906529,-1.127960104082,
    -13.71099358629));
#1033 = CARTESIAN_POINT('',(-5.901446881049,-1.565489825124,
    -13.83325306079));
#1034 = CARTESIAN_POINT('',(-5.851213288518,-1.627149502621,
    -13.85005246359));
#1035 = CARTESIAN_POINT('',(-5.800815411292,-1.688792027003,
    -13.86641683721));
#1036 = CARTESIAN_POINT('',(-5.750255728499,-1.750414361612,
    -13.88234536685));
#1037 = ORIENTED_EDGE('',*,*,#924,.T.);
#1038 = ORIENTED_EDGE('',*,*,#1001,.F.);
#1039 = ORIENTED_EDGE('',*,*,#1040,.F.);
#1040 = EDGE_CURVE('',#1041,#1002,#1043,.T.);
#1041 = VERTEX_POINT('',#1042);
#1042 = CARTESIAN_POINT('',(-6.668077769078,1.500414361612,
    -13.48503785531));
#1043 = B_SPLINE_CURVE_WITH_KNOTS('',4,(#1044,#1045,#1046,#1047,#1048),
  .UNSPECIFIED.,.F.,.F.,(5,5),(0.,1.),.PIECEWISE_BEZIER_KNOTS.);
#1044 = CARTESIAN_POINT('',(-6.668077769078,1.500414361612,
    -13.48503785531));
#1045 = CARTESIAN_POINT('',(-7.01505125016,1.124426479542,
    -13.34047358813));
#1046 = CARTESIAN_POINT('',(-7.354107760704,0.7484591178,-13.1768496707)
  );
#1047 = CARTESIAN_POINT('',(-7.684450920403,0.373362942798,
    -12.99446575545));
#1048 = CARTESIAN_POINT('',(-8.005304703268,8.432076960929E-16,
    -12.79370036117));
#1049 = ORIENTED_EDGE('',*,*,#1050,.F.);
#1050 = EDGE_CURVE('',#1051,#1041,#1053,.T.);
#1051 = VERTEX_POINT('',#1052);
#1052 = CARTESIAN_POINT('',(-5.756931473483,1.500414361612,
    -13.89846204093));
#1053 = B_SPLINE_CURVE_WITH_KNOTS('',8,(#1054,#1055,#1056,#1057,#1058,
    #1059,#1060,#1061,#1062),.UNSPECIFIED.,.F.,.F.,(9,9),(0.,1.),
  .PIECEWISE_BEZIER_KNOTS.);
#1054 = CARTESIAN_POINT('',(-5.756931473483,1.500414361612,
    -13.89846204093));
#1055 = CARTESIAN_POINT('',(-5.872501566405,1.500414361612,
    -13.85059134104));
#1056 = CARTESIAN_POINT('',(-5.987616813514,1.500414361612,
    -13.80162231076));
#1057 = CARTESIAN_POINT('',(-6.102264940787,1.500414361612,
    -13.75156009846));
#1058 = CARTESIAN_POINT('',(-6.216433964429,1.500414361612,
    -13.70040964218));
#1059 = CARTESIAN_POINT('',(-6.330111543847,1.500414361612,
    -13.64817685213));
#1060 = CARTESIAN_POINT('',(-6.443286058557,1.500414361612,
    -13.59486657693));
#1061 = CARTESIAN_POINT('',(-6.555945362163,1.500414361612,
    -13.54048507172));
#1062 = CARTESIAN_POINT('',(-6.668077769078,1.500414361612,
    -13.48503785531));
#1063 = ORIENTED_EDGE('',*,*,#1064,.T.);
#1064 = EDGE_CURVE('',#1051,#1026,#1065,.T.);
#1065 = B_SPLINE_CURVE_WITH_KNOTS('',4,(#1066,#1067,#1068,#1069,#1070),
  .UNSPECIFIED.,.F.,.F.,(5,5),(0.,1.),.PIECEWISE_BEZIER_KNOTS.);
#1066 = CARTESIAN_POINT('',(-5.756931473483,1.500414361612,
    -13.89846204093));
#1067 = CARTESIAN_POINT('',(-6.112486510313,1.125460957613,
    -13.77731795696));
#1068 = CARTESIAN_POINT('',(-6.460811838472,0.749846014813,
    -13.63699160548));
#1069 = CARTESIAN_POINT('',(-6.801112709171,0.374410412648,
    -13.4777610102));
#1070 = CARTESIAN_POINT('',(-7.13261951164,6.661338147751E-16,
    -13.29997786561));
#1071 = SURFACE_OF_REVOLUTION('',#1072,#1077);
#1072 = CIRCLE('',#1073,23.350974086829);
#1073 = AXIS2_PLACEMENT_3D('',#1074,#1075,#1076);
#1074 = CARTESIAN_POINT('',(0.,-1.088741204263E-14,-8.259132836545));
#1075 = DIRECTION('',(1.,0.,0.));
#1076 = DIRECTION('',(0.,1.,0.));
#1077 = AXIS1_PLACEMENT('',#1078,#1079);
#1078 = CARTESIAN_POINT('',(0.,0.,0.));
#1079 = DIRECTION('',(-1.110223024625E-16,-1.,1.110223024625E-16));
#1080 = ADVANCED_FACE('',(#1081),#1092,.F.);
#1081 = FACE_BOUND('',#1082,.F.);
#1082 = EDGE_LOOP('',(#1083,#1084,#1090,#1091));
#1083 = ORIENTED_EDGE('',*,*,#985,.F.);
#1084 = ORIENTED_EDGE('',*,*,#1085,.T.);
#1085 = EDGE_CURVE('',#978,#1026,#1086,.T.);
#1086 = LINE('',#1087,#1088);
#1087 = CARTESIAN_POINT('',(-6.858192381588,7.794587436853E-16,
    -12.63745216636));
#1088 = VECTOR('',#1089,1.);
#1089 = DIRECTION('',(-0.382683432365,5.093746534055E-17,-0.923879532511
    ));
#1090 = ORIENTED_EDGE('',*,*,#1025,.T.);
#1091 = ORIENTED_EDGE('',*,*,#916,.F.);
#1092 = PLANE('',#1093);
#1093 = AXIS2_PLACEMENT_3D('',#1094,#1095,#1096);
#1094 = CARTESIAN_POINT('',(-6.858192381588,7.794587436853E-16,
    -12.63745216636));
#1095 = DIRECTION('',(-0.701531964757,-0.650702550975,0.290584054241));
#1096 = DIRECTION('',(0.601170768598,-0.759332726909,-0.249013085656));
#1097 = ADVANCED_FACE('',(#1098),#1109,.F.);
#1098 = FACE_BOUND('',#1099,.F.);
#1099 = EDGE_LOOP('',(#1100,#1101,#1102,#1103));
#1100 = ORIENTED_EDGE('',*,*,#961,.F.);
#1101 = ORIENTED_EDGE('',*,*,#1011,.T.);
#1102 = ORIENTED_EDGE('',*,*,#1040,.F.);
#1103 = ORIENTED_EDGE('',*,*,#1104,.F.);
#1104 = EDGE_CURVE('',#962,#1041,#1105,.T.);
#1105 = LINE('',#1106,#1107);
#1106 = CARTESIAN_POINT('',(-6.396252615332,1.500414361612,
    -12.82879388254));
#1107 = VECTOR('',#1108,1.);
#1108 = DIRECTION('',(-0.382683432365,5.093746534055E-17,-0.923879532511
    ));
#1109 = PLANE('',#1110);
#1110 = AXIS2_PLACEMENT_3D('',#1111,#1112,#1113);
#1111 = CARTESIAN_POINT('',(-7.782071914099,8.134940698957E-16,
    -12.25476873399));
#1112 = DIRECTION('',(0.653371695336,-0.707009121964,-0.270635417479));
#1113 = DIRECTION('',(0.653191257081,0.707204426923,-0.270560677507));
#1114 = ADVANCED_FACE('',(#1115),#1126,.F.);
#1115 = FACE_BOUND('',#1116,.F.);
#1116 = EDGE_LOOP('',(#1117,#1118,#1119,#1120));
#1117 = ORIENTED_EDGE('',*,*,#969,.F.);
#1118 = ORIENTED_EDGE('',*,*,#1104,.T.);
#1119 = ORIENTED_EDGE('',*,*,#1050,.F.);
#1120 = ORIENTED_EDGE('',*,*,#1121,.F.);
#1121 = EDGE_CURVE('',#970,#1051,#1122,.T.);
#1122 = LINE('',#1123,#1124);
#1123 = CARTESIAN_POINT('',(-5.472373082821,1.500414361612,
    -13.21147731491));
#1124 = VECTOR('',#1125,1.);
#1125 = DIRECTION('',(-0.382683432365,5.093746534055E-17,-0.923879532511
    ));
#1126 = PLANE('',#1127);
#1127 = AXIS2_PLACEMENT_3D('',#1128,#1129,#1130);
#1128 = CARTESIAN_POINT('',(-6.396252615332,1.500414361612,
    -12.82879388254));
#1129 = DIRECTION('',(-5.093746534055E-17,-1.,-3.403532621031E-17));
#1130 = DIRECTION('',(0.923879532511,-3.403532621031E-17,-0.382683432365
    ));
#1131 = ADVANCED_FACE('',(#1132),#1138,.F.);
#1132 = FACE_BOUND('',#1133,.F.);
#1133 = EDGE_LOOP('',(#1134,#1135,#1136,#1137));
#1134 = ORIENTED_EDGE('',*,*,#977,.F.);
#1135 = ORIENTED_EDGE('',*,*,#1121,.T.);
#1136 = ORIENTED_EDGE('',*,*,#1064,.T.);
#1137 = ORIENTED_EDGE('',*,*,#1085,.F.);
#1138 = PLANE('',#1139);
#1139 = AXIS2_PLACEMENT_3D('',#1140,#1141,#1142);
#1140 = CARTESIAN_POINT('',(-5.472373082821,1.500414361612,
    -13.21147731491));
#1141 = DIRECTION('',(-0.653371695336,0.707009121964,0.270635417479));
#1142 = DIRECTION('',(-0.653191257081,-0.707204426923,0.270560677507));
#1143 = MANIFOLD_SOLID_BREP('',#1144);
#1144 = CLOSED_SHELL('',(#1145,#1191,#1238,#1264,#1323,#1340,#1357,#1374
    ));
#1145 = ADVANCED_FACE('',(#1146),#1186,.F.);
#1146 = FACE_BOUND('',#1147,.F.);
#1147 = EDGE_LOOP('',(#1148,#1158,#1166,#1180));
#1148 = ORIENTED_EDGE('',*,*,#1149,.F.);
#1149 = EDGE_CURVE('',#1150,#1152,#1154,.T.);
#1150 = VERTEX_POINT('',#1151);
#1151 = CARTESIAN_POINT('',(-7.94465433218,-1.750414361612,
    -11.89001545592));
#1152 = VERTEX_POINT('',#1153);
#1153 = CARTESIAN_POINT('',(-8.776123944483,-1.750414361612,
    -11.3344452229));
#1154 = LINE('',#1155,#1156);
#1155 = CARTESIAN_POINT('',(-7.94465433218,-1.750414361612,
    -11.89001545592));
#1156 = VECTOR('',#1157,1.);
#1157 = DIRECTION('',(-0.831469612303,4.29700547724E-17,0.55557023302));
#1158 = ORIENTED_EDGE('',*,*,#1159,.T.);
#1159 = EDGE_CURVE('',#1150,#1160,#1162,.T.);
#1160 = VERTEX_POINT('',#1161);
#1161 = CARTESIAN_POINT('',(-8.348077405025,-1.750414361612,
    -12.49378075153));
#1162 = LINE('',#1163,#1164);
#1163 = CARTESIAN_POINT('',(-7.94465433218,-1.750414361612,
    -11.89001545592));
#1164 = VECTOR('',#1165,1.);
#1165 = DIRECTION('',(-0.55557023302,8.039131812654E-17,-0.831469612303)
  );
#1166 = ORIENTED_EDGE('',*,*,#1167,.T.);
#1167 = EDGE_CURVE('',#1160,#1168,#1170,.T.);
#1168 = VERTEX_POINT('',#1169);
#1169 = CARTESIAN_POINT('',(-9.161039713843,-1.750414361612,
    -11.91051238147));
#1170 = B_SPLINE_CURVE_WITH_KNOTS('',8,(#1171,#1172,#1173,#1174,#1175,
    #1176,#1177,#1178,#1179),.UNSPECIFIED.,.F.,.F.,(9,9),(0.,1.),
  .PIECEWISE_BEZIER_KNOTS.);
#1171 = CARTESIAN_POINT('',(-8.348077405025,-1.750414361612,
    -12.49378075153));
#1172 = CARTESIAN_POINT('',(-8.396460728345,-1.750414361612,
    -12.46145204873));
#1173 = CARTESIAN_POINT('',(-8.497812370286,-1.750414361612,
    -12.39342405715));
#1174 = CARTESIAN_POINT('',(-8.624742575898,-1.750414361612,
    -12.30678599955));
#1175 = CARTESIAN_POINT('',(-8.758943052701,-1.750414361612,
    -12.21180431698));
#1176 = CARTESIAN_POINT('',(-8.889289144248,-1.750414361612,
    -12.11681111905));
#1177 = CARTESIAN_POINT('',(-9.006844541408,-1.750414361612,
    -12.02858091182));
#1178 = CARTESIAN_POINT('',(-9.102141514225,-1.750414361612,
    -11.95581430182));
#1179 = CARTESIAN_POINT('',(-9.161039713843,-1.750414361612,
    -11.91051238147));
#1180 = ORIENTED_EDGE('',*,*,#1181,.F.);
#1181 = EDGE_CURVE('',#1152,#1168,#1182,.T.);
#1182 = LINE('',#1183,#1184);
#1183 = CARTESIAN_POINT('',(-8.776123944483,-1.750414361612,
    -11.3344452229));
#1184 = VECTOR('',#1185,1.);
#1185 = DIRECTION('',(-0.55557023302,8.039131812654E-17,-0.831469612303)
  );
#1186 = PLANE('',#1187);
#1187 = AXIS2_PLACEMENT_3D('',#1188,#1189,#1190);
#1188 = CARTESIAN_POINT('',(-7.94465433218,-1.750414361612,
    -11.89001545592));
#1189 = DIRECTION('',(8.039131812654E-17,1.,4.29700547724E-17));
#1190 = DIRECTION('',(-0.831469612303,4.29700547724E-17,0.55557023302));
#1191 = ADVANCED_FACE('',(#1192),#1233,.T.);
#1192 = FACE_BOUND('',#1193,.F.);
#1193 = EDGE_LOOP('',(#1194,#1195,#1203,#1211,#1219,#1227));
#1194 = ORIENTED_EDGE('',*,*,#1149,.T.);
#1195 = ORIENTED_EDGE('',*,*,#1196,.T.);
#1196 = EDGE_CURVE('',#1152,#1197,#1199,.T.);
#1197 = VERTEX_POINT('',#1198);
#1198 = CARTESIAN_POINT('',(-10.02332836293,1.257020986141E-15,
    -10.50108987337));
#1199 = LINE('',#1200,#1201);
#1200 = CARTESIAN_POINT('',(-8.776123944483,-1.750414361612,
    -11.3344452229));
#1201 = VECTOR('',#1202,1.);
#1202 = DIRECTION('',(-0.541039397783,0.759332726909,0.361510967871));
#1203 = ORIENTED_EDGE('',*,*,#1204,.T.);
#1204 = EDGE_CURVE('',#1197,#1205,#1207,.T.);
#1205 = VERTEX_POINT('',#1206);
#1206 = CARTESIAN_POINT('',(-8.776123944483,1.500414361612,
    -11.3344452229));
#1207 = LINE('',#1208,#1209);
#1208 = CARTESIAN_POINT('',(-10.02332836293,1.257020986141E-15,
    -10.50108987337));
#1209 = VECTOR('',#1210,1.);
#1210 = DIRECTION('',(0.587856600534,0.707204426923,-0.392793222636));
#1211 = ORIENTED_EDGE('',*,*,#1212,.T.);
#1212 = EDGE_CURVE('',#1205,#1213,#1215,.T.);
#1213 = VERTEX_POINT('',#1214);
#1214 = CARTESIAN_POINT('',(-7.94465433218,1.500414361612,
    -11.89001545592));
#1215 = LINE('',#1216,#1217);
#1216 = CARTESIAN_POINT('',(-8.776123944483,1.500414361612,
    -11.3344452229));
#1217 = VECTOR('',#1218,1.);
#1218 = DIRECTION('',(0.831469612303,-4.29700547724E-17,-0.55557023302)
  );
#1219 = ORIENTED_EDGE('',*,*,#1220,.T.);
#1220 = EDGE_CURVE('',#1213,#1221,#1223,.T.);
#1221 = VERTEX_POINT('',#1222);
#1222 = CARTESIAN_POINT('',(-9.191858750634,1.214050931368E-15,
    -11.05666010639));
#1223 = LINE('',#1224,#1225);
#1224 = CARTESIAN_POINT('',(-7.94465433218,1.500414361612,
    -11.89001545592));
#1225 = VECTOR('',#1226,1.);
#1226 = DIRECTION('',(-0.587856600534,-0.707204426923,0.392793222636));
#1227 = ORIENTED_EDGE('',*,*,#1228,.T.);
#1228 = EDGE_CURVE('',#1221,#1150,#1229,.T.);
#1229 = LINE('',#1230,#1231);
#1230 = CARTESIAN_POINT('',(-9.191858750634,1.214050931368E-15,
    -11.05666010639));
#1231 = VECTOR('',#1232,1.);
#1232 = DIRECTION('',(0.541039397783,-0.759332726909,-0.361510967871));
#1233 = PLANE('',#1234);
#1234 = AXIS2_PLACEMENT_3D('',#1235,#1236,#1237);
#1235 = CARTESIAN_POINT('',(-8.869080057454,-0.101510508611,
    -11.27233393395));
#1236 = DIRECTION('',(0.55557023302,-8.039131812654E-17,0.831469612303)
  );
#1237 = DIRECTION('',(0.831469612303,-4.29700547724E-17,-0.55557023302)
  );
#1238 = ADVANCED_FACE('',(#1239),#1259,.F.);
#1239 = FACE_BOUND('',#1240,.F.);
#1240 = EDGE_LOOP('',(#1241,#1242,#1243,#1253));
#1241 = ORIENTED_EDGE('',*,*,#1196,.F.);
#1242 = ORIENTED_EDGE('',*,*,#1181,.T.);
#1243 = ORIENTED_EDGE('',*,*,#1244,.F.);
#1244 = EDGE_CURVE('',#1245,#1168,#1247,.T.);
#1245 = VERTEX_POINT('',#1246);
#1246 = CARTESIAN_POINT('',(-10.34741214134,1.303916087032E-15,
    -10.98611552373));
#1247 = B_SPLINE_CURVE_WITH_KNOTS('',4,(#1248,#1249,#1250,#1251,#1252),
  .UNSPECIFIED.,.F.,.F.,(5,5),(0.,1.),.PIECEWISE_BEZIER_KNOTS.);
#1248 = CARTESIAN_POINT('',(-10.34741214134,1.33226762955E-15,
    -10.98611552373));
#1249 = CARTESIAN_POINT('',(-10.07176340702,-0.435774405179,
    -11.24573877794));
#1250 = CARTESIAN_POINT('',(-9.781631216294,-0.873506546124,
    -11.48670571965));
#1251 = CARTESIAN_POINT('',(-9.477786316676,-1.312084436222,
    -11.70845466897));
#1252 = CARTESIAN_POINT('',(-9.161039713843,-1.750414361612,
    -11.91051238147));
#1253 = ORIENTED_EDGE('',*,*,#1254,.F.);
#1254 = EDGE_CURVE('',#1197,#1245,#1255,.T.);
#1255 = LINE('',#1256,#1257);
#1256 = CARTESIAN_POINT('',(-10.02332836293,1.257020986141E-15,
    -10.50108987337));
#1257 = VECTOR('',#1258,1.);
#1258 = DIRECTION('',(-0.55557023302,8.039131812654E-17,-0.831469612303)
  );
#1259 = PLANE('',#1260);
#1260 = AXIS2_PLACEMENT_3D('',#1261,#1262,#1263);
#1261 = CARTESIAN_POINT('',(-8.776123944483,-1.750414361612,
    -11.3344452229));
#1262 = DIRECTION('',(0.631362088052,0.650702550975,-0.421862660028));
#1263 = DIRECTION('',(-0.541039397783,0.759332726909,0.361510967871));
#1264 = ADVANCED_FACE('',(#1265),#1314,.T.);
#1265 = FACE_BOUND('',#1266,.T.);
#1266 = EDGE_LOOP('',(#1267,#1280,#1281,#1282,#1292,#1306));
#1267 = ORIENTED_EDGE('',*,*,#1268,.T.);
#1268 = EDGE_CURVE('',#1269,#1160,#1271,.T.);
#1269 = VERTEX_POINT('',#1270);
#1270 = CARTESIAN_POINT('',(-9.590265192344,1.271700562496E-15,
    -11.65291748294));
#1271 = B_SPLINE_CURVE_WITH_KNOTS('',4,(#1272,#1273,#1274,#1275,#1276,
    #1277,#1278,#1279),.UNSPECIFIED.,.F.,.F.,(5,3,5),(0.,0.859040906687,
    1.),.UNSPECIFIED.);
#1272 = CARTESIAN_POINT('',(-9.590265192344,1.271700562496E-15,
    -11.65291748294));
#1273 = CARTESIAN_POINT('',(-9.340662136485,-0.375362838397,
    -11.85833895814));
#1274 = CARTESIAN_POINT('',(-9.080844268966,-0.751580097854,
    -12.0497907901));
#1275 = CARTESIAN_POINT('',(-8.811296594307,-1.127960104082,
    -12.22693196558));
#1276 = CARTESIAN_POINT('',(-8.486786028174,-1.565489825124,
    -12.41613580973));
#1277 = CARTESIAN_POINT('',(-8.44079506094,-1.627149502621,
    -12.44241250446));
#1278 = CARTESIAN_POINT('',(-8.394558095714,-1.688792027003,
    -12.46829457933));
#1279 = CARTESIAN_POINT('',(-8.348077405025,-1.750414361612,
    -12.49378075153));
#1280 = ORIENTED_EDGE('',*,*,#1167,.T.);
#1281 = ORIENTED_EDGE('',*,*,#1244,.F.);
#1282 = ORIENTED_EDGE('',*,*,#1283,.F.);
#1283 = EDGE_CURVE('',#1284,#1245,#1286,.T.);
#1284 = VERTEX_POINT('',#1285);
#1285 = CARTESIAN_POINT('',(-9.170752902088,1.500414361612,
    -11.92504919497));
#1286 = B_SPLINE_CURVE_WITH_KNOTS('',4,(#1287,#1288,#1289,#1290,#1291),
  .UNSPECIFIED.,.F.,.F.,(5,5),(0.,1.),.PIECEWISE_BEZIER_KNOTS.);
#1287 = CARTESIAN_POINT('',(-9.170752902088,1.500414361612,
    -11.92504919497));
#1288 = CARTESIAN_POINT('',(-9.482856295588,1.124426479542,
    -11.71557152149));
#1289 = CARTESIAN_POINT('',(-9.783476487614,0.7484591178,-11.48894494793
    ));
#1290 = CARTESIAN_POINT('',(-10.07189085937,0.373362942798,
    -11.24561873507));
#1291 = CARTESIAN_POINT('',(-10.34741214134,1.303916087032E-15,
    -10.98611552373));
#1292 = ORIENTED_EDGE('',*,*,#1293,.F.);
#1293 = EDGE_CURVE('',#1294,#1284,#1296,.T.);
#1294 = VERTEX_POINT('',#1295);
#1295 = CARTESIAN_POINT('',(-8.357769084577,1.500414361612,-12.508285375
    ));
#1296 = B_SPLINE_CURVE_WITH_KNOTS('',8,(#1297,#1298,#1299,#1300,#1301,
    #1302,#1303,#1304,#1305),.UNSPECIFIED.,.F.,.F.,(9,9),(0.,1.),
  .PIECEWISE_BEZIER_KNOTS.);
#1297 = CARTESIAN_POINT('',(-8.357769084577,1.500414361612,-12.508285375
    ));
#1298 = CARTESIAN_POINT('',(-8.406431442194,1.500414361612,
    -12.47577022744));
#1299 = CARTESIAN_POINT('',(-8.507703613601,1.500414361612,
    -12.40779192533));
#1300 = CARTESIAN_POINT('',(-8.634525136164,1.500414361612,
    -12.32122363476));
#1301 = CARTESIAN_POINT('',(-8.768852565373,1.500414361612,
    -12.22617160076));
#1302 = CARTESIAN_POINT('',(-8.899630351461,1.500414361612,
    -12.13088352821));
#1303 = CARTESIAN_POINT('',(-9.017718075445,1.500414361612,
    -12.0422301237));
#1304 = CARTESIAN_POINT('',(-9.113136535329,1.500414361612,
    -11.96935809289));
#1305 = CARTESIAN_POINT('',(-9.170752902088,1.500414361612,
    -11.92504919497));
#1306 = ORIENTED_EDGE('',*,*,#1307,.T.);
#1307 = EDGE_CURVE('',#1294,#1269,#1308,.T.);
#1308 = B_SPLINE_CURVE_WITH_KNOTS('',4,(#1309,#1310,#1311,#1312,#1313),
  .UNSPECIFIED.,.F.,.F.,(5,5),(0.,1.),.PIECEWISE_BEZIER_KNOTS.);
#1309 = CARTESIAN_POINT('',(-8.357769084577,1.500414361612,-12.508285375
    ));
#1310 = CARTESIAN_POINT('',(-8.682858192721,1.125460957613,
    -12.32010369401));
#1311 = CARTESIAN_POINT('',(-8.997114234273,0.749846014813,
    -12.11451877358));
#1312 = CARTESIAN_POINT('',(-9.299811971056,0.374410412648,
    -11.8919583431));
#1313 = CARTESIAN_POINT('',(-9.590265192344,1.110223024625E-15,
    -11.65291748294));
#1314 = SURFACE_OF_REVOLUTION('',#1315,#1320);
#1315 = CIRCLE('',#1316,23.350974086829);
#1316 = AXIS2_PLACEMENT_3D('',#1317,#1318,#1319);
#1317 = CARTESIAN_POINT('',(0.,-1.088741204263E-14,-8.259132836545));
#1318 = DIRECTION('',(1.,0.,0.));
#1319 = DIRECTION('',(0.,1.,0.));
#1320 = AXIS1_PLACEMENT('',#1321,#1322);
#1321 = CARTESIAN_POINT('',(0.,0.,0.));
#1322 = DIRECTION('',(-1.110223024625E-16,-1.,1.110223024625E-16));
#1323 = ADVANCED_FACE('',(#1324),#1335,.F.);
#1324 = FACE_BOUND('',#1325,.F.);
#1325 = EDGE_LOOP('',(#1326,#1327,#1333,#1334));
#1326 = ORIENTED_EDGE('',*,*,#1228,.F.);
#1327 = ORIENTED_EDGE('',*,*,#1328,.T.);
#1328 = EDGE_CURVE('',#1221,#1269,#1329,.T.);
#1329 = LINE('',#1330,#1331);
#1330 = CARTESIAN_POINT('',(-9.191858750634,1.214050931368E-15,
    -11.05666010639));
#1331 = VECTOR('',#1332,1.);
#1332 = DIRECTION('',(-0.55557023302,8.039131812654E-17,-0.831469612303)
  );
#1333 = ORIENTED_EDGE('',*,*,#1268,.T.);
#1334 = ORIENTED_EDGE('',*,*,#1159,.F.);
#1335 = PLANE('',#1336);
#1336 = AXIS2_PLACEMENT_3D('',#1337,#1338,#1339);
#1337 = CARTESIAN_POINT('',(-9.191858750634,1.214050931368E-15,
    -11.05666010639));
#1338 = DIRECTION('',(-0.631362088052,-0.650702550975,0.421862660028));
#1339 = DIRECTION('',(0.541039397783,-0.759332726909,-0.361510967871));
#1340 = ADVANCED_FACE('',(#1341),#1352,.F.);
#1341 = FACE_BOUND('',#1342,.F.);
#1342 = EDGE_LOOP('',(#1343,#1344,#1345,#1346));
#1343 = ORIENTED_EDGE('',*,*,#1204,.F.);
#1344 = ORIENTED_EDGE('',*,*,#1254,.T.);
#1345 = ORIENTED_EDGE('',*,*,#1283,.F.);
#1346 = ORIENTED_EDGE('',*,*,#1347,.F.);
#1347 = EDGE_CURVE('',#1205,#1284,#1348,.T.);
#1348 = LINE('',#1349,#1350);
#1349 = CARTESIAN_POINT('',(-8.776123944483,1.500414361612,
    -11.3344452229));
#1350 = VECTOR('',#1351,1.);
#1351 = DIRECTION('',(-0.55557023302,8.039131812654E-17,-0.831469612303)
  );
#1352 = PLANE('',#1353);
#1353 = AXIS2_PLACEMENT_3D('',#1354,#1355,#1356);
#1354 = CARTESIAN_POINT('',(-10.02332836293,1.257020986141E-15,
    -10.50108987337));
#1355 = DIRECTION('',(0.588018990673,-0.707009121964,-0.392901728258));
#1356 = DIRECTION('',(0.587856600534,0.707204426923,-0.392793222636));
#1357 = ADVANCED_FACE('',(#1358),#1369,.F.);
#1358 = FACE_BOUND('',#1359,.F.);
#1359 = EDGE_LOOP('',(#1360,#1361,#1362,#1363));
#1360 = ORIENTED_EDGE('',*,*,#1212,.F.);
#1361 = ORIENTED_EDGE('',*,*,#1347,.T.);
#1362 = ORIENTED_EDGE('',*,*,#1293,.F.);
#1363 = ORIENTED_EDGE('',*,*,#1364,.F.);
#1364 = EDGE_CURVE('',#1213,#1294,#1365,.T.);
#1365 = LINE('',#1366,#1367);
#1366 = CARTESIAN_POINT('',(-7.94465433218,1.500414361612,
    -11.89001545592));
#1367 = VECTOR('',#1368,1.);
#1368 = DIRECTION('',(-0.55557023302,8.039131812654E-17,-0.831469612303)
  );
#1369 = PLANE('',#1370);
#1370 = AXIS2_PLACEMENT_3D('',#1371,#1372,#1373);
#1371 = CARTESIAN_POINT('',(-8.776123944483,1.500414361612,
    -11.3344452229));
#1372 = DIRECTION('',(-8.039131812654E-17,-1.,-4.29700547724E-17));
#1373 = DIRECTION('',(0.831469612303,-4.29700547724E-17,-0.55557023302)
  );
#1374 = ADVANCED_FACE('',(#1375),#1381,.F.);
#1375 = FACE_BOUND('',#1376,.F.);
#1376 = EDGE_LOOP('',(#1377,#1378,#1379,#1380));
#1377 = ORIENTED_EDGE('',*,*,#1220,.F.);
#1378 = ORIENTED_EDGE('',*,*,#1364,.T.);
#1379 = ORIENTED_EDGE('',*,*,#1307,.T.);
#1380 = ORIENTED_EDGE('',*,*,#1328,.F.);
#1381 = PLANE('',#1382);
#1382 = AXIS2_PLACEMENT_3D('',#1383,#1384,#1385);
#1383 = CARTESIAN_POINT('',(-7.94465433218,1.500414361612,
    -11.89001545592));
#1384 = DIRECTION('',(-0.588018990673,0.707009121964,0.392901728258));
#1385 = DIRECTION('',(-0.587856600534,-0.707204426923,0.392793222636));
#1386 = MANIFOLD_SOLID_BREP('',#1387);
#1387 = CLOSED_SHELL('',(#1388,#1433,#1480,#1506,#1564,#1581,#1598,#1615
    ));
#1388 = ADVANCED_FACE('',(#1389),#1428,.F.);
#1389 = FACE_BOUND('',#1390,.F.);
#1390 = EDGE_LOOP('',(#1391,#1401,#1409,#1422));
#1391 = ORIENTED_EDGE('',*,*,#1392,.F.);
#1392 = EDGE_CURVE('',#1393,#1395,#1397,.T.);
#1393 = VERTEX_POINT('',#1394);
#1394 = CARTESIAN_POINT('',(-10.11162697096,-1.750414361612,
    -10.11162697096));
#1395 = VERTEX_POINT('',#1396);
#1396 = CARTESIAN_POINT('',(-10.81873375215,-1.750414361612,
    -9.404520189781));
#1397 = LINE('',#1398,#1399);
#1398 = CARTESIAN_POINT('',(-10.11162697096,-1.750414361612,
    -10.11162697096));
#1399 = VECTOR('',#1400,1.);
#1400 = DIRECTION('',(-0.707106781187,4.598694340586E-17,0.707106781187)
  );
#1401 = ORIENTED_EDGE('',*,*,#1402,.T.);
#1402 = EDGE_CURVE('',#1393,#1403,#1405,.T.);
#1403 = VERTEX_POINT('',#1404);
#1404 = CARTESIAN_POINT('',(-10.62508714853,-1.750414361612,
    -10.62508714853));
#1405 = LINE('',#1406,#1407);
#1406 = CARTESIAN_POINT('',(-10.11162697096,-1.750414361612,
    -10.11162697096));
#1407 = VECTOR('',#1408,1.);
#1408 = DIRECTION('',(-0.707106781187,1.110223024625E-16,-0.707106781187
    ));
#1409 = ORIENTED_EDGE('',*,*,#1410,.T.);
#1410 = EDGE_CURVE('',#1403,#1411,#1413,.T.);
#1411 = VERTEX_POINT('',#1412);
#1412 = CARTESIAN_POINT('',(-11.3086386004,-1.750414361612,
    -9.894425038032));
#1413 = B_SPLINE_CURVE_WITH_KNOTS('',7,(#1414,#1415,#1416,#1417,#1418,
    #1419,#1420,#1421),.UNSPECIFIED.,.F.,.F.,(8,8),(0.,1.),
  .PIECEWISE_BEZIER_KNOTS.);
#1414 = CARTESIAN_POINT('',(-10.62508714853,-1.750414361612,
    -10.62508714853));
#1415 = CARTESIAN_POINT('',(-10.72617714079,-1.750414361612,
    -10.52399715627));
#1416 = CARTESIAN_POINT('',(-10.82614500118,-1.750414361612,
    -10.42178514692));
#1417 = CARTESIAN_POINT('',(-10.92497583022,-1.750414361612,
    -10.31846572959));
#1418 = CARTESIAN_POINT('',(-11.02265493008,-1.750414361612,
    -10.21405492981));
#1419 = CARTESIAN_POINT('',(-11.11916785346,-1.750414361612,
    -10.10856680703));
#1420 = CARTESIAN_POINT('',(-11.21450044445,-1.750414361612,
    -10.00201846107));
#1421 = CARTESIAN_POINT('',(-11.3086386004,-1.750414361612,
    -9.894425038032));
#1422 = ORIENTED_EDGE('',*,*,#1423,.F.);
#1423 = EDGE_CURVE('',#1395,#1411,#1424,.T.);
#1424 = LINE('',#1425,#1426);
#1425 = CARTESIAN_POINT('',(-10.81873375215,-1.750414361612,
    -9.404520189781));
#1426 = VECTOR('',#1427,1.);
#1427 = DIRECTION('',(-0.707106781187,1.110223024625E-16,-0.707106781187
    ));
#1428 = PLANE('',#1429);
#1429 = AXIS2_PLACEMENT_3D('',#1430,#1431,#1432);
#1430 = CARTESIAN_POINT('',(-10.11162697096,-1.750414361612,
    -10.11162697096));
#1431 = DIRECTION('',(1.110223024625E-16,1.,4.598694340586E-17));
#1432 = DIRECTION('',(-0.707106781187,4.598694340586E-17,0.707106781187)
  );
#1433 = ADVANCED_FACE('',(#1434),#1475,.T.);
#1434 = FACE_BOUND('',#1435,.F.);
#1435 = EDGE_LOOP('',(#1436,#1437,#1445,#1453,#1461,#1469));
#1436 = ORIENTED_EDGE('',*,*,#1392,.T.);
#1437 = ORIENTED_EDGE('',*,*,#1438,.T.);
#1438 = EDGE_CURVE('',#1395,#1439,#1441,.T.);
#1439 = VERTEX_POINT('',#1440);
#1440 = CARTESIAN_POINT('',(-11.87939392393,1.702586283729E-15,
    -8.343860018001));
#1441 = LINE('',#1442,#1443);
#1442 = CARTESIAN_POINT('',(-10.81873375215,-1.750414361612,
    -9.404520189781));
#1443 = VECTOR('',#1444,1.);
#1444 = DIRECTION('',(-0.46011618633,0.759332726909,0.46011618633));
#1445 = ORIENTED_EDGE('',*,*,#1446,.T.);
#1446 = EDGE_CURVE('',#1439,#1447,#1449,.T.);
#1447 = VERTEX_POINT('',#1448);
#1448 = CARTESIAN_POINT('',(-10.81873375215,1.500414361612,
    -9.404520189781));
#1449 = LINE('',#1450,#1451);
#1450 = CARTESIAN_POINT('',(-11.87939392393,1.702586283729E-15,
    -8.343860018001));
#1451 = VECTOR('',#1452,1.);
#1452 = DIRECTION('',(0.499930944501,0.707204426923,-0.499930944501));
#1453 = ORIENTED_EDGE('',*,*,#1454,.T.);
#1454 = EDGE_CURVE('',#1447,#1455,#1457,.T.);
#1455 = VERTEX_POINT('',#1456);
#1456 = CARTESIAN_POINT('',(-10.11162697096,1.500414361612,
    -10.11162697096));
#1457 = LINE('',#1458,#1459);
#1458 = CARTESIAN_POINT('',(-10.81873375215,1.500414361612,
    -9.404520189781));
#1459 = VECTOR('',#1460,1.);
#1460 = DIRECTION('',(0.707106781187,-4.598694340586E-17,-0.707106781187
    ));
#1461 = ORIENTED_EDGE('',*,*,#1462,.T.);
#1462 = EDGE_CURVE('',#1455,#1463,#1465,.T.);
#1463 = VERTEX_POINT('',#1464);
#1464 = CARTESIAN_POINT('',(-11.17228714274,1.656599340323E-15,
    -9.050966799188));
#1465 = LINE('',#1466,#1467);
#1466 = CARTESIAN_POINT('',(-10.11162697096,1.500414361612,
    -10.11162697096));
#1467 = VECTOR('',#1468,1.);
#1468 = DIRECTION('',(-0.499930944501,-0.707204426923,0.499930944501));
#1469 = ORIENTED_EDGE('',*,*,#1470,.T.);
#1470 = EDGE_CURVE('',#1463,#1393,#1471,.T.);
#1471 = LINE('',#1472,#1473);
#1472 = CARTESIAN_POINT('',(-11.17228714274,1.656599340323E-15,
    -9.050966799188));
#1473 = VECTOR('',#1474,1.);
#1474 = DIRECTION('',(0.46011618633,-0.759332726909,-0.46011618633));
#1475 = PLANE('',#1476);
#1476 = AXIS2_PLACEMENT_3D('',#1477,#1478,#1479);
#1477 = CARTESIAN_POINT('',(-10.89778642811,-0.101510508611,
    -9.325467513818));
#1478 = DIRECTION('',(0.707106781187,-1.110223024625E-16,0.707106781187)
  );
#1479 = DIRECTION('',(0.707106781187,-4.598694340586E-17,-0.707106781187
    ));
#1480 = ADVANCED_FACE('',(#1481),#1501,.F.);
#1481 = FACE_BOUND('',#1482,.F.);
#1482 = EDGE_LOOP('',(#1483,#1484,#1485,#1495));
#1483 = ORIENTED_EDGE('',*,*,#1438,.F.);
#1484 = ORIENTED_EDGE('',*,*,#1423,.T.);
#1485 = ORIENTED_EDGE('',*,*,#1486,.F.);
#1486 = EDGE_CURVE('',#1487,#1411,#1489,.T.);
#1487 = VERTEX_POINT('',#1488);
#1488 = CARTESIAN_POINT('',(-12.29187433373,1.767349521806E-15,
    -8.756340427799));
#1489 = B_SPLINE_CURVE_WITH_KNOTS('',4,(#1490,#1491,#1492,#1493,#1494),
  .UNSPECIFIED.,.F.,.F.,(5,5),(0.,1.),.PIECEWISE_BEZIER_KNOTS.);
#1490 = CARTESIAN_POINT('',(-12.29187433373,1.7763568394E-15,
    -8.756340427799));
#1491 = CARTESIAN_POINT('',(-12.07217209681,-0.435774405179,
    -9.064751494324));
#1492 = CARTESIAN_POINT('',(-11.83462503302,-0.873506546124,
    -9.357690306329));
#1493 = CARTESIAN_POINT('',(-11.57987950188,-1.312084436222,
    -9.634455611083));
#1494 = CARTESIAN_POINT('',(-11.3086386004,-1.750414361612,
    -9.894425038032));
#1495 = ORIENTED_EDGE('',*,*,#1496,.F.);
#1496 = EDGE_CURVE('',#1439,#1487,#1497,.T.);
#1497 = LINE('',#1498,#1499);
#1498 = CARTESIAN_POINT('',(-11.87939392393,1.702586283729E-15,
    -8.343860018001));
#1499 = VECTOR('',#1500,1.);
#1500 = DIRECTION('',(-0.707106781187,1.110223024625E-16,-0.707106781187
    ));
#1501 = PLANE('',#1502);
#1502 = AXIS2_PLACEMENT_3D('',#1503,#1504,#1505);
#1503 = CARTESIAN_POINT('',(-10.81873375215,-1.750414361612,
    -9.404520189781));
#1504 = DIRECTION('',(0.536929320374,0.650702550975,-0.536929320374));
#1505 = DIRECTION('',(-0.46011618633,0.759332726909,0.46011618633));
#1506 = ADVANCED_FACE('',(#1507),#1555,.T.);
#1507 = FACE_BOUND('',#1508,.T.);
#1508 = EDGE_LOOP('',(#1509,#1522,#1523,#1524,#1534,#1547));
#1509 = ORIENTED_EDGE('',*,*,#1510,.T.);
#1510 = EDGE_CURVE('',#1511,#1403,#1513,.T.);
#1511 = VERTEX_POINT('',#1512);
#1512 = CARTESIAN_POINT('',(-11.67936235998,1.73621483778E-15,
    -9.55804201643));
#1513 = B_SPLINE_CURVE_WITH_KNOTS('',4,(#1514,#1515,#1516,#1517,#1518,
    #1519,#1520,#1521),.UNSPECIFIED.,.F.,.F.,(5,3,5),(0.,0.859040906687,
    1.),.UNSPECIFIED.);
#1514 = CARTESIAN_POINT('',(-11.67936235998,1.73621483778E-15,
    -9.55804201643));
#1515 = CARTESIAN_POINT('',(-11.4746310986,-0.375362838397,
    -9.808211516127));
#1516 = CARTESIAN_POINT('',(-11.2571559581,-0.751580097853,
    -10.04667260626));
#1517 = CARTESIAN_POINT('',(-11.02734609539,-1.127960104082,
    -10.27299620637));
#1518 = CARTESIAN_POINT('',(-10.74598274768,-1.565489825124,
    -10.52187342255));
#1519 = CARTESIAN_POINT('',(-10.70600181282,-1.627149502621,
    -10.55661761056));
#1520 = CARTESIAN_POINT('',(-10.66570262024,-1.688792027003,
    -10.59102275306));
#1521 = CARTESIAN_POINT('',(-10.62508714853,-1.750414361612,
    -10.62508714853));
#1522 = ORIENTED_EDGE('',*,*,#1410,.T.);
#1523 = ORIENTED_EDGE('',*,*,#1486,.F.);
#1524 = ORIENTED_EDGE('',*,*,#1525,.F.);
#1525 = EDGE_CURVE('',#1526,#1487,#1528,.T.);
#1526 = VERTEX_POINT('',#1527);
#1527 = CARTESIAN_POINT('',(-11.32100114408,1.500414361612,
    -9.906787581715));
#1528 = B_SPLINE_CURVE_WITH_KNOTS('',4,(#1529,#1530,#1531,#1532,#1533),
  .UNSPECIFIED.,.F.,.F.,(5,5),(0.,1.),.PIECEWISE_BEZIER_KNOTS.);
#1529 = CARTESIAN_POINT('',(-11.32100114408,1.500414361612,
    -9.906787581715));
#1530 = CARTESIAN_POINT('',(-11.58624049162,1.124426479542,
    -9.640446611459));
#1531 = CARTESIAN_POINT('',(-11.83687169974,0.7484591178,-9.359526513895
    ));
#1532 = CARTESIAN_POINT('',(-12.07227368099,0.373362942798,
    -9.064608893323));
#1533 = CARTESIAN_POINT('',(-12.29187433373,1.767349521806E-15,
    -8.756340427799));
#1534 = ORIENTED_EDGE('',*,*,#1535,.F.);
#1535 = EDGE_CURVE('',#1536,#1526,#1538,.T.);
#1536 = VERTEX_POINT('',#1537);
#1537 = CARTESIAN_POINT('',(-10.63742231684,1.500414361612,
    -10.63742231684));
#1538 = B_SPLINE_CURVE_WITH_KNOTS('',7,(#1539,#1540,#1541,#1542,#1543,
    #1544,#1545,#1546),.UNSPECIFIED.,.F.,.F.,(8,8),(0.,1.),
  .PIECEWISE_BEZIER_KNOTS.);
#1539 = CARTESIAN_POINT('',(-10.63742231684,1.500414361612,
    -10.63742231684));
#1540 = CARTESIAN_POINT('',(-10.73851213575,1.500414361612,
    -10.53633249793));
#1541 = CARTESIAN_POINT('',(-10.83848112749,1.500414361612,
    -10.4341219676));
#1542 = CARTESIAN_POINT('',(-10.93731442778,1.500414361612,
    -10.33080529775));
#1543 = CARTESIAN_POINT('',(-11.03499737258,1.500414361612,
    -10.22639848432));
#1544 = CARTESIAN_POINT('',(-11.13151554743,1.500414361612,
    -10.1209155402));
#1545 = CARTESIAN_POINT('',(-11.22685482897,1.500414361612,
    -10.01437353872));
#1546 = CARTESIAN_POINT('',(-11.32100114408,1.500414361612,
    -9.906787581715));
#1547 = ORIENTED_EDGE('',*,*,#1548,.T.);
#1548 = EDGE_CURVE('',#1536,#1511,#1549,.T.);
#1549 = B_SPLINE_CURVE_WITH_KNOTS('',4,(#1550,#1551,#1552,#1553,#1554),
  .UNSPECIFIED.,.F.,.F.,(5,5),(0.,1.),.PIECEWISE_BEZIER_KNOTS.);
#1550 = CARTESIAN_POINT('',(-10.63742231684,1.500414361612,
    -10.63742231684));
#1551 = CARTESIAN_POINT('',(-10.91955250418,1.125460957613,
    -10.38943475528));
#1552 = CARTESIAN_POINT('',(-11.18766257569,0.749846014813,
    -10.12649177912));
#1553 = CARTESIAN_POINT('',(-11.44112467428,0.374410412648,
    -9.849154385962));
#1554 = CARTESIAN_POINT('',(-11.67936235998,1.33226762955E-15,
    -9.55804201643));
#1555 = SURFACE_OF_REVOLUTION('',#1556,#1561);
#1556 = CIRCLE('',#1557,23.350974086829);
#1557 = AXIS2_PLACEMENT_3D('',#1558,#1559,#1560);
#1558 = CARTESIAN_POINT('',(0.,-1.088741204263E-14,-8.259132836545));
#1559 = DIRECTION('',(1.,0.,0.));
#1560 = DIRECTION('',(0.,1.,0.));
#1561 = AXIS1_PLACEMENT('',#1562,#1563);
#1562 = CARTESIAN_POINT('',(0.,0.,0.));
#1563 = DIRECTION('',(-1.110223024625E-16,-1.,1.110223024625E-16));
#1564 = ADVANCED_FACE('',(#1565),#1576,.F.);
#1565 = FACE_BOUND('',#1566,.F.);
#1566 = EDGE_LOOP('',(#1567,#1568,#1574,#1575));
#1567 = ORIENTED_EDGE('',*,*,#1470,.F.);
#1568 = ORIENTED_EDGE('',*,*,#1569,.T.);
#1569 = EDGE_CURVE('',#1463,#1511,#1570,.T.);
#1570 = LINE('',#1571,#1572);
#1571 = CARTESIAN_POINT('',(-11.17228714274,1.656599340323E-15,
    -9.050966799188));
#1572 = VECTOR('',#1573,1.);
#1573 = DIRECTION('',(-0.707106781187,1.110223024625E-16,-0.707106781187
    ));
#1574 = ORIENTED_EDGE('',*,*,#1510,.T.);
#1575 = ORIENTED_EDGE('',*,*,#1402,.F.);
#1576 = PLANE('',#1577);
#1577 = AXIS2_PLACEMENT_3D('',#1578,#1579,#1580);
#1578 = CARTESIAN_POINT('',(-11.17228714274,1.656599340323E-15,
    -9.050966799188));
#1579 = DIRECTION('',(-0.536929320374,-0.650702550975,0.536929320374));
#1580 = DIRECTION('',(0.46011618633,-0.759332726909,-0.46011618633));
#1581 = ADVANCED_FACE('',(#1582),#1593,.F.);
#1582 = FACE_BOUND('',#1583,.F.);
#1583 = EDGE_LOOP('',(#1584,#1585,#1586,#1587));
#1584 = ORIENTED_EDGE('',*,*,#1446,.F.);
#1585 = ORIENTED_EDGE('',*,*,#1496,.T.);
#1586 = ORIENTED_EDGE('',*,*,#1525,.F.);
#1587 = ORIENTED_EDGE('',*,*,#1588,.F.);
#1588 = EDGE_CURVE('',#1447,#1526,#1589,.T.);
#1589 = LINE('',#1590,#1591);
#1590 = CARTESIAN_POINT('',(-10.81873375215,1.500414361612,
    -9.404520189781));
#1591 = VECTOR('',#1592,1.);
#1592 = DIRECTION('',(-0.707106781187,1.110223024625E-16,-0.707106781187
    ));
#1593 = PLANE('',#1594);
#1594 = AXIS2_PLACEMENT_3D('',#1595,#1596,#1597);
#1595 = CARTESIAN_POINT('',(-11.87939392393,1.702586283729E-15,
    -8.343860018001));
#1596 = DIRECTION('',(0.500069045963,-0.707009121964,-0.500069045963));
#1597 = DIRECTION('',(0.499930944501,0.707204426923,-0.499930944501));
#1598 = ADVANCED_FACE('',(#1599),#1610,.F.);
#1599 = FACE_BOUND('',#1600,.F.);
#1600 = EDGE_LOOP('',(#1601,#1602,#1603,#1604));
#1601 = ORIENTED_EDGE('',*,*,#1454,.F.);
#1602 = ORIENTED_EDGE('',*,*,#1588,.T.);
#1603 = ORIENTED_EDGE('',*,*,#1535,.F.);
#1604 = ORIENTED_EDGE('',*,*,#1605,.F.);
#1605 = EDGE_CURVE('',#1455,#1536,#1606,.T.);
#1606 = LINE('',#1607,#1608);
#1607 = CARTESIAN_POINT('',(-10.11162697096,1.500414361612,
    -10.11162697096));
#1608 = VECTOR('',#1609,1.);
#1609 = DIRECTION('',(-0.707106781187,1.110223024625E-16,-0.707106781187
    ));
#1610 = PLANE('',#1611);
#1611 = AXIS2_PLACEMENT_3D('',#1612,#1613,#1614);
#1612 = CARTESIAN_POINT('',(-10.81873375215,1.500414361612,
    -9.404520189781));
#1613 = DIRECTION('',(-1.110223024625E-16,-1.,-4.598694340586E-17));
#1614 = DIRECTION('',(0.707106781187,-4.598694340586E-17,-0.707106781187
    ));
#1615 = ADVANCED_FACE('',(#1616),#1622,.F.);
#1616 = FACE_BOUND('',#1617,.F.);
#1617 = EDGE_LOOP('',(#1618,#1619,#1620,#1621));
#1618 = ORIENTED_EDGE('',*,*,#1462,.F.);
#1619 = ORIENTED_EDGE('',*,*,#1605,.T.);
#1620 = ORIENTED_EDGE('',*,*,#1548,.T.);
#1621 = ORIENTED_EDGE('',*,*,#1569,.F.);
#1622 = PLANE('',#1623);
#1623 = AXIS2_PLACEMENT_3D('',#1624,#1625,#1626);
#1624 = CARTESIAN_POINT('',(-10.11162697096,1.500414361612,
    -10.11162697096));
#1625 = DIRECTION('',(-0.500069045963,0.707009121964,0.500069045963));
#1626 = DIRECTION('',(-0.499930944501,-0.707204426923,0.499930944501));
#1627 = MANIFOLD_SOLID_BREP('',#1628);
#1628 = CLOSED_SHELL('',(#1629,#1674,#1721,#1747,#1805,#1822,#1839,#1856
    ));
#1629 = ADVANCED_FACE('',(#1630),#1669,.F.);
#1630 = FACE_BOUND('',#1631,.F.);
#1631 = EDGE_LOOP('',(#1632,#1642,#1650,#1663));
#1632 = ORIENTED_EDGE('',*,*,#1633,.F.);
#1633 = EDGE_CURVE('',#1634,#1636,#1638,.T.);
#1634 = VERTEX_POINT('',#1635);
#1635 = CARTESIAN_POINT('',(-11.89001545592,-1.750414361612,
    -7.94465433218));
#1636 = VERTEX_POINT('',#1637);
#1637 = CARTESIAN_POINT('',(-12.44558568894,-1.750414361612,
    -7.113184719878));
#1638 = LINE('',#1639,#1640);
#1639 = CARTESIAN_POINT('',(-11.89001545592,-1.750414361612,
    -7.94465433218));
#1640 = VECTOR('',#1641,1.);
#1641 = DIRECTION('',(-0.55557023302,4.29700547724E-17,0.831469612303));
#1642 = ORIENTED_EDGE('',*,*,#1643,.T.);
#1643 = EDGE_CURVE('',#1634,#1644,#1646,.T.);
#1644 = VERTEX_POINT('',#1645);
#1645 = CARTESIAN_POINT('',(-12.49378075153,-1.750414361612,
    -8.348077405025));
#1646 = LINE('',#1647,#1648);
#1647 = CARTESIAN_POINT('',(-11.89001545592,-1.750414361612,
    -7.94465433218));
#1648 = VECTOR('',#1649,1.);
#1649 = DIRECTION('',(-0.831469612303,1.416532867985E-16,-0.55557023302)
  );
#1650 = ORIENTED_EDGE('',*,*,#1651,.T.);
#1651 = EDGE_CURVE('',#1644,#1652,#1654,.T.);
#1652 = VERTEX_POINT('',#1653);
#1653 = CARTESIAN_POINT('',(-13.02165284751,-1.750414361612,
    -7.498100489238));
#1654 = B_SPLINE_CURVE_WITH_KNOTS('',7,(#1655,#1656,#1657,#1658,#1659,
    #1660,#1661,#1662),.UNSPECIFIED.,.F.,.F.,(8,8),(0.,1.),
  .PIECEWISE_BEZIER_KNOTS.);
#1655 = CARTESIAN_POINT('',(-12.49378075153,-1.750414361612,
    -8.348077405025));
#1656 = CARTESIAN_POINT('',(-12.57320659817,-1.750414361612,
    -8.229208224244));
#1657 = CARTESIAN_POINT('',(-12.65131304487,-1.750414361612,
    -8.109457386138));
#1658 = CARTESIAN_POINT('',(-12.72808828225,-1.750414361612,
    -7.988842346285));
#1659 = CARTESIAN_POINT('',(-12.80352094655,-1.750414361612,
    -7.867381331254));
#1660 = CARTESIAN_POINT('',(-12.87759971256,-1.750414361612,
    -7.745091605891));
#1661 = CARTESIAN_POINT('',(-12.95031391548,-1.750414361612,
    -7.621992021746));
#1662 = CARTESIAN_POINT('',(-13.02165284751,-1.750414361612,
    -7.498100489238));
#1663 = ORIENTED_EDGE('',*,*,#1664,.F.);
#1664 = EDGE_CURVE('',#1636,#1652,#1665,.T.);
#1665 = LINE('',#1666,#1667);
#1666 = CARTESIAN_POINT('',(-12.44558568894,-1.750414361612,
    -7.113184719878));
#1667 = VECTOR('',#1668,1.);
#1668 = DIRECTION('',(-0.831469612303,1.416532867985E-16,-0.55557023302)
  );
#1669 = PLANE('',#1670);
#1670 = AXIS2_PLACEMENT_3D('',#1671,#1672,#1673);
#1671 = CARTESIAN_POINT('',(-11.89001545592,-1.750414361612,
    -7.94465433218));
#1672 = DIRECTION('',(1.416532867985E-16,1.,4.29700547724E-17));
#1673 = DIRECTION('',(-0.55557023302,4.29700547724E-17,0.831469612303));
#1674 = ADVANCED_FACE('',(#1675),#1716,.T.);
#1675 = FACE_BOUND('',#1676,.F.);
#1676 = EDGE_LOOP('',(#1677,#1678,#1686,#1694,#1702,#1710));
#1677 = ORIENTED_EDGE('',*,*,#1633,.T.);
#1678 = ORIENTED_EDGE('',*,*,#1679,.T.);
#1679 = EDGE_CURVE('',#1636,#1680,#1682,.T.);
#1680 = VERTEX_POINT('',#1681);
#1681 = CARTESIAN_POINT('',(-13.27894103847,2.133067138149E-15,
    -5.865980301424));
#1682 = LINE('',#1683,#1684);
#1683 = CARTESIAN_POINT('',(-12.44558568894,-1.750414361612,
    -7.113184719878));
#1684 = VECTOR('',#1685,1.);
#1685 = DIRECTION('',(-0.361510967871,0.759332726909,0.541039397783));
#1686 = ORIENTED_EDGE('',*,*,#1687,.T.);
#1687 = EDGE_CURVE('',#1680,#1688,#1690,.T.);
#1688 = VERTEX_POINT('',#1689);
#1689 = CARTESIAN_POINT('',(-12.44558568894,1.500414361612,
    -7.113184719878));
#1690 = LINE('',#1691,#1692);
#1691 = CARTESIAN_POINT('',(-13.27894103847,2.133067138149E-15,
    -5.865980301424));
#1692 = VECTOR('',#1693,1.);
#1693 = DIRECTION('',(0.392793222636,0.707204426923,-0.587856600534));
#1694 = ORIENTED_EDGE('',*,*,#1695,.T.);
#1695 = EDGE_CURVE('',#1688,#1696,#1698,.T.);
#1696 = VERTEX_POINT('',#1697);
#1697 = CARTESIAN_POINT('',(-11.89001545592,1.500414361612,
    -7.94465433218));
#1698 = LINE('',#1699,#1700);
#1699 = CARTESIAN_POINT('',(-12.44558568894,1.500414361612,
    -7.113184719878));
#1700 = VECTOR('',#1701,1.);
#1701 = DIRECTION('',(0.55557023302,-4.29700547724E-17,-0.831469612303)
  );
#1702 = ORIENTED_EDGE('',*,*,#1703,.T.);
#1703 = EDGE_CURVE('',#1696,#1704,#1706,.T.);
#1704 = VERTEX_POINT('',#1705);
#1705 = CARTESIAN_POINT('',(-12.72337080545,2.090097083377E-15,
    -6.697449913726));
#1706 = LINE('',#1707,#1708);
#1707 = CARTESIAN_POINT('',(-11.89001545592,1.500414361612,
    -7.94465433218));
#1708 = VECTOR('',#1709,1.);
#1709 = DIRECTION('',(-0.392793222636,-0.707204426923,0.587856600534));
#1710 = ORIENTED_EDGE('',*,*,#1711,.T.);
#1711 = EDGE_CURVE('',#1704,#1634,#1712,.T.);
#1712 = LINE('',#1713,#1714);
#1713 = CARTESIAN_POINT('',(-12.72337080545,2.090097083377E-15,
    -6.697449913726));
#1714 = VECTOR('',#1715,1.);
#1715 = DIRECTION('',(0.361510967871,-0.759332726909,-0.541039397783));
#1716 = PLANE('',#1717);
#1717 = AXIS2_PLACEMENT_3D('',#1718,#1719,#1720);
#1718 = CARTESIAN_POINT('',(-12.50769697789,-0.101510508611,
    -7.020228606907));
#1719 = DIRECTION('',(0.831469612303,-1.416532867985E-16,0.55557023302)
  );
#1720 = DIRECTION('',(0.55557023302,-4.29700547724E-17,-0.831469612303)
  );
#1721 = ADVANCED_FACE('',(#1722),#1742,.F.);
#1722 = FACE_BOUND('',#1723,.F.);
#1723 = EDGE_LOOP('',(#1724,#1725,#1726,#1736));
#1724 = ORIENTED_EDGE('',*,*,#1679,.F.);
#1725 = ORIENTED_EDGE('',*,*,#1664,.T.);
#1726 = ORIENTED_EDGE('',*,*,#1727,.F.);
#1727 = EDGE_CURVE('',#1728,#1652,#1730,.T.);
#1728 = VERTEX_POINT('',#1729);
#1729 = CARTESIAN_POINT('',(-13.76396668883,2.215698513413E-15,
    -6.190064079836));
#1730 = B_SPLINE_CURVE_WITH_KNOTS('',4,(#1731,#1732,#1733,#1734,#1735),
  .UNSPECIFIED.,.F.,.F.,(5,5),(0.,1.),.PIECEWISE_BEZIER_KNOTS.);
#1731 = CARTESIAN_POINT('',(-13.76396668883,2.22044604925E-15,
    -6.190064079836));
#1732 = CARTESIAN_POINT('',(-13.60865398307,-0.435774405179,
    -6.535410894346));
#1733 = CARTESIAN_POINT('',(-13.43282084667,-0.873506546124,
    -6.869064102387));
#1734 = CARTESIAN_POINT('',(-13.2369644119,-1.312084436222,
    -7.190209827117));
#1735 = CARTESIAN_POINT('',(-13.02165284751,-1.750414361612,
    -7.498100489238));
#1736 = ORIENTED_EDGE('',*,*,#1737,.F.);
#1737 = EDGE_CURVE('',#1680,#1728,#1738,.T.);
#1738 = LINE('',#1739,#1740);
#1739 = CARTESIAN_POINT('',(-13.27894103847,2.133067138149E-15,
    -5.865980301424));
#1740 = VECTOR('',#1741,1.);
#1741 = DIRECTION('',(-0.831469612303,1.416532867985E-16,-0.55557023302)
  );
#1742 = PLANE('',#1743);
#1743 = AXIS2_PLACEMENT_3D('',#1744,#1745,#1746);
#1744 = CARTESIAN_POINT('',(-12.44558568894,-1.750414361612,
    -7.113184719878));
#1745 = DIRECTION('',(0.421862660028,0.650702550975,-0.631362088052));
#1746 = DIRECTION('',(-0.361510967871,0.759332726909,0.541039397783));
#1747 = ADVANCED_FACE('',(#1748),#1796,.T.);
#1748 = FACE_BOUND('',#1749,.T.);
#1749 = EDGE_LOOP('',(#1750,#1763,#1764,#1765,#1775,#1788));
#1750 = ORIENTED_EDGE('',*,*,#1751,.T.);
#1751 = EDGE_CURVE('',#1752,#1644,#1754,.T.);
#1752 = VERTEX_POINT('',#1753);
#1753 = CARTESIAN_POINT('',(-13.319628182,2.191678447165E-15,
    -7.095856355437));
#1754 = B_SPLINE_CURVE_WITH_KNOTS('',4,(#1755,#1756,#1757,#1758,#1759,
    #1760,#1761,#1762),.UNSPECIFIED.,.F.,.F.,(5,3,5),(0.,0.859040906687,
    1.),.UNSPECIFIED.);
#1755 = CARTESIAN_POINT('',(-13.319628182,2.191678447165E-15,
    -7.095856355437));
#1756 = CARTESIAN_POINT('',(-13.16763642265,-0.375362838397,
    -7.381160006056));
#1757 = CARTESIAN_POINT('',(-13.00086145685,-0.751580097853,
    -7.657466428401));
#1758 = CARTESIAN_POINT('',(-12.81962087025,-1.127960104082,
    -7.924274964113));
#1759 = CARTESIAN_POINT('',(-12.59221737661,-1.565489825124,
    -8.223261340482));
#1760 = CARTESIAN_POINT('',(-12.55978291903,-1.627149502621,
    -8.265137822122));
#1761 = CARTESIAN_POINT('',(-12.52697017446,-1.688792027003,
    -8.306743861913));
#1762 = CARTESIAN_POINT('',(-12.49378075153,-1.750414361612,
    -8.348077405025));
#1763 = ORIENTED_EDGE('',*,*,#1651,.T.);
#1764 = ORIENTED_EDGE('',*,*,#1727,.F.);
#1765 = ORIENTED_EDGE('',*,*,#1766,.F.);
#1766 = EDGE_CURVE('',#1767,#1728,#1769,.T.);
#1767 = VERTEX_POINT('',#1768);
#1768 = CARTESIAN_POINT('',(-13.03618966101,1.500414361612,
    -7.507813677483));
#1769 = B_SPLINE_CURVE_WITH_KNOTS('',4,(#1770,#1771,#1772,#1773,#1774),
  .UNSPECIFIED.,.F.,.F.,(5,5),(0.,1.),.PIECEWISE_BEZIER_KNOTS.);
#1770 = CARTESIAN_POINT('',(-13.03618966101,1.500414361612,
    -7.507813677483));
#1771 = CARTESIAN_POINT('',(-13.2443719632,1.124426479542,
    -7.194844744565));
#1772 = CARTESIAN_POINT('',(-13.43538257064,0.7484591178,-6.870426724805
    ));
#1773 = CARTESIAN_POINT('',(-13.60872579526,0.373362942797,
    -6.535251215291));
#1774 = CARTESIAN_POINT('',(-13.76396668883,2.215698513413E-15,
    -6.190064079836));
#1775 = ORIENTED_EDGE('',*,*,#1776,.F.);
#1776 = EDGE_CURVE('',#1777,#1767,#1779,.T.);
#1777 = VERTEX_POINT('',#1778);
#1778 = CARTESIAN_POINT('',(-12.508285375,1.500414361612,-8.357769084577
    ));
#1779 = B_SPLINE_CURVE_WITH_KNOTS('',7,(#1780,#1781,#1782,#1783,#1784,
    #1785,#1786,#1787),.UNSPECIFIED.,.F.,.F.,(8,8),(0.,1.),
  .PIECEWISE_BEZIER_KNOTS.);
#1780 = CARTESIAN_POINT('',(-12.508285375,1.500414361612,-8.357769084577
    ));
#1781 = CARTESIAN_POINT('',(-12.57302219355,1.500414361612,
    -8.260883588061));
#1782 = CARTESIAN_POINT('',(-12.65288006746,1.500414361612,
    -8.13947552873));
#1783 = CARTESIAN_POINT('',(-12.73784984005,1.500414361612,
    -8.006816431746));
#1784 = CARTESIAN_POINT('',(-12.82103879567,1.500414361612,
    -7.87261319063));
#1785 = CARTESIAN_POINT('',(-12.89895620894,1.500414361612,
    -7.743401343704));
#1786 = CARTESIAN_POINT('',(-12.97039747129,1.500414361612,
    -7.622051969441));
#1787 = CARTESIAN_POINT('',(-13.03618966101,1.500414361612,
    -7.507813677483));
#1788 = ORIENTED_EDGE('',*,*,#1789,.T.);
#1789 = EDGE_CURVE('',#1777,#1752,#1790,.T.);
#1790 = B_SPLINE_CURVE_WITH_KNOTS('',4,(#1791,#1792,#1793,#1794,#1795),
  .UNSPECIFIED.,.F.,.F.,(5,5),(0.,1.),.PIECEWISE_BEZIER_KNOTS.);
#1791 = CARTESIAN_POINT('',(-12.508285375,1.500414361612,-8.357769084577
    ));
#1792 = CARTESIAN_POINT('',(-12.73661453667,1.125460957613,
    -8.059505665384));
#1793 = CARTESIAN_POINT('',(-12.94827531843,0.749846014813,
    -7.749309384588));
#1794 = CARTESIAN_POINT('',(-13.14276137254,0.374410412648,
    -7.427852949236));
#1795 = CARTESIAN_POINT('',(-13.319628182,2.22044604925E-15,
    -7.095856355437));
#1796 = SURFACE_OF_REVOLUTION('',#1797,#1802);
#1797 = CIRCLE('',#1798,23.350974086829);
#1798 = AXIS2_PLACEMENT_3D('',#1799,#1800,#1801);
#1799 = CARTESIAN_POINT('',(0.,-1.088741204263E-14,-8.259132836545));
#1800 = DIRECTION('',(1.,0.,0.));
#1801 = DIRECTION('',(0.,1.,0.));
#1802 = AXIS1_PLACEMENT('',#1803,#1804);
#1803 = CARTESIAN_POINT('',(0.,0.,0.));
#1804 = DIRECTION('',(-1.110223024625E-16,-1.,1.110223024625E-16));
#1805 = ADVANCED_FACE('',(#1806),#1817,.F.);
#1806 = FACE_BOUND('',#1807,.F.);
#1807 = EDGE_LOOP('',(#1808,#1809,#1815,#1816));
#1808 = ORIENTED_EDGE('',*,*,#1711,.F.);
#1809 = ORIENTED_EDGE('',*,*,#1810,.T.);
#1810 = EDGE_CURVE('',#1704,#1752,#1811,.T.);
#1811 = LINE('',#1812,#1813);
#1812 = CARTESIAN_POINT('',(-12.72337080545,2.090097083377E-15,
    -6.697449913726));
#1813 = VECTOR('',#1814,1.);
#1814 = DIRECTION('',(-0.831469612303,1.416532867985E-16,-0.55557023302)
  );
#1815 = ORIENTED_EDGE('',*,*,#1751,.T.);
#1816 = ORIENTED_EDGE('',*,*,#1643,.F.);
#1817 = PLANE('',#1818);
#1818 = AXIS2_PLACEMENT_3D('',#1819,#1820,#1821);
#1819 = CARTESIAN_POINT('',(-12.72337080545,2.090097083377E-15,
    -6.697449913726));
#1820 = DIRECTION('',(-0.421862660028,-0.650702550975,0.631362088052));
#1821 = DIRECTION('',(0.361510967871,-0.759332726909,-0.541039397783));
#1822 = ADVANCED_FACE('',(#1823),#1834,.F.);
#1823 = FACE_BOUND('',#1824,.F.);
#1824 = EDGE_LOOP('',(#1825,#1826,#1827,#1828));
#1825 = ORIENTED_EDGE('',*,*,#1687,.F.);
#1826 = ORIENTED_EDGE('',*,*,#1737,.T.);
#1827 = ORIENTED_EDGE('',*,*,#1766,.F.);
#1828 = ORIENTED_EDGE('',*,*,#1829,.F.);
#1829 = EDGE_CURVE('',#1688,#1767,#1830,.T.);
#1830 = LINE('',#1831,#1832);
#1831 = CARTESIAN_POINT('',(-12.44558568894,1.500414361612,
    -7.113184719878));
#1832 = VECTOR('',#1833,1.);
#1833 = DIRECTION('',(-0.831469612303,1.416532867985E-16,-0.55557023302)
  );
#1834 = PLANE('',#1835);
#1835 = AXIS2_PLACEMENT_3D('',#1836,#1837,#1838);
#1836 = CARTESIAN_POINT('',(-13.27894103847,2.133067138149E-15,
    -5.865980301424));
#1837 = DIRECTION('',(0.392901728258,-0.707009121964,-0.588018990673));
#1838 = DIRECTION('',(0.392793222636,0.707204426923,-0.587856600534));
#1839 = ADVANCED_FACE('',(#1840),#1851,.F.);
#1840 = FACE_BOUND('',#1841,.F.);
#1841 = EDGE_LOOP('',(#1842,#1843,#1844,#1845));
#1842 = ORIENTED_EDGE('',*,*,#1695,.F.);
#1843 = ORIENTED_EDGE('',*,*,#1829,.T.);
#1844 = ORIENTED_EDGE('',*,*,#1776,.F.);
#1845 = ORIENTED_EDGE('',*,*,#1846,.F.);
#1846 = EDGE_CURVE('',#1696,#1777,#1847,.T.);
#1847 = LINE('',#1848,#1849);
#1848 = CARTESIAN_POINT('',(-11.89001545592,1.500414361612,
    -7.94465433218));
#1849 = VECTOR('',#1850,1.);
#1850 = DIRECTION('',(-0.831469612303,1.416532867985E-16,-0.55557023302)
  );
#1851 = PLANE('',#1852);
#1852 = AXIS2_PLACEMENT_3D('',#1853,#1854,#1855);
#1853 = CARTESIAN_POINT('',(-12.44558568894,1.500414361612,
    -7.113184719878));
#1854 = DIRECTION('',(-1.416532867985E-16,-1.,-4.29700547724E-17));
#1855 = DIRECTION('',(0.55557023302,-4.29700547724E-17,-0.831469612303)
  );
#1856 = ADVANCED_FACE('',(#1857),#1863,.F.);
#1857 = FACE_BOUND('',#1858,.F.);
#1858 = EDGE_LOOP('',(#1859,#1860,#1861,#1862));
#1859 = ORIENTED_EDGE('',*,*,#1703,.F.);
#1860 = ORIENTED_EDGE('',*,*,#1846,.T.);
#1861 = ORIENTED_EDGE('',*,*,#1789,.T.);
#1862 = ORIENTED_EDGE('',*,*,#1810,.F.);
#1863 = PLANE('',#1864);
#1864 = AXIS2_PLACEMENT_3D('',#1865,#1866,#1867);
#1865 = CARTESIAN_POINT('',(-11.89001545592,1.500414361612,
    -7.94465433218));
#1866 = DIRECTION('',(-0.392901728258,0.707009121964,0.588018990673));
#1867 = DIRECTION('',(-0.392793222636,-0.707204426923,0.587856600534));
#1868 = MANIFOLD_SOLID_BREP('',#1869);
#1869 = CLOSED_SHELL('',(#1870,#1916,#1963,#1989,#2051,#2068,#2085,#2102
    ));
#1870 = ADVANCED_FACE('',(#1871),#1911,.F.);
#1871 = FACE_BOUND('',#1872,.F.);
#1872 = EDGE_LOOP('',(#1873,#1883,#1891,#1905));
#1873 = ORIENTED_EDGE('',*,*,#1874,.F.);
#1874 = EDGE_CURVE('',#1875,#1877,#1879,.T.);
#1875 = VERTEX_POINT('',#1876);
#1876 = CARTESIAN_POINT('',(-13.21147731491,-1.750414361612,
    -5.472373082821));
#1877 = VERTEX_POINT('',#1878);
#1878 = CARTESIAN_POINT('',(-13.59416074727,-1.750414361612,
    -4.548493550309));
#1879 = LINE('',#1880,#1881);
#1880 = CARTESIAN_POINT('',(-13.21147731491,-1.750414361612,
    -5.472373082821));
#1881 = VECTOR('',#1882,1.);
#1882 = DIRECTION('',(-0.382683432365,3.403532621031E-17,0.923879532511)
  );
#1883 = ORIENTED_EDGE('',*,*,#1884,.T.);
#1884 = EDGE_CURVE('',#1875,#1885,#1887,.T.);
#1885 = VERTEX_POINT('',#1886);
#1886 = CARTESIAN_POINT('',(-13.88234536685,-1.750414361612,
    -5.750255728499));
#1887 = LINE('',#1888,#1889);
#1888 = CARTESIAN_POINT('',(-13.21147731491,-1.750414361612,
    -5.472373082821));
#1889 = VECTOR('',#1890,1.);
#1890 = DIRECTION('',(-0.923879532511,1.711071395845E-16,-0.382683432365
    ));
#1891 = ORIENTED_EDGE('',*,*,#1892,.T.);
#1892 = EDGE_CURVE('',#1885,#1893,#1895,.T.);
#1893 = VERTEX_POINT('',#1894);
#1894 = CARTESIAN_POINT('',(-14.23425227831,-1.750414361612,
    -4.813628143625));
#1895 = B_SPLINE_CURVE_WITH_KNOTS('',8,(#1896,#1897,#1898,#1899,#1900,
    #1901,#1902,#1903,#1904),.UNSPECIFIED.,.F.,.F.,(9,9),(0.,1.),
  .PIECEWISE_BEZIER_KNOTS.);
#1896 = CARTESIAN_POINT('',(-13.88234536685,-1.750414361612,
    -5.750255728499));
#1897 = CARTESIAN_POINT('',(-13.93021614934,-1.750414361612,
    -5.634685436168));
#1898 = CARTESIAN_POINT('',(-13.9769873906,-1.750414361612,
    -5.51865960134));
#1899 = CARTESIAN_POINT('',(-14.02265404383,-1.750414361612,
    -5.402190582983));
#1900 = CARTESIAN_POINT('',(-14.06721110613,-1.750414361612,
    -5.28529033538));
#1901 = CARTESIAN_POINT('',(-14.11065403982,-1.750414361612,
    -5.167971866849));
#1902 = CARTESIAN_POINT('',(-14.15297801918,-1.750414361612,
    -5.050246760156));
#1903 = CARTESIAN_POINT('',(-14.19417889442,-1.750414361612,
    -4.932128132972));
#1904 = CARTESIAN_POINT('',(-14.23425227831,-1.750414361612,
    -4.813628143625));
#1905 = ORIENTED_EDGE('',*,*,#1906,.F.);
#1906 = EDGE_CURVE('',#1877,#1893,#1907,.T.);
#1907 = LINE('',#1908,#1909);
#1908 = CARTESIAN_POINT('',(-13.59416074727,-1.750414361612,
    -4.548493550309));
#1909 = VECTOR('',#1910,1.);
#1910 = DIRECTION('',(-0.923879532511,1.711071395845E-16,-0.382683432365
    ));
#1911 = PLANE('',#1912);
#1912 = AXIS2_PLACEMENT_3D('',#1913,#1914,#1915);
#1913 = CARTESIAN_POINT('',(-13.21147731491,-1.750414361612,
    -5.472373082821));
#1914 = DIRECTION('',(1.711071395845E-16,1.,3.403532621031E-17));
#1915 = DIRECTION('',(-0.382683432365,3.403532621031E-17,0.923879532511)
  );
#1916 = ADVANCED_FACE('',(#1917),#1958,.T.);
#1917 = FACE_BOUND('',#1918,.F.);
#1918 = EDGE_LOOP('',(#1919,#1920,#1928,#1936,#1944,#1952));
#1919 = ORIENTED_EDGE('',*,*,#1874,.T.);
#1920 = ORIENTED_EDGE('',*,*,#1921,.T.);
#1921 = EDGE_CURVE('',#1877,#1922,#1924,.T.);
#1922 = VERTEX_POINT('',#1923);
#1923 = CARTESIAN_POINT('',(-14.16818589582,2.531920411584E-15,
    -3.162674251543));
#1924 = LINE('',#1925,#1926);
#1925 = CARTESIAN_POINT('',(-13.59416074727,-1.750414361612,
    -4.548493550309));
#1926 = VECTOR('',#1927,1.);
#1927 = DIRECTION('',(-0.249013085656,0.759332726909,0.601170768598));
#1928 = ORIENTED_EDGE('',*,*,#1929,.T.);
#1929 = EDGE_CURVE('',#1922,#1930,#1932,.T.);
#1930 = VERTEX_POINT('',#1931);
#1931 = CARTESIAN_POINT('',(-13.59416074727,1.500414361612,
    -4.548493550309));
#1932 = LINE('',#1933,#1934);
#1933 = CARTESIAN_POINT('',(-14.16818589582,2.531920411584E-15,
    -3.162674251543));
#1934 = VECTOR('',#1935,1.);
#1935 = DIRECTION('',(0.270560677507,0.707204426923,-0.653191257081));
#1936 = ORIENTED_EDGE('',*,*,#1937,.T.);
#1937 = EDGE_CURVE('',#1930,#1938,#1940,.T.);
#1938 = VERTEX_POINT('',#1939);
#1939 = CARTESIAN_POINT('',(-13.21147731491,1.500414361612,
    -5.472373082821));
#1940 = LINE('',#1941,#1942);
#1941 = CARTESIAN_POINT('',(-13.59416074727,1.500414361612,
    -4.548493550309));
#1942 = VECTOR('',#1943,1.);
#1943 = DIRECTION('',(0.382683432365,-3.403532621031E-17,-0.923879532511
    ));
#1944 = ORIENTED_EDGE('',*,*,#1945,.T.);
#1945 = EDGE_CURVE('',#1938,#1946,#1948,.T.);
#1946 = VERTEX_POINT('',#1947);
#1947 = CARTESIAN_POINT('',(-13.78550246345,2.497885085374E-15,
    -4.086553784054));
#1948 = LINE('',#1949,#1950);
#1949 = CARTESIAN_POINT('',(-13.21147731491,1.500414361612,
    -5.472373082821));
#1950 = VECTOR('',#1951,1.);
#1951 = DIRECTION('',(-0.270560677507,-0.707204426923,0.653191257081));
#1952 = ORIENTED_EDGE('',*,*,#1953,.T.);
#1953 = EDGE_CURVE('',#1946,#1875,#1954,.T.);
#1954 = LINE('',#1955,#1956);
#1955 = CARTESIAN_POINT('',(-13.78550246345,2.497885085374E-15,
    -4.086553784054));
#1956 = VECTOR('',#1957,1.);
#1957 = DIRECTION('',(0.249013085656,-0.759332726909,-0.601170768598));
#1958 = PLANE('',#1959);
#1959 = AXIS2_PLACEMENT_3D('',#1960,#1961,#1962);
#1960 = CARTESIAN_POINT('',(-13.63694374721,-0.101510508611,
    -4.445206251622));
#1961 = DIRECTION('',(0.923879532511,-1.711071395845E-16,0.382683432365)
  );
#1962 = DIRECTION('',(0.382683432365,-3.403532621031E-17,-0.923879532511
    ));
#1963 = ADVANCED_FACE('',(#1964),#1984,.F.);
#1964 = FACE_BOUND('',#1965,.F.);
#1965 = EDGE_LOOP('',(#1966,#1967,#1968,#1978));
#1966 = ORIENTED_EDGE('',*,*,#1921,.F.);
#1967 = ORIENTED_EDGE('',*,*,#1906,.T.);
#1968 = ORIENTED_EDGE('',*,*,#1969,.F.);
#1969 = EDGE_CURVE('',#1970,#1893,#1972,.T.);
#1970 = VERTEX_POINT('',#1971);
#1971 = CARTESIAN_POINT('',(-14.707117523,2.631733261542E-15,
    -3.385907040712));
#1972 = B_SPLINE_CURVE_WITH_KNOTS('',4,(#1973,#1974,#1975,#1976,#1977),
  .UNSPECIFIED.,.F.,.F.,(5,5),(0.,1.),.PIECEWISE_BEZIER_KNOTS.);
#1973 = CARTESIAN_POINT('',(-14.707117523,2.6645352591E-15,
    -3.385907040712));
#1974 = CARTESIAN_POINT('',(-14.62216292858,-0.435774405179,
    -3.754918118798));
#1975 = CARTESIAN_POINT('',(-14.51480088839,-0.873506546124,
    -4.116463617205));
#1976 = CARTESIAN_POINT('',(-14.38536020295,-1.312084436222,
    -4.469648311812));
#1977 = CARTESIAN_POINT('',(-14.23425227831,-1.750414361612,
    -4.813628143625));
#1978 = ORIENTED_EDGE('',*,*,#1979,.F.);
#1979 = EDGE_CURVE('',#1922,#1970,#1980,.T.);
#1980 = LINE('',#1981,#1982);
#1981 = CARTESIAN_POINT('',(-14.16818589582,2.531920411584E-15,
    -3.162674251543));
#1982 = VECTOR('',#1983,1.);
#1983 = DIRECTION('',(-0.923879532511,1.711071395845E-16,-0.382683432365
    ));
#1984 = PLANE('',#1985);
#1985 = AXIS2_PLACEMENT_3D('',#1986,#1987,#1988);
#1986 = CARTESIAN_POINT('',(-13.59416074727,-1.750414361612,
    -4.548493550309));
#1987 = DIRECTION('',(0.290584054241,0.650702550975,-0.701531964757));
#1988 = DIRECTION('',(-0.249013085656,0.759332726909,0.601170768598));
#1989 = ADVANCED_FACE('',(#1990),#2042,.T.);
#1990 = FACE_BOUND('',#1991,.T.);
#1991 = EDGE_LOOP('',(#1992,#2005,#2006,#2007,#2017,#2031));
#1992 = ORIENTED_EDGE('',*,*,#1993,.T.);
#1993 = EDGE_CURVE('',#1994,#1885,#1996,.T.);
#1994 = VERTEX_POINT('',#1995);
#1995 = CARTESIAN_POINT('',(-14.44802816271,2.620588179567E-15,
    -4.360980914106));
#1996 = B_SPLINE_CURVE_WITH_KNOTS('',4,(#1997,#1998,#1999,#2000,#2001,
    #2002,#2003,#2004),.UNSPECIFIED.,.F.,.F.,(5,3,5),(0.,0.859040906687,
    1.),.UNSPECIFIED.);
#1997 = CARTESIAN_POINT('',(-14.44802816271,2.620588179567E-15,
    -4.360980914106));
#1998 = CARTESIAN_POINT('',(-14.35461686347,-0.375362838397,
    -4.670454656354));
#1999 = CARTESIAN_POINT('',(-14.24495114079,-0.751580097853,
    -4.973988110052));
#2000 = CARTESIAN_POINT('',(-14.11924480438,-1.127960104082,
    -5.271028278968));
#2001 = CARTESIAN_POINT('',(-13.95454015355,-1.565489825124,
    -5.608633936753));
#2002 = CARTESIAN_POINT('',(-13.93089861127,-1.627149502621,
    -5.656033422315));
#2003 = CARTESIAN_POINT('',(-13.90683329009,-1.688792027003,
    -5.703241462621));
#2004 = CARTESIAN_POINT('',(-13.88234536685,-1.750414361612,
    -5.750255728499));
#2005 = ORIENTED_EDGE('',*,*,#1892,.T.);
#2006 = ORIENTED_EDGE('',*,*,#1969,.F.);
#2007 = ORIENTED_EDGE('',*,*,#2008,.F.);
#2008 = EDGE_CURVE('',#2009,#1970,#2011,.T.);
#2009 = VERTEX_POINT('',#2010);
#2010 = CARTESIAN_POINT('',(-14.25040472004,1.500414361612,
    -4.820318704055));
#2011 = B_SPLINE_CURVE_WITH_KNOTS('',4,(#2012,#2013,#2014,#2015,#2016),
  .UNSPECIFIED.,.F.,.F.,(5,5),(0.,1.),.PIECEWISE_BEZIER_KNOTS.);
#2012 = CARTESIAN_POINT('',(-14.25040472004,1.500414361612,
    -4.820318704055));
#2013 = CARTESIAN_POINT('',(-14.39352964777,1.124426479542,
    -4.472749029052));
#2014 = CARTESIAN_POINT('',(-14.517579224,0.7484591178,-4.117300289662)
  );
#2015 = CARTESIAN_POINT('',(-14.62220220909,0.373362942798,
    -3.754747498067));
#2016 = CARTESIAN_POINT('',(-14.707117523,2.631733261542E-15,
    -3.385907040712));
#2017 = ORIENTED_EDGE('',*,*,#2018,.F.);
#2018 = EDGE_CURVE('',#2019,#2009,#2021,.T.);
#2019 = VERTEX_POINT('',#2020);
#2020 = CARTESIAN_POINT('',(-13.89846204093,1.500414361612,
    -5.756931473483));
#2021 = B_SPLINE_CURVE_WITH_KNOTS('',8,(#2022,#2023,#2024,#2025,#2026,
    #2027,#2028,#2029,#2030),.UNSPECIFIED.,.F.,.F.,(9,9),(0.,1.),
  .PIECEWISE_BEZIER_KNOTS.);
#2022 = CARTESIAN_POINT('',(-13.89846204093,1.500414361612,
    -5.756931473483));
#2023 = CARTESIAN_POINT('',(-13.94633274082,1.500414361612,
    -5.641361380561));
#2024 = CARTESIAN_POINT('',(-13.99310517929,1.500414361612,
    -5.525336275332));
#2025 = CARTESIAN_POINT('',(-14.03877431774,1.500414361612,
    -5.408868477292));
#2026 = CARTESIAN_POINT('',(-14.08333517406,1.500414361612,
    -5.291969951976));
#2027 = CARTESIAN_POINT('',(-14.12678320129,1.500414361612,
    -5.174653604653));
#2028 = CARTESIAN_POINT('',(-14.169113611,1.500414361612,-5.056931080747
    ));
#2029 = CARTESIAN_POINT('',(-14.21032223744,1.500414361612,
    -4.938815392097));
#2030 = CARTESIAN_POINT('',(-14.25040472004,1.500414361612,
    -4.820318704055));
#2031 = ORIENTED_EDGE('',*,*,#2032,.T.);
#2032 = EDGE_CURVE('',#2019,#1994,#2033,.T.);
#2033 = B_SPLINE_CURVE_WITH_KNOTS('',4,(#2034,#2035,#2036,#2037,#2038,
    #2039,#2040,#2041),.UNSPECIFIED.,.F.,.F.,(5,3,5),(0.,0.121553362629,
    1.),.UNSPECIFIED.);
#2034 = CARTESIAN_POINT('',(-13.89846204093,1.500414361612,
    -5.756931473483));
#2035 = CARTESIAN_POINT('',(-13.91860994437,1.454837516532,
    -5.715958610482));
#2036 = CARTESIAN_POINT('',(-13.93848190504,1.409250894045,
    -5.674860868173));
#2037 = CARTESIAN_POINT('',(-13.9580772671,1.363656005738,
    -5.633639610581));
#2038 = CARTESIAN_POINT('',(-14.11700435352,0.988498619643,
    -5.293514078136));
#2039 = CARTESIAN_POINT('',(-14.24213381094,0.658590267439,
    -4.988352784963));
#2040 = CARTESIAN_POINT('',(-14.35254186042,0.328899551826,
    -4.677329188057));
#2041 = CARTESIAN_POINT('',(-14.44802816271,2.6645352591E-15,
    -4.360980914106));
#2042 = SURFACE_OF_REVOLUTION('',#2043,#2048);
#2043 = CIRCLE('',#2044,23.350974086829);
#2044 = AXIS2_PLACEMENT_3D('',#2045,#2046,#2047);
#2045 = CARTESIAN_POINT('',(0.,-1.088741204263E-14,-8.259132836545));
#2046 = DIRECTION('',(1.,0.,0.));
#2047 = DIRECTION('',(0.,1.,0.));
#2048 = AXIS1_PLACEMENT('',#2049,#2050);
#2049 = CARTESIAN_POINT('',(0.,0.,0.));
#2050 = DIRECTION('',(-1.110223024625E-16,-1.,1.110223024625E-16));
#2051 = ADVANCED_FACE('',(#2052),#2063,.F.);
#2052 = FACE_BOUND('',#2053,.F.);
#2053 = EDGE_LOOP('',(#2054,#2055,#2061,#2062));
#2054 = ORIENTED_EDGE('',*,*,#1953,.F.);
#2055 = ORIENTED_EDGE('',*,*,#2056,.T.);
#2056 = EDGE_CURVE('',#1946,#1994,#2057,.T.);
#2057 = LINE('',#2058,#2059);
#2058 = CARTESIAN_POINT('',(-13.78550246345,2.497885085374E-15,
    -4.086553784054));
#2059 = VECTOR('',#2060,1.);
#2060 = DIRECTION('',(-0.923879532511,1.711071395845E-16,-0.382683432365
    ));
#2061 = ORIENTED_EDGE('',*,*,#1993,.T.);
#2062 = ORIENTED_EDGE('',*,*,#1884,.F.);
#2063 = PLANE('',#2064);
#2064 = AXIS2_PLACEMENT_3D('',#2065,#2066,#2067);
#2065 = CARTESIAN_POINT('',(-13.78550246345,2.497885085374E-15,
    -4.086553784054));
#2066 = DIRECTION('',(-0.290584054241,-0.650702550975,0.701531964757));
#2067 = DIRECTION('',(0.249013085656,-0.759332726909,-0.601170768598));
#2068 = ADVANCED_FACE('',(#2069),#2080,.F.);
#2069 = FACE_BOUND('',#2070,.F.);
#2070 = EDGE_LOOP('',(#2071,#2072,#2073,#2074));
#2071 = ORIENTED_EDGE('',*,*,#1929,.F.);
#2072 = ORIENTED_EDGE('',*,*,#1979,.T.);
#2073 = ORIENTED_EDGE('',*,*,#2008,.F.);
#2074 = ORIENTED_EDGE('',*,*,#2075,.F.);
#2075 = EDGE_CURVE('',#1930,#2009,#2076,.T.);
#2076 = LINE('',#2077,#2078);
#2077 = CARTESIAN_POINT('',(-13.59416074727,1.500414361612,
    -4.548493550309));
#2078 = VECTOR('',#2079,1.);
#2079 = DIRECTION('',(-0.923879532511,1.711071395845E-16,-0.382683432365
    ));
#2080 = PLANE('',#2081);
#2081 = AXIS2_PLACEMENT_3D('',#2082,#2083,#2084);
#2082 = CARTESIAN_POINT('',(-14.16818589582,2.531920411584E-15,
    -3.162674251543));
#2083 = DIRECTION('',(0.270635417479,-0.707009121964,-0.653371695336));
#2084 = DIRECTION('',(0.270560677507,0.707204426923,-0.653191257081));
#2085 = ADVANCED_FACE('',(#2086),#2097,.F.);
#2086 = FACE_BOUND('',#2087,.F.);
#2087 = EDGE_LOOP('',(#2088,#2089,#2090,#2091));
#2088 = ORIENTED_EDGE('',*,*,#1937,.F.);
#2089 = ORIENTED_EDGE('',*,*,#2075,.T.);
#2090 = ORIENTED_EDGE('',*,*,#2018,.F.);
#2091 = ORIENTED_EDGE('',*,*,#2092,.F.);
#2092 = EDGE_CURVE('',#1938,#2019,#2093,.T.);
#2093 = LINE('',#2094,#2095);
#2094 = CARTESIAN_POINT('',(-13.21147731491,1.500414361612,
    -5.472373082821));
#2095 = VECTOR('',#2096,1.);
#2096 = DIRECTION('',(-0.923879532511,1.711071395845E-16,-0.382683432365
    ));
#2097 = PLANE('',#2098);
#2098 = AXIS2_PLACEMENT_3D('',#2099,#2100,#2101);
#2099 = CARTESIAN_POINT('',(-13.59416074727,1.500414361612,
    -4.548493550309));
#2100 = DIRECTION('',(-1.711071395845E-16,-1.,-3.403532621031E-17));
#2101 = DIRECTION('',(0.382683432365,-3.403532621031E-17,-0.923879532511
    ));
#2102 = ADVANCED_FACE('',(#2103),#2109,.F.);
#2103 = FACE_BOUND('',#2104,.F.);
#2104 = EDGE_LOOP('',(#2105,#2106,#2107,#2108));
#2105 = ORIENTED_EDGE('',*,*,#1945,.F.);
#2106 = ORIENTED_EDGE('',*,*,#2092,.T.);
#2107 = ORIENTED_EDGE('',*,*,#2032,.T.);
#2108 = ORIENTED_EDGE('',*,*,#2056,.F.);
#2109 = PLANE('',#2110);
#2110 = AXIS2_PLACEMENT_3D('',#2111,#2112,#2113);
#2111 = CARTESIAN_POINT('',(-13.21147731491,1.500414361612,
    -5.472373082821));
#2112 = DIRECTION('',(-0.270635417479,0.707009121964,0.653371695336));
#2113 = DIRECTION('',(-0.270560677507,-0.707204426923,0.653191257081));
#2114 = MANIFOLD_SOLID_BREP('',#2115);
#2115 = CLOSED_SHELL('',(#2116,#2162,#2209,#2235,#2294,#2311,#2328,#2345
    ));
#2116 = ADVANCED_FACE('',(#2117),#2157,.F.);
#2117 = FACE_BOUND('',#2118,.F.);
#2118 = EDGE_LOOP('',(#2119,#2129,#2137,#2151));
#2119 = ORIENTED_EDGE('',*,*,#2120,.F.);
#2120 = EDGE_CURVE('',#2121,#2123,#2125,.T.);
#2121 = VERTEX_POINT('',#2122);
#2122 = CARTESIAN_POINT('',(-14.02522950976,-1.750414361612,
    -2.789791604831));
#2123 = VERTEX_POINT('',#2124);
#2124 = CARTESIAN_POINT('',(-14.22031983178,-1.750414361612,
    -1.809006324427));
#2125 = LINE('',#2126,#2127);
#2126 = CARTESIAN_POINT('',(-14.02522950976,-1.750414361612,
    -2.789791604831));
#2127 = VECTOR('',#2128,1.);
#2128 = DIRECTION('',(-0.195090322016,1.952611432758E-17,0.980785280403)
  );
#2129 = ORIENTED_EDGE('',*,*,#2130,.T.);
#2130 = EDGE_CURVE('',#2121,#2131,#2133,.T.);
#2131 = VERTEX_POINT('',#2132);
#2132 = CARTESIAN_POINT('',(-14.73741923503,-1.750414361612,
    -2.931454949107));
#2133 = LINE('',#2134,#2135);
#2134 = CARTESIAN_POINT('',(-14.02522950976,-1.750414361612,
    -2.789791604831));
#2135 = VECTOR('',#2136,1.);
#2136 = DIRECTION('',(-0.980785280403,1.982519657758E-16,-0.195090322016
    ));
#2137 = ORIENTED_EDGE('',*,*,#2138,.T.);
#2138 = EDGE_CURVE('',#2131,#2139,#2141,.T.);
#2139 = VERTEX_POINT('',#2140);
#2140 = CARTESIAN_POINT('',(-14.89983737672,-1.750414361612,
    -1.944170767967));
#2141 = B_SPLINE_CURVE_WITH_KNOTS('',8,(#2142,#2143,#2144,#2145,#2146,
    #2147,#2148,#2149,#2150),.UNSPECIFIED.,.F.,.F.,(9,9),(0.,1.),
  .PIECEWISE_BEZIER_KNOTS.);
#2142 = CARTESIAN_POINT('',(-14.73741923503,-1.750414361612,
    -2.931454949107));
#2143 = CARTESIAN_POINT('',(-14.74877156607,-1.750414361612,
    -2.874382928113));
#2144 = CARTESIAN_POINT('',(-14.77233494521,-1.750414361612,
    -2.754613440656));
#2145 = CARTESIAN_POINT('',(-14.8008257963,-1.750414361612,
    -2.603597873493));
#2146 = CARTESIAN_POINT('',(-14.82855767165,-1.750414361612,
    -2.441541614474));
#2147 = CARTESIAN_POINT('',(-14.85355594246,-1.750414361612,
    -2.282202674813));
#2148 = CARTESIAN_POINT('',(-14.87429198312,-1.750414361612,
    -2.136690278481));
#2149 = CARTESIAN_POINT('',(-14.89022335545,-1.750414361612,
    -2.017851379398));
#2150 = CARTESIAN_POINT('',(-14.89983737672,-1.750414361612,
    -1.944170767967));
#2151 = ORIENTED_EDGE('',*,*,#2152,.F.);
#2152 = EDGE_CURVE('',#2123,#2139,#2153,.T.);
#2153 = LINE('',#2154,#2155);
#2154 = CARTESIAN_POINT('',(-14.22031983178,-1.750414361612,
    -1.809006324427));
#2155 = VECTOR('',#2156,1.);
#2156 = DIRECTION('',(-0.980785280403,1.982519657758E-16,-0.195090322016
    ));
#2157 = PLANE('',#2158);
#2158 = AXIS2_PLACEMENT_3D('',#2159,#2160,#2161);
#2159 = CARTESIAN_POINT('',(-14.02522950976,-1.750414361612,
    -2.789791604831));
#2160 = DIRECTION('',(1.982519657758E-16,1.,1.952611432758E-17));
#2161 = DIRECTION('',(-0.195090322016,1.952611432758E-17,0.980785280403)
  );
#2162 = ADVANCED_FACE('',(#2163),#2204,.T.);
#2163 = FACE_BOUND('',#2164,.F.);
#2164 = EDGE_LOOP('',(#2165,#2166,#2174,#2182,#2190,#2198));
#2165 = ORIENTED_EDGE('',*,*,#2120,.T.);
#2166 = ORIENTED_EDGE('',*,*,#2167,.T.);
#2167 = EDGE_CURVE('',#2123,#2168,#2170,.T.);
#2168 = VERTEX_POINT('',#2169);
#2169 = CARTESIAN_POINT('',(-14.5129553148,2.883818396413E-15,
    -0.337828403823));
#2170 = LINE('',#2171,#2172);
#2171 = CARTESIAN_POINT('',(-14.22031983178,-1.750414361612,
    -1.809006324427));
#2172 = VECTOR('',#2173,1.);
#2173 = DIRECTION('',(-0.126945770206,0.759332726909,0.638199483917));
#2174 = ORIENTED_EDGE('',*,*,#2175,.T.);
#2175 = EDGE_CURVE('',#2168,#2176,#2178,.T.);
#2176 = VERTEX_POINT('',#2177);
#2177 = CARTESIAN_POINT('',(-14.22031983178,1.500414361612,
    -1.809006324427));
#2178 = LINE('',#2179,#2180);
#2179 = CARTESIAN_POINT('',(-14.5129553148,2.883818396413E-15,
    -0.337828403823));
#2180 = VECTOR('',#2181,1.);
#2181 = DIRECTION('',(0.137930637272,0.707204426923,-0.693424139933));
#2182 = ORIENTED_EDGE('',*,*,#2183,.T.);
#2183 = EDGE_CURVE('',#2176,#2184,#2186,.T.);
#2184 = VERTEX_POINT('',#2185);
#2185 = CARTESIAN_POINT('',(-14.02522950976,1.500414361612,
    -2.789791604831));
#2186 = LINE('',#2187,#2188);
#2187 = CARTESIAN_POINT('',(-14.22031983178,1.500414361612,
    -1.809006324427));
#2188 = VECTOR('',#2189,1.);
#2189 = DIRECTION('',(0.195090322016,-1.952611432758E-17,-0.980785280403
    ));
#2190 = ORIENTED_EDGE('',*,*,#2191,.T.);
#2191 = EDGE_CURVE('',#2184,#2192,#2194,.T.);
#2192 = VERTEX_POINT('',#2193);
#2193 = CARTESIAN_POINT('',(-14.31786499279,2.864292282086E-15,
    -1.318613684226));
#2194 = LINE('',#2195,#2196);
#2195 = CARTESIAN_POINT('',(-14.02522950976,1.500414361612,
    -2.789791604831));
#2196 = VECTOR('',#2197,1.);
#2197 = DIRECTION('',(-0.137930637272,-0.707204426923,0.693424139933));
#2198 = ORIENTED_EDGE('',*,*,#2199,.T.);
#2199 = EDGE_CURVE('',#2192,#2121,#2200,.T.);
#2200 = LINE('',#2201,#2202);
#2201 = CARTESIAN_POINT('',(-14.31786499279,2.864292282086E-15,
    -1.318613684226));
#2202 = VECTOR('',#2203,1.);
#2203 = DIRECTION('',(0.126945770206,-0.759332726909,-0.638199483917));
#2204 = PLANE('',#2205);
#2205 = AXIS2_PLACEMENT_3D('',#2206,#2207,#2208);
#2206 = CARTESIAN_POINT('',(-14.24213041601,-0.101510508611,
    -1.699357112987));
#2207 = DIRECTION('',(0.980785280403,-1.982519657758E-16,0.195090322016)
  );
#2208 = DIRECTION('',(0.195090322016,-1.952611432758E-17,-0.980785280403
    ));
#2209 = ADVANCED_FACE('',(#2210),#2230,.F.);
#2210 = FACE_BOUND('',#2211,.F.);
#2211 = EDGE_LOOP('',(#2212,#2213,#2214,#2224));
#2212 = ORIENTED_EDGE('',*,*,#2167,.F.);
#2213 = ORIENTED_EDGE('',*,*,#2152,.T.);
#2214 = ORIENTED_EDGE('',*,*,#2215,.F.);
#2215 = EDGE_CURVE('',#2216,#2139,#2218,.T.);
#2216 = VERTEX_POINT('',#2217);
#2217 = CARTESIAN_POINT('',(-15.08508207861,2.999465784138E-15,
    -0.451631492852));
#2218 = B_SPLINE_CURVE_WITH_KNOTS('',4,(#2219,#2220,#2221,#2222,#2223),
  .UNSPECIFIED.,.F.,.F.,(5,5),(0.,1.),.PIECEWISE_BEZIER_KNOTS.);
#2219 = CARTESIAN_POINT('',(-15.08508207861,3.330669073875E-15,
    -0.451631492852));
#2220 = CARTESIAN_POINT('',(-15.07375035295,-0.435774405179,
    -0.830125945727));
#2221 = CARTESIAN_POINT('',(-15.03898527196,-0.873506546124,
    -1.205669743753));
#2222 = CARTESIAN_POINT('',(-14.9809346688,-1.312084436222,
    -1.577320718492));
#2223 = CARTESIAN_POINT('',(-14.89983737672,-1.750414361612,
    -1.944170767967));
#2224 = ORIENTED_EDGE('',*,*,#2225,.F.);
#2225 = EDGE_CURVE('',#2168,#2216,#2226,.T.);
#2226 = LINE('',#2227,#2228);
#2227 = CARTESIAN_POINT('',(-14.5129553148,2.883818396413E-15,
    -0.337828403823));
#2228 = VECTOR('',#2229,1.);
#2229 = DIRECTION('',(-0.980785280403,1.982519657758E-16,-0.195090322016
    ));
#2230 = PLANE('',#2231);
#2231 = AXIS2_PLACEMENT_3D('',#2232,#2233,#2234);
#2232 = CARTESIAN_POINT('',(-14.22031983178,-1.750414361612,
    -1.809006324427));
#2233 = DIRECTION('',(0.14813846621,0.650702550975,-0.744742361481));
#2234 = DIRECTION('',(-0.126945770206,0.759332726909,0.638199483917));
#2235 = ADVANCED_FACE('',(#2236),#2285,.T.);
#2236 = FACE_BOUND('',#2237,.T.);
#2237 = EDGE_LOOP('',(#2238,#2251,#2252,#2253,#2263,#2277));
#2238 = ORIENTED_EDGE('',*,*,#2239,.T.);
#2239 = EDGE_CURVE('',#2240,#2131,#2242,.T.);
#2240 = VERTEX_POINT('',#2241);
#2241 = CARTESIAN_POINT('',(-15.02119852368,3.006461274506E-15,
    -1.458515421913));
#2242 = B_SPLINE_CURVE_WITH_KNOTS('',4,(#2243,#2244,#2245,#2246,#2247,
    #2248,#2249,#2250),.UNSPECIFIED.,.F.,.F.,(5,3,5),(0.,0.859040906687,
    1.),.UNSPECIFIED.);
#2243 = CARTESIAN_POINT('',(-15.02119852368,3.006461274506E-15,
    -1.458515421913));
#2244 = CARTESIAN_POINT('',(-14.98995742839,-0.375362838397,
    -1.78026635343));
#2245 = CARTESIAN_POINT('',(-14.94161534104,-0.751580097853,
    -2.099362218078));
#2246 = CARTESIAN_POINT('',(-14.87627407885,-1.127960104082,
    -2.415218933089));
#2247 = CARTESIAN_POINT('',(-14.78059777819,-1.565489825124,
    -2.778469876193));
#2248 = CARTESIAN_POINT('',(-14.76665768242,-1.627149502621,
    -2.829570830027));
#2249 = CARTESIAN_POINT('',(-14.75226460142,-1.688792027003,
    -2.880566692336));
#2250 = CARTESIAN_POINT('',(-14.73741923503,-1.750414361612,
    -2.931454949107));
#2251 = ORIENTED_EDGE('',*,*,#2138,.T.);
#2252 = ORIENTED_EDGE('',*,*,#2215,.F.);
#2253 = ORIENTED_EDGE('',*,*,#2254,.F.);
#2254 = EDGE_CURVE('',#2255,#2216,#2257,.T.);
#2255 = VERTEX_POINT('',#2256);
#2256 = CARTESIAN_POINT('',(-14.9169847174,1.500414361612,
    -1.947581586096));
#2257 = B_SPLINE_CURVE_WITH_KNOTS('',4,(#2258,#2259,#2260,#2261,#2262),
  .UNSPECIFIED.,.F.,.F.,(5,5),(0.,1.),.PIECEWISE_BEZIER_KNOTS.);
#2258 = CARTESIAN_POINT('',(-14.9169847174,1.500414361612,
    -1.947581586096));
#2259 = CARTESIAN_POINT('',(-14.98955205995,1.124426479542,-1.5787680767
    ));
#2260 = CARTESIAN_POINT('',(-15.04187344933,0.7484591178,-1.205948313395
    ));
#2261 = CARTESIAN_POINT('',(-15.07375559224,0.373362942798,
    -0.829950940178));
#2262 = CARTESIAN_POINT('',(-15.08508207861,2.999465784138E-15,
    -0.451631492852));
#2263 = ORIENTED_EDGE('',*,*,#2264,.F.);
#2264 = EDGE_CURVE('',#2265,#2255,#2267,.T.);
#2265 = VERTEX_POINT('',#2266);
#2266 = CARTESIAN_POINT('',(-14.75452860497,1.500414361612,
    -2.934858214387));
#2267 = B_SPLINE_CURVE_WITH_KNOTS('',8,(#2268,#2269,#2270,#2271,#2272,
    #2273,#2274,#2275,#2276),.UNSPECIFIED.,.F.,.F.,(9,9),(0.,1.),
  .PIECEWISE_BEZIER_KNOTS.);
#2268 = CARTESIAN_POINT('',(-14.75452860497,1.500414361612,
    -2.934858214387));
#2269 = CARTESIAN_POINT('',(-14.7659464067,1.500414361612,
    -2.877457049998));
#2270 = CARTESIAN_POINT('',(-14.78948872745,1.500414361612,
    -2.757778892449));
#2271 = CARTESIAN_POINT('',(-14.81795206076,1.500414361612,
    -2.60688950855));
#2272 = CARTESIAN_POINT('',(-14.84572395905,1.500414361612,
    -2.444693734652));
#2273 = CARTESIAN_POINT('',(-14.87081897615,1.500414361612,
    -2.284841033017));
#2274 = CARTESIAN_POINT('',(-14.89163218305,1.500414361612,
    -2.138652979103));
#2275 = CARTESIAN_POINT('',(-14.90757491594,1.500414361612,
    -2.019653631922));
#2276 = CARTESIAN_POINT('',(-14.9169847174,1.500414361612,
    -1.947581586096));
#2277 = ORIENTED_EDGE('',*,*,#2278,.T.);
#2278 = EDGE_CURVE('',#2265,#2240,#2279,.T.);
#2279 = B_SPLINE_CURVE_WITH_KNOTS('',4,(#2280,#2281,#2282,#2283,#2284),
  .UNSPECIFIED.,.F.,.F.,(5,5),(0.,1.),.PIECEWISE_BEZIER_KNOTS.);
#2280 = CARTESIAN_POINT('',(-14.75452860497,1.500414361612,
    -2.934858214387));
#2281 = CARTESIAN_POINT('',(-14.85133677511,1.125460957613,
    -2.571920958803));
#2282 = CARTESIAN_POINT('',(-14.92817886177,0.749846014813,
    -2.20433788945));
#2283 = CARTESIAN_POINT('',(-14.98484449449,0.374410412648,
    -1.832924277503));
#2284 = CARTESIAN_POINT('',(-15.02119852368,2.6645352591E-15,
    -1.458515421913));
#2285 = SURFACE_OF_REVOLUTION('',#2286,#2291);
#2286 = CIRCLE('',#2287,23.350974086829);
#2287 = AXIS2_PLACEMENT_3D('',#2288,#2289,#2290);
#2288 = CARTESIAN_POINT('',(0.,-1.088741204263E-14,-8.259132836545));
#2289 = DIRECTION('',(1.,0.,0.));
#2290 = DIRECTION('',(0.,1.,0.));
#2291 = AXIS1_PLACEMENT('',#2292,#2293);
#2292 = CARTESIAN_POINT('',(0.,0.,0.));
#2293 = DIRECTION('',(-1.110223024625E-16,-1.,1.110223024625E-16));
#2294 = ADVANCED_FACE('',(#2295),#2306,.F.);
#2295 = FACE_BOUND('',#2296,.F.);
#2296 = EDGE_LOOP('',(#2297,#2298,#2304,#2305));
#2297 = ORIENTED_EDGE('',*,*,#2199,.F.);
#2298 = ORIENTED_EDGE('',*,*,#2299,.T.);
#2299 = EDGE_CURVE('',#2192,#2240,#2300,.T.);
#2300 = LINE('',#2301,#2302);
#2301 = CARTESIAN_POINT('',(-14.31786499279,2.864292282086E-15,
    -1.318613684226));
#2302 = VECTOR('',#2303,1.);
#2303 = DIRECTION('',(-0.980785280403,1.982519657758E-16,-0.195090322016
    ));
#2304 = ORIENTED_EDGE('',*,*,#2239,.T.);
#2305 = ORIENTED_EDGE('',*,*,#2130,.F.);
#2306 = PLANE('',#2307);
#2307 = AXIS2_PLACEMENT_3D('',#2308,#2309,#2310);
#2308 = CARTESIAN_POINT('',(-14.31786499279,2.864292282086E-15,
    -1.318613684226));
#2309 = DIRECTION('',(-0.14813846621,-0.650702550975,0.744742361481));
#2310 = DIRECTION('',(0.126945770206,-0.759332726909,-0.638199483917));
#2311 = ADVANCED_FACE('',(#2312),#2323,.F.);
#2312 = FACE_BOUND('',#2313,.F.);
#2313 = EDGE_LOOP('',(#2314,#2315,#2316,#2317));
#2314 = ORIENTED_EDGE('',*,*,#2175,.F.);
#2315 = ORIENTED_EDGE('',*,*,#2225,.T.);
#2316 = ORIENTED_EDGE('',*,*,#2254,.F.);
#2317 = ORIENTED_EDGE('',*,*,#2318,.F.);
#2318 = EDGE_CURVE('',#2176,#2255,#2319,.T.);
#2319 = LINE('',#2320,#2321);
#2320 = CARTESIAN_POINT('',(-14.22031983178,1.500414361612,
    -1.809006324427));
#2321 = VECTOR('',#2322,1.);
#2322 = DIRECTION('',(-0.980785280403,1.982519657758E-16,-0.195090322016
    ));
#2323 = PLANE('',#2324);
#2324 = AXIS2_PLACEMENT_3D('',#2325,#2326,#2327);
#2325 = CARTESIAN_POINT('',(-14.5129553148,2.883818396413E-15,
    -0.337828403823));
#2326 = DIRECTION('',(0.13796873938,-0.707009121964,-0.693615692162));
#2327 = DIRECTION('',(0.137930637272,0.707204426923,-0.693424139933));
#2328 = ADVANCED_FACE('',(#2329),#2340,.F.);
#2329 = FACE_BOUND('',#2330,.F.);
#2330 = EDGE_LOOP('',(#2331,#2332,#2333,#2334));
#2331 = ORIENTED_EDGE('',*,*,#2183,.F.);
#2332 = ORIENTED_EDGE('',*,*,#2318,.T.);
#2333 = ORIENTED_EDGE('',*,*,#2264,.F.);
#2334 = ORIENTED_EDGE('',*,*,#2335,.F.);
#2335 = EDGE_CURVE('',#2184,#2265,#2336,.T.);
#2336 = LINE('',#2337,#2338);
#2337 = CARTESIAN_POINT('',(-14.02522950976,1.500414361612,
    -2.789791604831));
#2338 = VECTOR('',#2339,1.);
#2339 = DIRECTION('',(-0.980785280403,1.982519657758E-16,-0.195090322016
    ));
#2340 = PLANE('',#2341);
#2341 = AXIS2_PLACEMENT_3D('',#2342,#2343,#2344);
#2342 = CARTESIAN_POINT('',(-14.22031983178,1.500414361612,
    -1.809006324427));
#2343 = DIRECTION('',(-1.982519657758E-16,-1.,-1.952611432758E-17));
#2344 = DIRECTION('',(0.195090322016,-1.952611432758E-17,-0.980785280403
    ));
#2345 = ADVANCED_FACE('',(#2346),#2352,.F.);
#2346 = FACE_BOUND('',#2347,.F.);
#2347 = EDGE_LOOP('',(#2348,#2349,#2350,#2351));
#2348 = ORIENTED_EDGE('',*,*,#2191,.F.);
#2349 = ORIENTED_EDGE('',*,*,#2335,.T.);
#2350 = ORIENTED_EDGE('',*,*,#2278,.T.);
#2351 = ORIENTED_EDGE('',*,*,#2299,.F.);
#2352 = PLANE('',#2353);
#2353 = AXIS2_PLACEMENT_3D('',#2354,#2355,#2356);
#2354 = CARTESIAN_POINT('',(-14.02522950976,1.500414361612,
    -2.789791604831));
#2355 = DIRECTION('',(-0.13796873938,0.707009121964,0.693615692162));
#2356 = DIRECTION('',(-0.137930637272,-0.707204426923,0.693424139933));
#2357 = MANIFOLD_SOLID_BREP('',#2358);
#2358 = CLOSED_SHELL('',(#2359,#2404,#2451,#2477,#2535,#2552,#2569,#2586
    ));
#2359 = ADVANCED_FACE('',(#2360),#2399,.F.);
#2360 = FACE_BOUND('',#2361,.F.);
#2361 = EDGE_LOOP('',(#2362,#2372,#2380,#2393));
#2362 = ORIENTED_EDGE('',*,*,#2363,.F.);
#2363 = EDGE_CURVE('',#2364,#2366,#2368,.T.);
#2364 = VERTEX_POINT('',#2365);
#2365 = CARTESIAN_POINT('',(-14.3,-1.750414361612,-1.165574316916E-15));
#2366 = VERTEX_POINT('',#2367);
#2367 = CARTESIAN_POINT('',(-14.3,-1.750414361612,1.));
#2368 = LINE('',#2369,#2370);
#2369 = CARTESIAN_POINT('',(-14.3,-1.750414361612,-1.187618925214E-15));
#2370 = VECTOR('',#2371,1.);
#2371 = DIRECTION('',(-1.110223024625E-16,1.232595164408E-32,1.));
#2372 = ORIENTED_EDGE('',*,*,#2373,.T.);
#2373 = EDGE_CURVE('',#2364,#2374,#2376,.T.);
#2374 = VERTEX_POINT('',#2375);
#2375 = CARTESIAN_POINT('',(-15.02614234685,-1.750414361612,
    -1.246192312179E-15));
#2376 = LINE('',#2377,#2378);
#2377 = CARTESIAN_POINT('',(-14.3,-1.750414361612,-1.165574316916E-15));
#2378 = VECTOR('',#2379,1.);
#2379 = DIRECTION('',(-1.,2.22044604925E-16,-1.110223024625E-16));
#2380 = ORIENTED_EDGE('',*,*,#2381,.T.);
#2381 = EDGE_CURVE('',#2374,#2382,#2384,.T.);
#2382 = VERTEX_POINT('',#2383);
#2383 = CARTESIAN_POINT('',(-14.99283008066,-1.750414361612,1.));
#2384 = B_SPLINE_CURVE_WITH_KNOTS('',7,(#2385,#2386,#2387,#2388,#2389,
    #2390,#2391,#2392),.UNSPECIFIED.,.F.,.F.,(8,8),(0.,1.),
  .PIECEWISE_BEZIER_KNOTS.);
#2385 = CARTESIAN_POINT('',(-15.02614234685,-1.750414361612,
    -1.268236920477E-15));
#2386 = CARTESIAN_POINT('',(-15.02614234685,-1.750414361612,
    0.142962838072));
#2387 = CARTESIAN_POINT('',(-15.0245554939,-1.750414361612,
    0.285925594987));
#2388 = CARTESIAN_POINT('',(-15.02138158268,-1.750414361612,
    0.428867405013));
#2389 = CARTESIAN_POINT('',(-15.01662155202,-1.750414361612,
    0.571766543463));
#2390 = CARTESIAN_POINT('',(-15.01027512766,-1.750414361612,
    0.714602852999));
#2391 = CARTESIAN_POINT('',(-15.00234439126,-1.750414361612,
    0.857354232512));
#2392 = CARTESIAN_POINT('',(-14.99283008066,-1.750414361612,1.));
#2393 = ORIENTED_EDGE('',*,*,#2394,.F.);
#2394 = EDGE_CURVE('',#2366,#2382,#2395,.T.);
#2395 = LINE('',#2396,#2397);
#2396 = CARTESIAN_POINT('',(-14.3,-1.750414361612,1.));
#2397 = VECTOR('',#2398,1.);
#2398 = DIRECTION('',(-1.,2.22044604925E-16,-1.110223024625E-16));
#2399 = PLANE('',#2400);
#2400 = AXIS2_PLACEMENT_3D('',#2401,#2402,#2403);
#2401 = CARTESIAN_POINT('',(-14.3,-1.750414361612,-1.187618925214E-15));
#2402 = DIRECTION('',(2.22044604925E-16,1.,1.232595164408E-32));
#2403 = DIRECTION('',(-1.110223024625E-16,1.232595164408E-32,1.));
#2404 = ADVANCED_FACE('',(#2405),#2446,.T.);
#2405 = FACE_BOUND('',#2406,.F.);
#2406 = EDGE_LOOP('',(#2407,#2408,#2416,#2424,#2432,#2440));
#2407 = ORIENTED_EDGE('',*,*,#2363,.T.);
#2408 = ORIENTED_EDGE('',*,*,#2409,.T.);
#2409 = EDGE_CURVE('',#2366,#2410,#2412,.T.);
#2410 = VERTEX_POINT('',#2411);
#2411 = CARTESIAN_POINT('',(-14.3,3.175237850428E-15,2.5));
#2412 = LINE('',#2413,#2414);
#2413 = CARTESIAN_POINT('',(-14.3,-1.750414361612,1.));
#2414 = VECTOR('',#2415,1.);
#2415 = DIRECTION('',(9.63632399257E-17,0.759332726909,0.650702550975));
#2416 = ORIENTED_EDGE('',*,*,#2417,.T.);
#2417 = EDGE_CURVE('',#2410,#2418,#2420,.T.);
#2418 = VERTEX_POINT('',#2419);
#2419 = CARTESIAN_POINT('',(-14.3,1.500414361612,1.));
#2420 = LINE('',#2421,#2422);
#2421 = CARTESIAN_POINT('',(-14.3,3.175237850428E-15,2.5));
#2422 = VECTOR('',#2423,1.);
#2423 = DIRECTION('',(2.355247081598E-16,0.707204426923,-0.707009121964)
  );
#2424 = ORIENTED_EDGE('',*,*,#2425,.T.);
#2425 = EDGE_CURVE('',#2418,#2426,#2428,.T.);
#2426 = VERTEX_POINT('',#2427);
#2427 = CARTESIAN_POINT('',(-14.3,1.500414361612,-1.587618925214E-15));
#2428 = LINE('',#2429,#2430);
#2429 = CARTESIAN_POINT('',(-14.3,1.500414361612,1.));
#2430 = VECTOR('',#2431,1.);
#2431 = DIRECTION('',(1.110223024625E-16,-1.232595164408E-32,-1.));
#2432 = ORIENTED_EDGE('',*,*,#2433,.T.);
#2433 = EDGE_CURVE('',#2426,#2434,#2436,.T.);
#2434 = VERTEX_POINT('',#2435);
#2435 = CARTESIAN_POINT('',(-14.3,3.175237850428E-15,1.5));
#2436 = LINE('',#2437,#2438);
#2437 = CARTESIAN_POINT('',(-14.3,1.500414361612,-1.587618925214E-15));
#2438 = VECTOR('',#2439,1.);
#2439 = DIRECTION('',(-2.355247081598E-16,-0.707204426923,0.707009121964
    ));
#2440 = ORIENTED_EDGE('',*,*,#2441,.T.);
#2441 = EDGE_CURVE('',#2434,#2364,#2442,.T.);
#2442 = LINE('',#2443,#2444);
#2443 = CARTESIAN_POINT('',(-14.3,3.175237850428E-15,1.5));
#2444 = VECTOR('',#2445,1.);
#2445 = DIRECTION('',(-9.63632399257E-17,-0.759332726909,-0.650702550975
    ));
#2446 = PLANE('',#2447);
#2447 = AXIS2_PLACEMENT_3D('',#2448,#2449,#2450);
#2448 = CARTESIAN_POINT('',(-14.3,-0.101510508611,1.111797366489));
#2449 = DIRECTION('',(1.,-2.22044604925E-16,1.110223024625E-16));
#2450 = DIRECTION('',(1.110223024625E-16,-1.232595164408E-32,-1.));
#2451 = ADVANCED_FACE('',(#2452),#2472,.F.);
#2452 = FACE_BOUND('',#2453,.F.);
#2453 = EDGE_LOOP('',(#2454,#2455,#2456,#2466));
#2454 = ORIENTED_EDGE('',*,*,#2409,.F.);
#2455 = ORIENTED_EDGE('',*,*,#2394,.T.);
#2456 = ORIENTED_EDGE('',*,*,#2457,.F.);
#2457 = EDGE_CURVE('',#2458,#2382,#2460,.T.);
#2458 = VERTEX_POINT('',#2459);
#2459 = CARTESIAN_POINT('',(-14.88333538975,3.304764326584E-15,2.5));
#2460 = B_SPLINE_CURVE_WITH_KNOTS('',4,(#2461,#2462,#2463,#2464,#2465),
  .UNSPECIFIED.,.F.,.F.,(5,5),(0.,1.),.PIECEWISE_BEZIER_KNOTS.);
#2461 = CARTESIAN_POINT('',(-14.88333538975,3.552713678801E-15,2.5));
#2462 = CARTESIAN_POINT('',(-14.94606200471,-0.435774405179,
    2.126567501899));
#2463 = CARTESIAN_POINT('',(-14.9852298855,-0.873506546124,
    1.751457341803));
#2464 = CARTESIAN_POINT('',(-15.00080021674,-1.312084436222,
    1.375622425469));
#2465 = CARTESIAN_POINT('',(-14.99283008066,-1.750414361612,1.));
#2466 = ORIENTED_EDGE('',*,*,#2467,.F.);
#2467 = EDGE_CURVE('',#2410,#2458,#2468,.T.);
#2468 = LINE('',#2469,#2470);
#2469 = CARTESIAN_POINT('',(-14.3,3.175237850428E-15,2.5));
#2470 = VECTOR('',#2471,1.);
#2471 = DIRECTION('',(-1.,2.22044604925E-16,-1.110223024625E-16));
#2472 = PLANE('',#2473);
#2473 = AXIS2_PLACEMENT_3D('',#2474,#2475,#2476);
#2474 = CARTESIAN_POINT('',(-14.3,-1.750414361612,1.));
#2475 = DIRECTION('',(2.287878585315E-16,0.650702550975,-0.759332726909)
  );
#2476 = DIRECTION('',(9.63632399257E-17,0.759332726909,0.650702550975));
#2477 = ADVANCED_FACE('',(#2478),#2526,.T.);
#2478 = FACE_BOUND('',#2479,.T.);
#2479 = EDGE_LOOP('',(#2480,#2493,#2494,#2495,#2505,#2518));
#2480 = ORIENTED_EDGE('',*,*,#2481,.T.);
#2481 = EDGE_CURVE('',#2482,#2374,#2484,.T.);
#2482 = VERTEX_POINT('',#2483);
#2483 = CARTESIAN_POINT('',(-15.01711264936,3.334468845343E-15,1.5));
#2484 = B_SPLINE_CURVE_WITH_KNOTS('',4,(#2485,#2486,#2487,#2488,#2489,
    #2490,#2491,#2492),.UNSPECIFIED.,.F.,.F.,(5,3,5),(0.,0.859040906687,
    1.),.UNSPECIFIED.);
#2485 = CARTESIAN_POINT('',(-15.01711264936,3.334468845343E-15,1.5));
#2486 = CARTESIAN_POINT('',(-15.0492423358,-0.375362838397,
    1.178336587072));
#2487 = CARTESIAN_POINT('',(-15.0640816431,-0.751580097853,0.8559409866)
  );
#2488 = CARTESIAN_POINT('',(-15.06161648317,-1.127960104082,
    0.533405921918));
#2489 = CARTESIAN_POINT('',(-15.03864531927,-1.565489825124,
    0.158469223525));
#2490 = CARTESIAN_POINT('',(-15.03494238006,-1.627149502621,
    0.105630582416));
#2491 = CARTESIAN_POINT('',(-15.03077465728,-1.688792027003,
    5.280664049621E-02));
#2492 = CARTESIAN_POINT('',(-15.02614234685,-1.750414361612,
    -1.110223024625E-15));
#2493 = ORIENTED_EDGE('',*,*,#2381,.T.);
#2494 = ORIENTED_EDGE('',*,*,#2457,.F.);
#2495 = ORIENTED_EDGE('',*,*,#2496,.F.);
#2496 = EDGE_CURVE('',#2497,#2458,#2499,.T.);
#2497 = VERTEX_POINT('',#2498);
#2498 = CARTESIAN_POINT('',(-15.01031335761,1.500414361612,1.));
#2499 = B_SPLINE_CURVE_WITH_KNOTS('',4,(#2500,#2501,#2502,#2503,#2504),
  .UNSPECIFIED.,.F.,.F.,(5,5),(0.,1.),.PIECEWISE_BEZIER_KNOTS.);
#2500 = CARTESIAN_POINT('',(-15.01031335761,1.500414361612,1.));
#2501 = CARTESIAN_POINT('',(-15.00953439271,1.124426479542,
    1.375884047456));
#2502 = CARTESIAN_POINT('',(-14.98811691359,0.7484591178,1.751747580252)
  );
#2503 = CARTESIAN_POINT('',(-14.94603300144,0.373362942798,2.1267401669)
  );
#2504 = CARTESIAN_POINT('',(-14.88333538975,3.304764326584E-15,2.5));
#2505 = ORIENTED_EDGE('',*,*,#2506,.F.);
#2506 = EDGE_CURVE('',#2507,#2497,#2509,.T.);
#2507 = VERTEX_POINT('',#2508);
#2508 = CARTESIAN_POINT('',(-15.04358690916,1.500414361612,
    -1.670173655951E-15));
#2509 = B_SPLINE_CURVE_WITH_KNOTS('',7,(#2510,#2511,#2512,#2513,#2514,
    #2515,#2516,#2517),.UNSPECIFIED.,.F.,.F.,(8,8),(0.,1.),
  .PIECEWISE_BEZIER_KNOTS.);
#2510 = CARTESIAN_POINT('',(-15.04358690916,1.500414361612,
    -1.554312234475E-15));
#2511 = CARTESIAN_POINT('',(-15.04358690916,1.500414361612,
    0.142962592918));
#2512 = CARTESIAN_POINT('',(-15.04200190203,1.500414361612,
    0.285925103993));
#2513 = CARTESIAN_POINT('',(-15.03883168101,1.500414361612,
    0.428866718692));
#2514 = CARTESIAN_POINT('',(-15.03407718791,1.500414361612,
    0.571765757151));
#2515 = CARTESIAN_POINT('',(-15.02773813876,1.500414361612,
    0.714602118176));
#2516 = CARTESIAN_POINT('',(-15.01981661952,1.500414361612,
    0.857353742397));
#2517 = CARTESIAN_POINT('',(-15.01031335761,1.500414361612,1.));
#2518 = ORIENTED_EDGE('',*,*,#2519,.T.);
#2519 = EDGE_CURVE('',#2507,#2482,#2520,.T.);
#2520 = B_SPLINE_CURVE_WITH_KNOTS('',4,(#2521,#2522,#2523,#2524,#2525),
  .UNSPECIFIED.,.F.,.F.,(5,5),(0.,1.),.PIECEWISE_BEZIER_KNOTS.);
#2521 = CARTESIAN_POINT('',(-15.04358690916,1.500414361612,
    -1.670173655951E-15));
#2522 = CARTESIAN_POINT('',(-15.06772939139,1.125460957613,
    0.374849855072));
#2523 = CARTESIAN_POINT('',(-15.07138307954,0.749846014813,
    0.750361066251));
#2524 = CARTESIAN_POINT('',(-15.05450069685,0.374410412648,
    1.125692986323));
#2525 = CARTESIAN_POINT('',(-15.01711264936,2.6645352591E-15,1.5));
#2526 = SURFACE_OF_REVOLUTION('',#2527,#2532);
#2527 = CIRCLE('',#2528,23.350974086829);
#2528 = AXIS2_PLACEMENT_3D('',#2529,#2530,#2531);
#2529 = CARTESIAN_POINT('',(0.,-1.088741204263E-14,-8.259132836545));
#2530 = DIRECTION('',(1.,0.,0.));
#2531 = DIRECTION('',(0.,1.,0.));
#2532 = AXIS1_PLACEMENT('',#2533,#2534);
#2533 = CARTESIAN_POINT('',(0.,0.,0.));
#2534 = DIRECTION('',(-1.110223024625E-16,-1.,1.110223024625E-16));
#2535 = ADVANCED_FACE('',(#2536),#2547,.F.);
#2536 = FACE_BOUND('',#2537,.F.);
#2537 = EDGE_LOOP('',(#2538,#2539,#2545,#2546));
#2538 = ORIENTED_EDGE('',*,*,#2441,.F.);
#2539 = ORIENTED_EDGE('',*,*,#2540,.T.);
#2540 = EDGE_CURVE('',#2434,#2482,#2541,.T.);
#2541 = LINE('',#2542,#2543);
#2542 = CARTESIAN_POINT('',(-14.3,3.175237850428E-15,1.5));
#2543 = VECTOR('',#2544,1.);
#2544 = DIRECTION('',(-1.,2.22044604925E-16,-1.110223024625E-16));
#2545 = ORIENTED_EDGE('',*,*,#2481,.T.);
#2546 = ORIENTED_EDGE('',*,*,#2373,.F.);
#2547 = PLANE('',#2548);
#2548 = AXIS2_PLACEMENT_3D('',#2549,#2550,#2551);
#2549 = CARTESIAN_POINT('',(-14.3,3.175237850428E-15,1.5));
#2550 = DIRECTION('',(-2.287878585315E-16,-0.650702550975,0.759332726909
    ));
#2551 = DIRECTION('',(-9.63632399257E-17,-0.759332726909,-0.650702550975
    ));
#2552 = ADVANCED_FACE('',(#2553),#2564,.F.);
#2553 = FACE_BOUND('',#2554,.F.);
#2554 = EDGE_LOOP('',(#2555,#2556,#2557,#2558));
#2555 = ORIENTED_EDGE('',*,*,#2417,.F.);
#2556 = ORIENTED_EDGE('',*,*,#2467,.T.);
#2557 = ORIENTED_EDGE('',*,*,#2496,.F.);
#2558 = ORIENTED_EDGE('',*,*,#2559,.F.);
#2559 = EDGE_CURVE('',#2418,#2497,#2560,.T.);
#2560 = LINE('',#2561,#2562);
#2561 = CARTESIAN_POINT('',(-14.3,1.500414361612,1.));
#2562 = VECTOR('',#2563,1.);
#2563 = DIRECTION('',(-1.,2.22044604925E-16,-1.110223024625E-16));
#2564 = PLANE('',#2565);
#2565 = AXIS2_PLACEMENT_3D('',#2566,#2567,#2568);
#2566 = CARTESIAN_POINT('',(-14.3,3.175237850428E-15,2.5));
#2567 = DIRECTION('',(-7.847209737615E-17,-0.707009121964,
    -0.707204426923));
#2568 = DIRECTION('',(2.355247081598E-16,0.707204426923,-0.707009121964)
  );
#2569 = ADVANCED_FACE('',(#2570),#2581,.F.);
#2570 = FACE_BOUND('',#2571,.F.);
#2571 = EDGE_LOOP('',(#2572,#2573,#2574,#2575));
#2572 = ORIENTED_EDGE('',*,*,#2425,.F.);
#2573 = ORIENTED_EDGE('',*,*,#2559,.T.);
#2574 = ORIENTED_EDGE('',*,*,#2506,.F.);
#2575 = ORIENTED_EDGE('',*,*,#2576,.F.);
#2576 = EDGE_CURVE('',#2426,#2507,#2577,.T.);
#2577 = LINE('',#2578,#2579);
#2578 = CARTESIAN_POINT('',(-14.3,1.500414361612,-1.587618925214E-15));
#2579 = VECTOR('',#2580,1.);
#2580 = DIRECTION('',(-1.,2.22044604925E-16,-1.110223024625E-16));
#2581 = PLANE('',#2582);
#2582 = AXIS2_PLACEMENT_3D('',#2583,#2584,#2585);
#2583 = CARTESIAN_POINT('',(-14.3,1.500414361612,1.));
#2584 = DIRECTION('',(-2.22044604925E-16,-1.,-1.232595164408E-32));
#2585 = DIRECTION('',(1.110223024625E-16,-1.232595164408E-32,-1.));
#2586 = ADVANCED_FACE('',(#2587),#2593,.F.);
#2587 = FACE_BOUND('',#2588,.F.);
#2588 = EDGE_LOOP('',(#2589,#2590,#2591,#2592));
#2589 = ORIENTED_EDGE('',*,*,#2433,.F.);
#2590 = ORIENTED_EDGE('',*,*,#2576,.T.);
#2591 = ORIENTED_EDGE('',*,*,#2519,.T.);
#2592 = ORIENTED_EDGE('',*,*,#2540,.F.);
#2593 = PLANE('',#2594);
#2594 = AXIS2_PLACEMENT_3D('',#2595,#2596,#2597);
#2595 = CARTESIAN_POINT('',(-14.3,1.500414361612,-1.587618925214E-15));
#2596 = DIRECTION('',(7.847209737615E-17,0.707009121964,0.707204426923)
  );
#2597 = DIRECTION('',(-2.355247081598E-16,-0.707204426923,0.707009121964
    ));
#2598 = MANIFOLD_SOLID_BREP('',#2599);
#2599 = CLOSED_SHELL('',(#2600,#2645,#2692,#2718,#2776,#2793,#2810,#2827
    ));
#2600 = ADVANCED_FACE('',(#2601),#2640,.F.);
#2601 = FACE_BOUND('',#2602,.F.);
#2602 = EDGE_LOOP('',(#2603,#2613,#2621,#2634));
#2603 = ORIENTED_EDGE('',*,*,#2604,.F.);
#2604 = EDGE_CURVE('',#2605,#2607,#2609,.T.);
#2605 = VERTEX_POINT('',#2606);
#2606 = CARTESIAN_POINT('',(-14.02522950976,-1.750414361612,
    2.789791604831));
#2607 = VERTEX_POINT('',#2608);
#2608 = CARTESIAN_POINT('',(-13.83013918775,-1.750414361612,
    3.770576885234));
#2609 = LINE('',#2610,#2611);
#2610 = CARTESIAN_POINT('',(-14.02522950976,-1.750414361612,
    2.789791604831));
#2611 = VECTOR('',#2612,1.);
#2612 = DIRECTION('',(0.195090322016,-2.379263914919E-17,0.980785280403)
  );
#2613 = ORIENTED_EDGE('',*,*,#2614,.T.);
#2614 = EDGE_CURVE('',#2605,#2615,#2617,.T.);
#2615 = VERTEX_POINT('',#2616);
#2616 = CARTESIAN_POINT('',(-14.73741923503,-1.750414361612,
    2.931454949107));
#2617 = LINE('',#2618,#2619);
#2618 = CARTESIAN_POINT('',(-14.02522950976,-1.750414361612,
    2.789791604831));
#2619 = VECTOR('',#2620,1.);
#2620 = DIRECTION('',(-0.980785280403,2.415707192526E-16,0.195090322016)
  );
#2621 = ORIENTED_EDGE('',*,*,#2622,.T.);
#2622 = EDGE_CURVE('',#2615,#2623,#2625,.T.);
#2623 = VERTEX_POINT('',#2624);
#2624 = CARTESIAN_POINT('',(-14.50965673269,-1.750414361612,
    3.905741328774));
#2625 = B_SPLINE_CURVE_WITH_KNOTS('',7,(#2626,#2627,#2628,#2629,#2630,
    #2631,#2632,#2633),.UNSPECIFIED.,.F.,.F.,(8,8),(0.,1.),
  .PIECEWISE_BEZIER_KNOTS.);
#2626 = CARTESIAN_POINT('',(-14.73741923503,-1.750414361612,
    2.931454949107));
#2627 = CARTESIAN_POINT('',(-14.70952858598,-1.750414361612,
    3.071670707671));
#2628 = CARTESIAN_POINT('',(-14.68008155442,-1.750414361612,
    3.211576935464));
#2629 = CARTESIAN_POINT('',(-14.64908213281,-1.750414361612,
    3.351152939034));
#2630 = CARTESIAN_POINT('',(-14.61653517388,-1.750414361612,
    3.490377794861));
#2631 = CARTESIAN_POINT('',(-14.58244487759,-1.750414361612,
    3.629231286722));
#2632 = CARTESIAN_POINT('',(-14.54681703286,-1.750414361612,
    3.76769254341));
#2633 = CARTESIAN_POINT('',(-14.50965673269,-1.750414361612,
    3.905741328774));
#2634 = ORIENTED_EDGE('',*,*,#2635,.F.);
#2635 = EDGE_CURVE('',#2607,#2623,#2636,.T.);
#2636 = LINE('',#2637,#2638);
#2637 = CARTESIAN_POINT('',(-13.83013918775,-1.750414361612,
    3.770576885234));
#2638 = VECTOR('',#2639,1.);
#2639 = DIRECTION('',(-0.980785280403,2.415707192526E-16,0.195090322016)
  );
#2640 = PLANE('',#2641);
#2641 = AXIS2_PLACEMENT_3D('',#2642,#2643,#2644);
#2642 = CARTESIAN_POINT('',(-14.02522950976,-1.750414361612,
    2.789791604831));
#2643 = DIRECTION('',(2.415707192526E-16,1.,-2.379263914919E-17));
#2644 = DIRECTION('',(0.195090322016,-2.379263914919E-17,0.980785280403)
  );
#2645 = ADVANCED_FACE('',(#2646),#2687,.T.);
#2646 = FACE_BOUND('',#2647,.F.);
#2647 = EDGE_LOOP('',(#2648,#2649,#2657,#2665,#2673,#2681));
#2648 = ORIENTED_EDGE('',*,*,#2604,.T.);
#2649 = ORIENTED_EDGE('',*,*,#2650,.T.);
#2650 = EDGE_CURVE('',#2607,#2651,#2653,.T.);
#2651 = VERTEX_POINT('',#2652);
#2652 = CARTESIAN_POINT('',(-13.53750370472,3.394979687439E-15,
    5.241754805839));
#2653 = LINE('',#2654,#2655);
#2654 = CARTESIAN_POINT('',(-13.83013918775,-1.750414361612,
    3.770576885234));
#2655 = VECTOR('',#2656,1.);
#2656 = DIRECTION('',(0.126945770206,0.759332726909,0.638199483917));
#2657 = ORIENTED_EDGE('',*,*,#2658,.T.);
#2658 = EDGE_CURVE('',#2651,#2659,#2661,.T.);
#2659 = VERTEX_POINT('',#2660);
#2660 = CARTESIAN_POINT('',(-13.83013918775,1.500414361612,
    3.770576885234));
#2661 = LINE('',#2662,#2663);
#2662 = CARTESIAN_POINT('',(-13.53750370472,3.394979687439E-15,
    5.241754805839));
#2663 = VECTOR('',#2664,1.);
#2664 = DIRECTION('',(-0.137930637272,0.707204426923,-0.693424139933));
#2665 = ORIENTED_EDGE('',*,*,#2666,.T.);
#2666 = EDGE_CURVE('',#2659,#2667,#2669,.T.);
#2667 = VERTEX_POINT('',#2668);
#2668 = CARTESIAN_POINT('',(-14.02522950976,1.500414361612,
    2.789791604831));
#2669 = LINE('',#2670,#2671);
#2670 = CARTESIAN_POINT('',(-13.83013918775,1.500414361612,
    3.770576885234));
#2671 = VECTOR('',#2672,1.);
#2672 = DIRECTION('',(-0.195090322016,2.379263914919E-17,-0.980785280403
    ));
#2673 = ORIENTED_EDGE('',*,*,#2674,.T.);
#2674 = EDGE_CURVE('',#2667,#2675,#2677,.T.);
#2675 = VERTEX_POINT('',#2676);
#2676 = CARTESIAN_POINT('',(-13.73259402674,3.418772326589E-15,
    4.260969525435));
#2677 = LINE('',#2678,#2679);
#2678 = CARTESIAN_POINT('',(-14.02522950976,1.500414361612,
    2.789791604831));
#2679 = VECTOR('',#2680,1.);
#2680 = DIRECTION('',(0.137930637272,-0.707204426923,0.693424139933));
#2681 = ORIENTED_EDGE('',*,*,#2682,.T.);
#2682 = EDGE_CURVE('',#2675,#2605,#2683,.T.);
#2683 = LINE('',#2684,#2685);
#2684 = CARTESIAN_POINT('',(-13.73259402674,3.418772326589E-15,
    4.260969525435));
#2685 = VECTOR('',#2686,1.);
#2686 = DIRECTION('',(-0.126945770206,-0.759332726909,-0.638199483917));
#2687 = PLANE('',#2688);
#2688 = AXIS2_PLACEMENT_3D('',#2689,#2690,#2691);
#2689 = CARTESIAN_POINT('',(-13.80832860352,-0.101510508611,
    3.880226096674));
#2690 = DIRECTION('',(0.980785280403,-2.415707192526E-16,-0.195090322016
    ));
#2691 = DIRECTION('',(-0.195090322016,2.379263914919E-17,-0.980785280403
    ));
#2692 = ADVANCED_FACE('',(#2693),#2713,.F.);
#2693 = FACE_BOUND('',#2694,.F.);
#2694 = EDGE_LOOP('',(#2695,#2696,#2697,#2707));
#2695 = ORIENTED_EDGE('',*,*,#2650,.F.);
#2696 = ORIENTED_EDGE('',*,*,#2635,.T.);
#2697 = ORIENTED_EDGE('',*,*,#2698,.F.);
#2698 = EDGE_CURVE('',#2699,#2623,#2701,.T.);
#2699 = VERTEX_POINT('',#2700);
#2700 = CARTESIAN_POINT('',(-14.10963046853,3.535896437107E-15,
    5.355557894868));
#2701 = B_SPLINE_CURVE_WITH_KNOTS('',4,(#2702,#2703,#2704,#2705,#2706),
  .UNSPECIFIED.,.F.,.F.,(5,5),(0.,1.),.PIECEWISE_BEZIER_KNOTS.);
#2702 = CARTESIAN_POINT('',(-14.10963046853,3.996802888651E-15,
    5.355557894868));
#2703 = CARTESIAN_POINT('',(-14.24400487548,-0.435774405179,
    5.001538153019));
#2704 = CARTESIAN_POINT('',(-14.35560051834,-0.873506546124,
    4.641276903943));
#2705 = CARTESIAN_POINT('',(-14.44419342489,-1.312084436222,
    4.275701171077));
#2706 = CARTESIAN_POINT('',(-14.50965673269,-1.750414361612,
    3.905741328774));
#2707 = ORIENTED_EDGE('',*,*,#2708,.F.);
#2708 = EDGE_CURVE('',#2651,#2699,#2709,.T.);
#2709 = LINE('',#2710,#2711);
#2710 = CARTESIAN_POINT('',(-13.53750370472,3.394979687439E-15,
    5.241754805839));
#2711 = VECTOR('',#2712,1.);
#2712 = DIRECTION('',(-0.980785280403,2.415707192526E-16,0.195090322016)
  );
#2713 = PLANE('',#2714);
#2714 = AXIS2_PLACEMENT_3D('',#2715,#2716,#2717);
#2715 = CARTESIAN_POINT('',(-13.83013918775,-1.750414361612,
    3.770576885234));
#2716 = DIRECTION('',(-0.14813846621,0.650702550975,-0.744742361481));
#2717 = DIRECTION('',(0.126945770206,0.759332726909,0.638199483917));
#2718 = ADVANCED_FACE('',(#2719),#2767,.T.);
#2719 = FACE_BOUND('',#2720,.T.);
#2720 = EDGE_LOOP('',(#2721,#2734,#2735,#2736,#2746,#2759));
#2721 = ORIENTED_EDGE('',*,*,#2722,.T.);
#2722 = EDGE_CURVE('',#2723,#2615,#2725,.T.);
#2723 = VERTEX_POINT('',#2724);
#2724 = CARTESIAN_POINT('',(-14.43592755763,3.592005745081E-15,
    4.400871263122));
#2725 = B_SPLINE_CURVE_WITH_KNOTS('',4,(#2726,#2727,#2728,#2729,#2730,
    #2731,#2732,#2733),.UNSPECIFIED.,.F.,.F.,(5,3,5),(0.,0.859040906687,
    1.),.UNSPECIFIED.);
#2726 = CARTESIAN_POINT('',(-14.43592755763,3.592005745081E-15,
    4.400871263122));
#2727 = CARTESIAN_POINT('',(-14.53019329996,-0.375362838397,
    4.091656713351));
#2728 = CARTESIAN_POINT('',(-14.60764373564,-0.751580097853,
    3.778350859181));
#2729 = CARTESIAN_POINT('',(-14.6681494127,-1.127960104082,
    3.461532286484));
#2730 = CARTESIAN_POINT('',(-14.7187661545,-1.565489825124,
    3.089318439854));
#2731 = CARTESIAN_POINT('',(-14.72544267374,-1.627149502621,
    3.036772670816));
#2732 = CARTESIAN_POINT('',(-14.73166047242,-1.688792027003,
    2.984150643748));
#2733 = CARTESIAN_POINT('',(-14.73741923503,-1.750414361612,
    2.931454949107));
#2734 = ORIENTED_EDGE('',*,*,#2622,.T.);
#2735 = ORIENTED_EDGE('',*,*,#2698,.F.);
#2736 = ORIENTED_EDGE('',*,*,#2737,.F.);
#2737 = EDGE_CURVE('',#2738,#2699,#2740,.T.);
#2738 = VERTEX_POINT('',#2739);
#2739 = CARTESIAN_POINT('',(-14.52680407336,1.500414361612,
    3.909152146903));
#2740 = B_SPLINE_CURVE_WITH_KNOTS('',4,(#2741,#2742,#2743,#2744,#2745),
  .UNSPECIFIED.,.F.,.F.,(5,5),(0.,1.),.PIECEWISE_BEZIER_KNOTS.);
#2741 = CARTESIAN_POINT('',(-14.52680407336,1.500414361612,
    3.909152146903));
#2742 = CARTESIAN_POINT('',(-14.4527087362,1.124426479542,4.277661719274
    ));
#2743 = CARTESIAN_POINT('',(-14.35837545029,0.7484591178,4.642124796782)
  );
#2744 = CARTESIAN_POINT('',(-14.24394274423,0.373362942798,
    5.001701842053));
#2745 = CARTESIAN_POINT('',(-14.10963046853,3.535896437107E-15,
    5.355557894868));
#2746 = ORIENTED_EDGE('',*,*,#2747,.F.);
#2747 = EDGE_CURVE('',#2748,#2738,#2750,.T.);
#2748 = VERTEX_POINT('',#2749);
#2749 = CARTESIAN_POINT('',(-14.75452860497,1.500414361612,
    2.934858214387));
#2750 = B_SPLINE_CURVE_WITH_KNOTS('',7,(#2751,#2752,#2753,#2754,#2755,
    #2756,#2757,#2758),.UNSPECIFIED.,.F.,.F.,(8,8),(0.,1.),
  .PIECEWISE_BEZIER_KNOTS.);
#2751 = CARTESIAN_POINT('',(-14.75452860497,1.500414361612,
    2.934858214387));
#2752 = CARTESIAN_POINT('',(-14.73179605678,1.500414361612,
    3.049142449363));
#2753 = CARTESIAN_POINT('',(-14.70241563891,1.500414361612,
    3.191458955578));
#2754 = CARTESIAN_POINT('',(-14.66869419424,1.500414361612,
    3.345345805033));
#2755 = CARTESIAN_POINT('',(-14.63262164703,1.500414361612,
    3.499065301524));
#2756 = CARTESIAN_POINT('',(-14.59635100515,1.500414361612,3.64552780599
    ));
#2757 = CARTESIAN_POINT('',(-14.56106064078,1.500414361612,
    3.781851372493));
#2758 = CARTESIAN_POINT('',(-14.52680407336,1.500414361612,
    3.909152146903));
#2759 = ORIENTED_EDGE('',*,*,#2760,.T.);
#2760 = EDGE_CURVE('',#2748,#2723,#2761,.T.);
#2761 = B_SPLINE_CURVE_WITH_KNOTS('',4,(#2762,#2763,#2764,#2765,#2766),
  .UNSPECIFIED.,.F.,.F.,(5,5),(0.,1.),.PIECEWISE_BEZIER_KNOTS.);
#2762 = CARTESIAN_POINT('',(-14.75452860497,1.500414361612,
    2.934858214387));
#2763 = CARTESIAN_POINT('',(-14.70507761724,1.125460957613,
    3.307215399235));
#2764 = CARTESIAN_POINT('',(-14.63540249769,0.749846014813,
    3.676224066984));
#2765 = CARTESIAN_POINT('',(-14.5456208801,0.374410412648,4.041050499981
    ));
#2766 = CARTESIAN_POINT('',(-14.43592755763,3.774758283726E-15,
    4.400871263122));
#2767 = SURFACE_OF_REVOLUTION('',#2768,#2773);
#2768 = CIRCLE('',#2769,23.350974086829);
#2769 = AXIS2_PLACEMENT_3D('',#2770,#2771,#2772);
#2770 = CARTESIAN_POINT('',(0.,-1.088741204263E-14,-8.259132836545));
#2771 = DIRECTION('',(1.,0.,0.));
#2772 = DIRECTION('',(0.,1.,0.));
#2773 = AXIS1_PLACEMENT('',#2774,#2775);
#2774 = CARTESIAN_POINT('',(0.,0.,0.));
#2775 = DIRECTION('',(-1.110223024625E-16,-1.,1.110223024625E-16));
#2776 = ADVANCED_FACE('',(#2777),#2788,.F.);
#2777 = FACE_BOUND('',#2778,.F.);
#2778 = EDGE_LOOP('',(#2779,#2780,#2786,#2787));
#2779 = ORIENTED_EDGE('',*,*,#2682,.F.);
#2780 = ORIENTED_EDGE('',*,*,#2781,.T.);
#2781 = EDGE_CURVE('',#2675,#2723,#2782,.T.);
#2782 = LINE('',#2783,#2784);
#2783 = CARTESIAN_POINT('',(-13.73259402674,3.418772326589E-15,
    4.260969525435));
#2784 = VECTOR('',#2785,1.);
#2785 = DIRECTION('',(-0.980785280403,2.415707192526E-16,0.195090322016)
  );
#2786 = ORIENTED_EDGE('',*,*,#2722,.T.);
#2787 = ORIENTED_EDGE('',*,*,#2614,.F.);
#2788 = PLANE('',#2789);
#2789 = AXIS2_PLACEMENT_3D('',#2790,#2791,#2792);
#2790 = CARTESIAN_POINT('',(-13.73259402674,3.418772326589E-15,
    4.260969525435));
#2791 = DIRECTION('',(0.14813846621,-0.650702550975,0.744742361481));
#2792 = DIRECTION('',(-0.126945770206,-0.759332726909,-0.638199483917));
#2793 = ADVANCED_FACE('',(#2794),#2805,.F.);
#2794 = FACE_BOUND('',#2795,.F.);
#2795 = EDGE_LOOP('',(#2796,#2797,#2798,#2799));
#2796 = ORIENTED_EDGE('',*,*,#2658,.F.);
#2797 = ORIENTED_EDGE('',*,*,#2708,.T.);
#2798 = ORIENTED_EDGE('',*,*,#2737,.F.);
#2799 = ORIENTED_EDGE('',*,*,#2800,.F.);
#2800 = EDGE_CURVE('',#2659,#2738,#2801,.T.);
#2801 = LINE('',#2802,#2803);
#2802 = CARTESIAN_POINT('',(-13.83013918775,1.500414361612,
    3.770576885234));
#2803 = VECTOR('',#2804,1.);
#2804 = DIRECTION('',(-0.980785280403,2.415707192526E-16,0.195090322016)
  );
#2805 = PLANE('',#2806);
#2806 = AXIS2_PLACEMENT_3D('',#2807,#2808,#2809);
#2807 = CARTESIAN_POINT('',(-13.53750370472,3.394979687439E-15,
    5.241754805839));
#2808 = DIRECTION('',(-0.13796873938,-0.707009121964,-0.693615692162));
#2809 = DIRECTION('',(-0.137930637272,0.707204426923,-0.693424139933));
#2810 = ADVANCED_FACE('',(#2811),#2822,.F.);
#2811 = FACE_BOUND('',#2812,.F.);
#2812 = EDGE_LOOP('',(#2813,#2814,#2815,#2816));
#2813 = ORIENTED_EDGE('',*,*,#2666,.F.);
#2814 = ORIENTED_EDGE('',*,*,#2800,.T.);
#2815 = ORIENTED_EDGE('',*,*,#2747,.F.);
#2816 = ORIENTED_EDGE('',*,*,#2817,.F.);
#2817 = EDGE_CURVE('',#2667,#2748,#2818,.T.);
#2818 = LINE('',#2819,#2820);
#2819 = CARTESIAN_POINT('',(-14.02522950976,1.500414361612,
    2.789791604831));
#2820 = VECTOR('',#2821,1.);
#2821 = DIRECTION('',(-0.980785280403,2.415707192526E-16,0.195090322016)
  );
#2822 = PLANE('',#2823);
#2823 = AXIS2_PLACEMENT_3D('',#2824,#2825,#2826);
#2824 = CARTESIAN_POINT('',(-13.83013918775,1.500414361612,
    3.770576885234));
#2825 = DIRECTION('',(-2.415707192526E-16,-1.,2.379263914919E-17));
#2826 = DIRECTION('',(-0.195090322016,2.379263914919E-17,-0.980785280403
    ));
#2827 = ADVANCED_FACE('',(#2828),#2834,.F.);
#2828 = FACE_BOUND('',#2829,.F.);
#2829 = EDGE_LOOP('',(#2830,#2831,#2832,#2833));
#2830 = ORIENTED_EDGE('',*,*,#2674,.F.);
#2831 = ORIENTED_EDGE('',*,*,#2817,.T.);
#2832 = ORIENTED_EDGE('',*,*,#2760,.T.);
#2833 = ORIENTED_EDGE('',*,*,#2781,.F.);
#2834 = PLANE('',#2835);
#2835 = AXIS2_PLACEMENT_3D('',#2836,#2837,#2838);
#2836 = CARTESIAN_POINT('',(-14.02522950976,1.500414361612,
    2.789791604831));
#2837 = DIRECTION('',(0.13796873938,0.707009121964,0.693615692162));
#2838 = DIRECTION('',(0.137930637272,-0.707204426923,0.693424139933));
#2839 = MANIFOLD_SOLID_BREP('',#2840);
#2840 = CLOSED_SHELL('',(#2841,#2887,#2934,#2960,#3019,#3036,#3053,#3070
    ));
#2841 = ADVANCED_FACE('',(#2842),#2882,.F.);
#2842 = FACE_BOUND('',#2843,.F.);
#2843 = EDGE_LOOP('',(#2844,#2854,#2862,#2876));
#2844 = ORIENTED_EDGE('',*,*,#2845,.F.);
#2845 = EDGE_CURVE('',#2846,#2848,#2850,.T.);
#2846 = VERTEX_POINT('',#2847);
#2847 = CARTESIAN_POINT('',(-13.21147731491,-1.750414361612,
    5.472373082821));
#2848 = VERTEX_POINT('',#2849);
#2849 = CARTESIAN_POINT('',(-12.82879388254,-1.750414361612,
    6.396252615332));
#2850 = LINE('',#2851,#2852);
#2851 = CARTESIAN_POINT('',(-13.21147731491,-1.750414361612,
    5.472373082821));
#2852 = VECTOR('',#2853,1.);
#2853 = DIRECTION('',(0.382683432365,-5.093746534055E-17,0.923879532511)
  );
#2854 = ORIENTED_EDGE('',*,*,#2855,.T.);
#2855 = EDGE_CURVE('',#2846,#2856,#2858,.T.);
#2856 = VERTEX_POINT('',#2857);
#2857 = CARTESIAN_POINT('',(-13.88234536685,-1.750414361612,
    5.750255728499));
#2858 = LINE('',#2859,#2860);
#2859 = CARTESIAN_POINT('',(-13.21147731491,-1.750414361612,
    5.472373082821));
#2860 = VECTOR('',#2861,1.);
#2861 = DIRECTION('',(-0.923879532511,2.560799311353E-16,0.382683432365)
  );
#2862 = ORIENTED_EDGE('',*,*,#2863,.T.);
#2863 = EDGE_CURVE('',#2856,#2864,#2866,.T.);
#2864 = VERTEX_POINT('',#2865);
#2865 = CARTESIAN_POINT('',(-13.46888541358,-1.750414361612,
    6.661387208648));
#2866 = B_SPLINE_CURVE_WITH_KNOTS('',8,(#2867,#2868,#2869,#2870,#2871,
    #2872,#2873,#2874,#2875),.UNSPECIFIED.,.F.,.F.,(9,9),(0.,1.),
  .PIECEWISE_BEZIER_KNOTS.);
#2867 = CARTESIAN_POINT('',(-13.88234536685,-1.750414361612,
    5.750255728499));
#2868 = CARTESIAN_POINT('',(-13.83447458436,-1.750414361612,
    5.865826020829));
#2869 = CARTESIAN_POINT('',(-13.78550419162,-1.750414361612,
    5.98094093729));
#2870 = CARTESIAN_POINT('',(-13.73543935911,-1.750414361612,
    6.095588170137));
#2871 = CARTESIAN_POINT('',(-13.68428500221,-1.750414361612,
    6.209755728844));
#2872 = CARTESIAN_POINT('',(-13.63204711057,-1.750414361612,
    6.323431206509));
#2873 = CARTESIAN_POINT('',(-13.57873046212,-1.750414361612,
    6.436603000578));
#2874 = CARTESIAN_POINT('',(-13.52434139812,-1.750414361612,
    6.549258901115));
#2875 = CARTESIAN_POINT('',(-13.46888541358,-1.750414361612,
    6.661387208648));
#2876 = ORIENTED_EDGE('',*,*,#2877,.F.);
#2877 = EDGE_CURVE('',#2848,#2864,#2878,.T.);
#2878 = LINE('',#2879,#2880);
#2879 = CARTESIAN_POINT('',(-12.82879388254,-1.750414361612,
    6.396252615332));
#2880 = VECTOR('',#2881,1.);
#2881 = DIRECTION('',(-0.923879532511,2.560799311353E-16,0.382683432365)
  );
#2882 = PLANE('',#2883);
#2883 = AXIS2_PLACEMENT_3D('',#2884,#2885,#2886);
#2884 = CARTESIAN_POINT('',(-13.21147731491,-1.750414361612,
    5.472373082821));
#2885 = DIRECTION('',(2.560799311353E-16,1.,-5.093746534055E-17));
#2886 = DIRECTION('',(0.382683432365,-5.093746534055E-17,0.923879532511)
  );
#2887 = ADVANCED_FACE('',(#2888),#2929,.T.);
#2888 = FACE_BOUND('',#2889,.F.);
#2889 = EDGE_LOOP('',(#2890,#2891,#2899,#2907,#2915,#2923));
#2890 = ORIENTED_EDGE('',*,*,#2845,.T.);
#2891 = ORIENTED_EDGE('',*,*,#2892,.T.);
#2892 = EDGE_CURVE('',#2848,#2893,#2895,.T.);
#2893 = VERTEX_POINT('',#2894);
#2894 = CARTESIAN_POINT('',(-12.25476873399,3.534599351884E-15,
    7.782071914099));
#2895 = LINE('',#2896,#2897);
#2896 = CARTESIAN_POINT('',(-12.82879388254,-1.750414361612,
    6.396252615332));
#2897 = VECTOR('',#2898,1.);
#2898 = DIRECTION('',(0.249013085656,0.759332726909,0.601170768598));
#2899 = ORIENTED_EDGE('',*,*,#2900,.T.);
#2900 = EDGE_CURVE('',#2893,#2901,#2903,.T.);
#2901 = VERTEX_POINT('',#2902);
#2902 = CARTESIAN_POINT('',(-12.82879388254,1.500414361612,
    6.396252615332));
#2903 = LINE('',#2904,#2905);
#2904 = CARTESIAN_POINT('',(-12.25476873399,3.534599351884E-15,
    7.782071914099));
#2905 = VECTOR('',#2906,1.);
#2906 = DIRECTION('',(-0.270560677507,0.707204426923,-0.653191257081));
#2907 = ORIENTED_EDGE('',*,*,#2908,.T.);
#2908 = EDGE_CURVE('',#2901,#2909,#2911,.T.);
#2909 = VERTEX_POINT('',#2910);
#2910 = CARTESIAN_POINT('',(-13.21147731491,1.500414361612,
    5.472373082821));
#2911 = LINE('',#2912,#2913);
#2912 = CARTESIAN_POINT('',(-12.82879388254,1.500414361612,
    6.396252615332));
#2913 = VECTOR('',#2914,1.);
#2914 = DIRECTION('',(-0.382683432365,5.093746534055E-17,-0.923879532511
    ));
#2915 = ORIENTED_EDGE('',*,*,#2916,.T.);
#2916 = EDGE_CURVE('',#2909,#2917,#2919,.T.);
#2917 = VERTEX_POINT('',#2918);
#2918 = CARTESIAN_POINT('',(-12.63745216636,3.585536817225E-15,
    6.858192381588));
#2919 = LINE('',#2920,#2921);
#2920 = CARTESIAN_POINT('',(-13.21147731491,1.500414361612,
    5.472373082821));
#2921 = VECTOR('',#2922,1.);
#2922 = DIRECTION('',(0.270560677507,-0.707204426923,0.653191257081));
#2923 = ORIENTED_EDGE('',*,*,#2924,.T.);
#2924 = EDGE_CURVE('',#2917,#2846,#2925,.T.);
#2925 = LINE('',#2926,#2927);
#2926 = CARTESIAN_POINT('',(-12.63745216636,3.585536817225E-15,
    6.858192381588));
#2927 = VECTOR('',#2928,1.);
#2928 = DIRECTION('',(-0.249013085656,-0.759332726909,-0.601170768598));
#2929 = PLANE('',#2930);
#2930 = AXIS2_PLACEMENT_3D('',#2931,#2932,#2933);
#2931 = CARTESIAN_POINT('',(-12.7860108826,-0.101510508611,6.49953991402
    ));
#2932 = DIRECTION('',(0.923879532511,-2.560799311353E-16,-0.382683432365
    ));
#2933 = DIRECTION('',(-0.382683432365,5.093746534055E-17,-0.923879532511
    ));
#2934 = ADVANCED_FACE('',(#2935),#2955,.F.);
#2935 = FACE_BOUND('',#2936,.F.);
#2936 = EDGE_LOOP('',(#2937,#2938,#2939,#2949));
#2937 = ORIENTED_EDGE('',*,*,#2892,.F.);
#2938 = ORIENTED_EDGE('',*,*,#2877,.T.);
#2939 = ORIENTED_EDGE('',*,*,#2940,.F.);
#2940 = EDGE_CURVE('',#2941,#2864,#2943,.T.);
#2941 = VERTEX_POINT('',#2942);
#2942 = CARTESIAN_POINT('',(-12.79370036117,3.68397983832E-15,
    8.005304703268));
#2943 = B_SPLINE_CURVE_WITH_KNOTS('',4,(#2944,#2945,#2946,#2947,#2948),
  .UNSPECIFIED.,.F.,.F.,(5,5),(0.,1.),.PIECEWISE_BEZIER_KNOTS.);
#2944 = CARTESIAN_POINT('',(-12.79370036117,3.996802888651E-15,
    8.005304703268));
#2945 = CARTESIAN_POINT('',(-12.99455862701,-0.435774405179,
    7.684302497813));
#2946 = CARTESIAN_POINT('',(-13.17429347398,-0.873506546124,
    7.352734797522));
#2947 = CARTESIAN_POINT('',(-13.33250438012,-1.312084436222,
    7.011467118521));
#2948 = CARTESIAN_POINT('',(-13.46888541358,-1.750414361612,
    6.661387208648));
#2949 = ORIENTED_EDGE('',*,*,#2950,.F.);
#2950 = EDGE_CURVE('',#2893,#2941,#2951,.T.);
#2951 = LINE('',#2952,#2953);
#2952 = CARTESIAN_POINT('',(-12.25476873399,3.534599351884E-15,
    7.782071914099));
#2953 = VECTOR('',#2954,1.);
#2954 = DIRECTION('',(-0.923879532511,2.560799311353E-16,0.382683432365)
  );
#2955 = PLANE('',#2956);
#2956 = AXIS2_PLACEMENT_3D('',#2957,#2958,#2959);
#2957 = CARTESIAN_POINT('',(-12.82879388254,-1.750414361612,
    6.396252615332));
#2958 = DIRECTION('',(-0.290584054241,0.650702550975,-0.701531964757));
#2959 = DIRECTION('',(0.249013085656,0.759332726909,0.601170768598));
#2960 = ADVANCED_FACE('',(#2961),#3010,.T.);
#2961 = FACE_BOUND('',#2962,.T.);
#2962 = EDGE_LOOP('',(#2963,#2976,#2977,#2978,#2988,#3002));
#2963 = ORIENTED_EDGE('',*,*,#2964,.T.);
#2964 = EDGE_CURVE('',#2965,#2856,#2967,.T.);
#2965 = VERTEX_POINT('',#2966);
#2966 = CARTESIAN_POINT('',(-13.29997786561,3.769174975091E-15,
    7.13261951164));
#2967 = B_SPLINE_CURVE_WITH_KNOTS('',4,(#2968,#2969,#2970,#2971,#2972,
    #2973,#2974,#2975),.UNSPECIFIED.,.F.,.F.,(5,3,5),(0.,0.859040906687,
    1.),.UNSPECIFIED.);
#2968 = CARTESIAN_POINT('',(-13.29997786561,3.769174975091E-15,
    7.13261951164));
#2969 = CARTESIAN_POINT('',(-13.45275708422,-0.375362838397,
    6.847736766764));
#2970 = CARTESIAN_POINT('',(-13.58984227148,-0.751580097853,
    6.555560827167));
#2971 = CARTESIAN_POINT('',(-13.71099358629,-1.127960104082,
    6.256633906529));
#2972 = CARTESIAN_POINT('',(-13.83325306079,-1.565489825124,
    5.901446881049));
#2973 = CARTESIAN_POINT('',(-13.85005246359,-1.627149502621,
    5.851213288518));
#2974 = CARTESIAN_POINT('',(-13.86641683721,-1.688792027003,
    5.800815411292));
#2975 = CARTESIAN_POINT('',(-13.88234536685,-1.750414361612,
    5.750255728499));
#2976 = ORIENTED_EDGE('',*,*,#2863,.T.);
#2977 = ORIENTED_EDGE('',*,*,#2940,.F.);
#2978 = ORIENTED_EDGE('',*,*,#2979,.F.);
#2979 = EDGE_CURVE('',#2980,#2941,#2982,.T.);
#2980 = VERTEX_POINT('',#2981);
#2981 = CARTESIAN_POINT('',(-13.48503785531,1.500414361612,
    6.668077769078));
#2982 = B_SPLINE_CURVE_WITH_KNOTS('',4,(#2983,#2984,#2985,#2986,#2987),
  .UNSPECIFIED.,.F.,.F.,(5,5),(0.,1.),.PIECEWISE_BEZIER_KNOTS.);
#2983 = CARTESIAN_POINT('',(-13.48503785531,1.500414361612,
    6.668077769077));
#2984 = CARTESIAN_POINT('',(-13.34047358813,1.124426479542,7.01505125016
    ));
#2985 = CARTESIAN_POINT('',(-13.1768496707,0.7484591178,7.354107760704)
  );
#2986 = CARTESIAN_POINT('',(-12.99446575545,0.373362942798,
    7.684450920403));
#2987 = CARTESIAN_POINT('',(-12.79370036117,3.68397983832E-15,
    8.005304703268));
#2988 = ORIENTED_EDGE('',*,*,#2989,.F.);
#2989 = EDGE_CURVE('',#2990,#2980,#2992,.T.);
#2990 = VERTEX_POINT('',#2991);
#2991 = CARTESIAN_POINT('',(-13.89846204093,1.500414361612,
    5.756931473483));
#2992 = B_SPLINE_CURVE_WITH_KNOTS('',8,(#2993,#2994,#2995,#2996,#2997,
    #2998,#2999,#3000,#3001),.UNSPECIFIED.,.F.,.F.,(9,9),(0.,1.),
  .PIECEWISE_BEZIER_KNOTS.);
#2993 = CARTESIAN_POINT('',(-13.89846204093,1.500414361612,
    5.756931473483));
#2994 = CARTESIAN_POINT('',(-13.85059134104,1.500414361612,
    5.872501566405));
#2995 = CARTESIAN_POINT('',(-13.80162231076,1.500414361612,
    5.987616813514));
#2996 = CARTESIAN_POINT('',(-13.75156009846,1.500414361612,
    6.102264940786));
#2997 = CARTESIAN_POINT('',(-13.70040964218,1.500414361612,6.21643396443
    ));
#2998 = CARTESIAN_POINT('',(-13.64817685213,1.500414361612,
    6.330111543847));
#2999 = CARTESIAN_POINT('',(-13.59486657693,1.500414361612,
    6.443286058557));
#3000 = CARTESIAN_POINT('',(-13.54048507172,1.500414361612,
    6.555945362163));
#3001 = CARTESIAN_POINT('',(-13.48503785531,1.500414361612,
    6.668077769077));
#3002 = ORIENTED_EDGE('',*,*,#3003,.T.);
#3003 = EDGE_CURVE('',#2990,#2965,#3004,.T.);
#3004 = B_SPLINE_CURVE_WITH_KNOTS('',4,(#3005,#3006,#3007,#3008,#3009),
  .UNSPECIFIED.,.F.,.F.,(5,5),(0.,1.),.PIECEWISE_BEZIER_KNOTS.);
#3005 = CARTESIAN_POINT('',(-13.89846204093,1.500414361612,
    5.756931473483));
#3006 = CARTESIAN_POINT('',(-13.77731795696,1.125460957613,
    6.112486510313));
#3007 = CARTESIAN_POINT('',(-13.63699160548,0.749846014813,
    6.460811838472));
#3008 = CARTESIAN_POINT('',(-13.4777610102,0.374410412648,6.801112709171
    ));
#3009 = CARTESIAN_POINT('',(-13.29997786561,3.10862446895E-15,
    7.13261951164));
#3010 = SURFACE_OF_REVOLUTION('',#3011,#3016);
#3011 = CIRCLE('',#3012,23.350974086829);
#3012 = AXIS2_PLACEMENT_3D('',#3013,#3014,#3015);
#3013 = CARTESIAN_POINT('',(0.,-1.088741204263E-14,-8.259132836545));
#3014 = DIRECTION('',(1.,0.,0.));
#3015 = DIRECTION('',(0.,1.,0.));
#3016 = AXIS1_PLACEMENT('',#3017,#3018);
#3017 = CARTESIAN_POINT('',(0.,0.,0.));
#3018 = DIRECTION('',(-1.110223024625E-16,-1.,1.110223024625E-16));
#3019 = ADVANCED_FACE('',(#3020),#3031,.F.);
#3020 = FACE_BOUND('',#3021,.F.);
#3021 = EDGE_LOOP('',(#3022,#3023,#3029,#3030));
#3022 = ORIENTED_EDGE('',*,*,#2924,.F.);
#3023 = ORIENTED_EDGE('',*,*,#3024,.T.);
#3024 = EDGE_CURVE('',#2917,#2965,#3025,.T.);
#3025 = LINE('',#3026,#3027);
#3026 = CARTESIAN_POINT('',(-12.63745216636,3.585536817225E-15,
    6.858192381588));
#3027 = VECTOR('',#3028,1.);
#3028 = DIRECTION('',(-0.923879532511,2.560799311353E-16,0.382683432365)
  );
#3029 = ORIENTED_EDGE('',*,*,#2964,.T.);
#3030 = ORIENTED_EDGE('',*,*,#2855,.F.);
#3031 = PLANE('',#3032);
#3032 = AXIS2_PLACEMENT_3D('',#3033,#3034,#3035);
#3033 = CARTESIAN_POINT('',(-12.63745216636,3.585536817225E-15,
    6.858192381588));
#3034 = DIRECTION('',(0.290584054241,-0.650702550975,0.701531964757));
#3035 = DIRECTION('',(-0.249013085656,-0.759332726909,-0.601170768598));
#3036 = ADVANCED_FACE('',(#3037),#3048,.F.);
#3037 = FACE_BOUND('',#3038,.F.);
#3038 = EDGE_LOOP('',(#3039,#3040,#3041,#3042));
#3039 = ORIENTED_EDGE('',*,*,#2900,.F.);
#3040 = ORIENTED_EDGE('',*,*,#2950,.T.);
#3041 = ORIENTED_EDGE('',*,*,#2979,.F.);
#3042 = ORIENTED_EDGE('',*,*,#3043,.F.);
#3043 = EDGE_CURVE('',#2901,#2980,#3044,.T.);
#3044 = LINE('',#3045,#3046);
#3045 = CARTESIAN_POINT('',(-12.82879388254,1.500414361612,
    6.396252615332));
#3046 = VECTOR('',#3047,1.);
#3047 = DIRECTION('',(-0.923879532511,2.560799311353E-16,0.382683432365)
  );
#3048 = PLANE('',#3049);
#3049 = AXIS2_PLACEMENT_3D('',#3050,#3051,#3052);
#3050 = CARTESIAN_POINT('',(-12.25476873399,3.534599351884E-15,
    7.782071914099));
#3051 = DIRECTION('',(-0.270635417479,-0.707009121964,-0.653371695336));
#3052 = DIRECTION('',(-0.270560677507,0.707204426923,-0.653191257081));
#3053 = ADVANCED_FACE('',(#3054),#3065,.F.);
#3054 = FACE_BOUND('',#3055,.F.);
#3055 = EDGE_LOOP('',(#3056,#3057,#3058,#3059));
#3056 = ORIENTED_EDGE('',*,*,#2908,.F.);
#3057 = ORIENTED_EDGE('',*,*,#3043,.T.);
#3058 = ORIENTED_EDGE('',*,*,#2989,.F.);
#3059 = ORIENTED_EDGE('',*,*,#3060,.F.);
#3060 = EDGE_CURVE('',#2909,#2990,#3061,.T.);
#3061 = LINE('',#3062,#3063);
#3062 = CARTESIAN_POINT('',(-13.21147731491,1.500414361612,
    5.472373082821));
#3063 = VECTOR('',#3064,1.);
#3064 = DIRECTION('',(-0.923879532511,2.560799311353E-16,0.382683432365)
  );
#3065 = PLANE('',#3066);
#3066 = AXIS2_PLACEMENT_3D('',#3067,#3068,#3069);
#3067 = CARTESIAN_POINT('',(-12.82879388254,1.500414361612,
    6.396252615332));
#3068 = DIRECTION('',(-2.560799311353E-16,-1.,5.093746534055E-17));
#3069 = DIRECTION('',(-0.382683432365,5.093746534055E-17,-0.923879532511
    ));
#3070 = ADVANCED_FACE('',(#3071),#3077,.F.);
#3071 = FACE_BOUND('',#3072,.F.);
#3072 = EDGE_LOOP('',(#3073,#3074,#3075,#3076));
#3073 = ORIENTED_EDGE('',*,*,#2916,.F.);
#3074 = ORIENTED_EDGE('',*,*,#3060,.T.);
#3075 = ORIENTED_EDGE('',*,*,#3003,.T.);
#3076 = ORIENTED_EDGE('',*,*,#3024,.F.);
#3077 = PLANE('',#3078);
#3078 = AXIS2_PLACEMENT_3D('',#3079,#3080,#3081);
#3079 = CARTESIAN_POINT('',(-13.21147731491,1.500414361612,
    5.472373082821));
#3080 = DIRECTION('',(0.270635417479,0.707009121964,0.653371695336));
#3081 = DIRECTION('',(0.270560677507,-0.707204426923,0.653191257081));
#3082 = MANIFOLD_SOLID_BREP('',#3083);
#3083 = CLOSED_SHELL('',(#3084,#3130,#3177,#3203,#3262,#3279,#3296,#3313
    ));
#3084 = ADVANCED_FACE('',(#3085),#3125,.F.);
#3085 = FACE_BOUND('',#3086,.F.);
#3086 = EDGE_LOOP('',(#3087,#3097,#3105,#3119));
#3087 = ORIENTED_EDGE('',*,*,#3088,.F.);
#3088 = EDGE_CURVE('',#3089,#3091,#3093,.T.);
#3089 = VERTEX_POINT('',#3090);
#3090 = CARTESIAN_POINT('',(-11.89001545592,-1.750414361612,
    7.94465433218));
#3091 = VERTEX_POINT('',#3092);
#3092 = CARTESIAN_POINT('',(-11.3344452229,-1.750414361612,
    8.776123944483));
#3093 = LINE('',#3094,#3095);
#3094 = CARTESIAN_POINT('',(-11.89001545592,-1.750414361612,
    7.94465433218));
#3095 = VECTOR('',#3096,1.);
#3096 = DIRECTION('',(0.55557023302,-8.039131812654E-17,0.831469612303)
  );
#3097 = ORIENTED_EDGE('',*,*,#3098,.T.);
#3098 = EDGE_CURVE('',#3089,#3099,#3101,.T.);
#3099 = VERTEX_POINT('',#3100);
#3100 = CARTESIAN_POINT('',(-12.49378075153,-1.750414361612,
    8.348077405025));
#3101 = LINE('',#3102,#3103);
#3102 = CARTESIAN_POINT('',(-11.89001545592,-1.750414361612,
    7.94465433218));
#3103 = VECTOR('',#3104,1.);
#3104 = DIRECTION('',(-0.831469612303,2.650146596974E-16,0.55557023302)
  );
#3105 = ORIENTED_EDGE('',*,*,#3106,.T.);
#3106 = EDGE_CURVE('',#3099,#3107,#3109,.T.);
#3107 = VERTEX_POINT('',#3108);
#3108 = CARTESIAN_POINT('',(-11.91051238147,-1.750414361612,
    9.161039713843));
#3109 = B_SPLINE_CURVE_WITH_KNOTS('',8,(#3110,#3111,#3112,#3113,#3114,
    #3115,#3116,#3117,#3118),.UNSPECIFIED.,.F.,.F.,(9,9),(0.,1.),
  .PIECEWISE_BEZIER_KNOTS.);
#3110 = CARTESIAN_POINT('',(-12.49378075153,-1.750414361612,
    8.348077405025));
#3111 = CARTESIAN_POINT('',(-12.46145204873,-1.750414361612,
    8.396460728345));
#3112 = CARTESIAN_POINT('',(-12.39342405715,-1.750414361612,
    8.497812370287));
#3113 = CARTESIAN_POINT('',(-12.30678599955,-1.750414361612,
    8.624742575898));
#3114 = CARTESIAN_POINT('',(-12.21180431698,-1.750414361612,
    8.758943052701));
#3115 = CARTESIAN_POINT('',(-12.11681111905,-1.750414361612,
    8.889289144248));
#3116 = CARTESIAN_POINT('',(-12.02858091182,-1.750414361612,
    9.006844541408));
#3117 = CARTESIAN_POINT('',(-11.95581430182,-1.750414361612,
    9.102141514225));
#3118 = CARTESIAN_POINT('',(-11.91051238147,-1.750414361612,
    9.161039713843));
#3119 = ORIENTED_EDGE('',*,*,#3120,.F.);
#3120 = EDGE_CURVE('',#3091,#3107,#3121,.T.);
#3121 = LINE('',#3122,#3123);
#3122 = CARTESIAN_POINT('',(-11.3344452229,-1.750414361612,
    8.776123944483));
#3123 = VECTOR('',#3124,1.);
#3124 = DIRECTION('',(-0.831469612303,2.650146596974E-16,0.55557023302)
  );
#3125 = PLANE('',#3126);
#3126 = AXIS2_PLACEMENT_3D('',#3127,#3128,#3129);
#3127 = CARTESIAN_POINT('',(-11.89001545592,-1.750414361612,
    7.94465433218));
#3128 = DIRECTION('',(2.650146596974E-16,1.,-8.039131812654E-17));
#3129 = DIRECTION('',(0.55557023302,-8.039131812654E-17,0.831469612303)
  );
#3130 = ADVANCED_FACE('',(#3131),#3172,.T.);
#3131 = FACE_BOUND('',#3132,.F.);
#3132 = EDGE_LOOP('',(#3133,#3134,#3142,#3150,#3158,#3166));
#3133 = ORIENTED_EDGE('',*,*,#3088,.T.);
#3134 = ORIENTED_EDGE('',*,*,#3135,.T.);
#3135 = EDGE_CURVE('',#3091,#3136,#3138,.T.);
#3136 = VERTEX_POINT('',#3137);
#3137 = CARTESIAN_POINT('',(-10.50108987337,3.588731338357E-15,
    10.023328362937));
#3138 = LINE('',#3139,#3140);
#3139 = CARTESIAN_POINT('',(-11.3344452229,-1.750414361612,
    8.776123944483));
#3140 = VECTOR('',#3141,1.);
#3141 = DIRECTION('',(0.361510967871,0.759332726909,0.541039397783));
#3142 = ORIENTED_EDGE('',*,*,#3143,.T.);
#3143 = EDGE_CURVE('',#3136,#3144,#3146,.T.);
#3144 = VERTEX_POINT('',#3145);
#3145 = CARTESIAN_POINT('',(-11.3344452229,1.500414361612,8.776123944483
    ));
#3146 = LINE('',#3147,#3148);
#3147 = CARTESIAN_POINT('',(-10.50108987337,3.588731338357E-15,
    10.023328362937));
#3148 = VECTOR('',#3149,1.);
#3149 = DIRECTION('',(-0.392793222636,0.707204426923,-0.587856600534));
#3150 = ORIENTED_EDGE('',*,*,#3151,.T.);
#3151 = EDGE_CURVE('',#3144,#3152,#3154,.T.);
#3152 = VERTEX_POINT('',#3153);
#3153 = CARTESIAN_POINT('',(-11.89001545592,1.500414361612,7.94465433218
    ));
#3154 = LINE('',#3155,#3156);
#3155 = CARTESIAN_POINT('',(-11.3344452229,1.500414361612,8.776123944483
    ));
#3156 = VECTOR('',#3157,1.);
#3157 = DIRECTION('',(-0.55557023302,8.039131812654E-17,-0.831469612303)
  );
#3158 = ORIENTED_EDGE('',*,*,#3159,.T.);
#3159 = EDGE_CURVE('',#3152,#3160,#3162,.T.);
#3160 = VERTEX_POINT('',#3161);
#3161 = CARTESIAN_POINT('',(-11.05666010639,3.669122656483E-15,
    9.191858750634));
#3162 = LINE('',#3163,#3164);
#3163 = CARTESIAN_POINT('',(-11.89001545592,1.500414361612,7.94465433218
    ));
#3164 = VECTOR('',#3165,1.);
#3165 = DIRECTION('',(0.392793222636,-0.707204426923,0.587856600534));
#3166 = ORIENTED_EDGE('',*,*,#3167,.T.);
#3167 = EDGE_CURVE('',#3160,#3089,#3168,.T.);
#3168 = LINE('',#3169,#3170);
#3169 = CARTESIAN_POINT('',(-11.05666010639,3.669122656483E-15,
    9.191858750634));
#3170 = VECTOR('',#3171,1.);
#3171 = DIRECTION('',(-0.361510967871,-0.759332726909,-0.541039397783));
#3172 = PLANE('',#3173);
#3173 = AXIS2_PLACEMENT_3D('',#3174,#3175,#3176);
#3174 = CARTESIAN_POINT('',(-11.27233393395,-0.101510508611,
    8.869080057454));
#3175 = DIRECTION('',(0.831469612303,-2.650146596974E-16,-0.55557023302)
  );
#3176 = DIRECTION('',(-0.55557023302,8.039131812654E-17,-0.831469612303)
  );
#3177 = ADVANCED_FACE('',(#3178),#3198,.F.);
#3178 = FACE_BOUND('',#3179,.F.);
#3179 = EDGE_LOOP('',(#3180,#3181,#3182,#3192));
#3180 = ORIENTED_EDGE('',*,*,#3135,.F.);
#3181 = ORIENTED_EDGE('',*,*,#3120,.T.);
#3182 = ORIENTED_EDGE('',*,*,#3183,.F.);
#3183 = EDGE_CURVE('',#3184,#3107,#3186,.T.);
#3184 = VERTEX_POINT('',#3185);
#3185 = CARTESIAN_POINT('',(-10.98611552373,3.743323768161E-15,
    10.347412141348));
#3186 = B_SPLINE_CURVE_WITH_KNOTS('',4,(#3187,#3188,#3189,#3190,#3191),
  .UNSPECIFIED.,.F.,.F.,(5,5),(0.,1.),.PIECEWISE_BEZIER_KNOTS.);
#3187 = CARTESIAN_POINT('',(-10.98611552373,4.218847493576E-15,
    10.347412141348));
#3188 = CARTESIAN_POINT('',(-11.24573877794,-0.435774405179,
    10.071763407023));
#3189 = CARTESIAN_POINT('',(-11.48670571965,-0.873506546124,
    9.781631216294));
#3190 = CARTESIAN_POINT('',(-11.70845466897,-1.312084436222,
    9.477786316676));
#3191 = CARTESIAN_POINT('',(-11.91051238147,-1.750414361612,
    9.161039713843));
#3192 = ORIENTED_EDGE('',*,*,#3193,.F.);
#3193 = EDGE_CURVE('',#3136,#3184,#3194,.T.);
#3194 = LINE('',#3195,#3196);
#3195 = CARTESIAN_POINT('',(-10.50108987337,3.588731338357E-15,
    10.023328362937));
#3196 = VECTOR('',#3197,1.);
#3197 = DIRECTION('',(-0.831469612303,2.650146596974E-16,0.55557023302)
  );
#3198 = PLANE('',#3199);
#3199 = AXIS2_PLACEMENT_3D('',#3200,#3201,#3202);
#3200 = CARTESIAN_POINT('',(-11.3344452229,-1.750414361612,
    8.776123944483));
#3201 = DIRECTION('',(-0.421862660028,0.650702550975,-0.631362088052));
#3202 = DIRECTION('',(0.361510967871,0.759332726909,0.541039397783));
#3203 = ADVANCED_FACE('',(#3204),#3253,.T.);
#3204 = FACE_BOUND('',#3205,.T.);
#3205 = EDGE_LOOP('',(#3206,#3219,#3220,#3221,#3231,#3245));
#3206 = ORIENTED_EDGE('',*,*,#3207,.T.);
#3207 = EDGE_CURVE('',#3208,#3099,#3210,.T.);
#3208 = VERTEX_POINT('',#3209);
#3209 = CARTESIAN_POINT('',(-11.65291748294,3.85916802122E-15,
    9.590265192344));
#3210 = B_SPLINE_CURVE_WITH_KNOTS('',4,(#3211,#3212,#3213,#3214,#3215,
    #3216,#3217,#3218),.UNSPECIFIED.,.F.,.F.,(5,3,5),(0.,0.859040906687,
    1.),.UNSPECIFIED.);
#3211 = CARTESIAN_POINT('',(-11.65291748294,3.85916802122E-15,
    9.590265192344));
#3212 = CARTESIAN_POINT('',(-11.85833895814,-0.375362838397,
    9.340662136485));
#3213 = CARTESIAN_POINT('',(-12.0497907901,-0.751580097853,
    9.080844268966));
#3214 = CARTESIAN_POINT('',(-12.22693196558,-1.127960104082,
    8.811296594307));
#3215 = CARTESIAN_POINT('',(-12.41613580973,-1.565489825124,
    8.486786028174));
#3216 = CARTESIAN_POINT('',(-12.44241250446,-1.627149502621,
    8.44079506094));
#3217 = CARTESIAN_POINT('',(-12.46829457933,-1.688792027003,
    8.394558095714));
#3218 = CARTESIAN_POINT('',(-12.49378075153,-1.750414361612,
    8.348077405025));
#3219 = ORIENTED_EDGE('',*,*,#3106,.T.);
#3220 = ORIENTED_EDGE('',*,*,#3183,.F.);
#3221 = ORIENTED_EDGE('',*,*,#3222,.F.);
#3222 = EDGE_CURVE('',#3223,#3184,#3225,.T.);
#3223 = VERTEX_POINT('',#3224);
#3224 = CARTESIAN_POINT('',(-11.92504919497,1.500414361612,
    9.170752902088));
#3225 = B_SPLINE_CURVE_WITH_KNOTS('',4,(#3226,#3227,#3228,#3229,#3230),
  .UNSPECIFIED.,.F.,.F.,(5,5),(0.,1.),.PIECEWISE_BEZIER_KNOTS.);
#3226 = CARTESIAN_POINT('',(-11.92504919497,1.500414361612,
    9.170752902088));
#3227 = CARTESIAN_POINT('',(-11.71557152149,1.124426479542,
    9.482856295588));
#3228 = CARTESIAN_POINT('',(-11.48894494793,0.7484591178,9.783476487614)
  );
#3229 = CARTESIAN_POINT('',(-11.24561873507,0.373362942798,
    10.071890859372));
#3230 = CARTESIAN_POINT('',(-10.98611552373,3.743323768161E-15,
    10.347412141348));
#3231 = ORIENTED_EDGE('',*,*,#3232,.F.);
#3232 = EDGE_CURVE('',#3233,#3223,#3235,.T.);
#3233 = VERTEX_POINT('',#3234);
#3234 = CARTESIAN_POINT('',(-12.508285375,1.500414361612,8.357769084577)
  );
#3235 = B_SPLINE_CURVE_WITH_KNOTS('',8,(#3236,#3237,#3238,#3239,#3240,
    #3241,#3242,#3243,#3244),.UNSPECIFIED.,.F.,.F.,(9,9),(0.,1.),
  .PIECEWISE_BEZIER_KNOTS.);
#3236 = CARTESIAN_POINT('',(-12.508285375,1.500414361612,8.357769084577)
  );
#3237 = CARTESIAN_POINT('',(-12.47577022744,1.500414361612,
    8.406431442194));
#3238 = CARTESIAN_POINT('',(-12.40779192532,1.500414361612,
    8.507703613602));
#3239 = CARTESIAN_POINT('',(-12.32122363476,1.500414361612,
    8.634525136164));
#3240 = CARTESIAN_POINT('',(-12.22617160076,1.500414361612,
    8.768852565373));
#3241 = CARTESIAN_POINT('',(-12.13088352821,1.500414361612,
    8.899630351461));
#3242 = CARTESIAN_POINT('',(-12.0422301237,1.500414361612,9.017718075445
    ));
#3243 = CARTESIAN_POINT('',(-11.96935809288,1.500414361612,
    9.113136535329));
#3244 = CARTESIAN_POINT('',(-11.92504919497,1.500414361612,
    9.170752902088));
#3245 = ORIENTED_EDGE('',*,*,#3246,.T.);
#3246 = EDGE_CURVE('',#3233,#3208,#3247,.T.);
#3247 = B_SPLINE_CURVE_WITH_KNOTS('',4,(#3248,#3249,#3250,#3251,#3252),
  .UNSPECIFIED.,.F.,.F.,(5,5),(0.,1.),.PIECEWISE_BEZIER_KNOTS.);
#3248 = CARTESIAN_POINT('',(-12.508285375,1.500414361612,8.357769084577)
  );
#3249 = CARTESIAN_POINT('',(-12.32010369401,1.125460957613,
    8.682858192721));
#3250 = CARTESIAN_POINT('',(-12.11451877358,0.749846014813,
    8.997114234273));
#3251 = CARTESIAN_POINT('',(-11.8919583431,0.374410412648,9.299811971056
    ));
#3252 = CARTESIAN_POINT('',(-11.65291748294,3.10862446895E-15,
    9.590265192344));
#3253 = SURFACE_OF_REVOLUTION('',#3254,#3259);
#3254 = CIRCLE('',#3255,23.350974086829);
#3255 = AXIS2_PLACEMENT_3D('',#3256,#3257,#3258);
#3256 = CARTESIAN_POINT('',(0.,-1.088741204263E-14,-8.259132836545));
#3257 = DIRECTION('',(1.,0.,0.));
#3258 = DIRECTION('',(0.,1.,0.));
#3259 = AXIS1_PLACEMENT('',#3260,#3261);
#3260 = CARTESIAN_POINT('',(0.,0.,0.));
#3261 = DIRECTION('',(-1.110223024625E-16,-1.,1.110223024625E-16));
#3262 = ADVANCED_FACE('',(#3263),#3274,.F.);
#3263 = FACE_BOUND('',#3264,.F.);
#3264 = EDGE_LOOP('',(#3265,#3266,#3272,#3273));
#3265 = ORIENTED_EDGE('',*,*,#3167,.F.);
#3266 = ORIENTED_EDGE('',*,*,#3267,.T.);
#3267 = EDGE_CURVE('',#3160,#3208,#3268,.T.);
#3268 = LINE('',#3269,#3270);
#3269 = CARTESIAN_POINT('',(-11.05666010639,3.669122656483E-15,
    9.191858750634));
#3270 = VECTOR('',#3271,1.);
#3271 = DIRECTION('',(-0.831469612303,2.650146596974E-16,0.55557023302)
  );
#3272 = ORIENTED_EDGE('',*,*,#3207,.T.);
#3273 = ORIENTED_EDGE('',*,*,#3098,.F.);
#3274 = PLANE('',#3275);
#3275 = AXIS2_PLACEMENT_3D('',#3276,#3277,#3278);
#3276 = CARTESIAN_POINT('',(-11.05666010639,3.669122656483E-15,
    9.191858750634));
#3277 = DIRECTION('',(0.421862660028,-0.650702550975,0.631362088052));
#3278 = DIRECTION('',(-0.361510967871,-0.759332726909,-0.541039397783));
#3279 = ADVANCED_FACE('',(#3280),#3291,.F.);
#3280 = FACE_BOUND('',#3281,.F.);
#3281 = EDGE_LOOP('',(#3282,#3283,#3284,#3285));
#3282 = ORIENTED_EDGE('',*,*,#3143,.F.);
#3283 = ORIENTED_EDGE('',*,*,#3193,.T.);
#3284 = ORIENTED_EDGE('',*,*,#3222,.F.);
#3285 = ORIENTED_EDGE('',*,*,#3286,.F.);
#3286 = EDGE_CURVE('',#3144,#3223,#3287,.T.);
#3287 = LINE('',#3288,#3289);
#3288 = CARTESIAN_POINT('',(-11.3344452229,1.500414361612,8.776123944483
    ));
#3289 = VECTOR('',#3290,1.);
#3290 = DIRECTION('',(-0.831469612303,2.650146596974E-16,0.55557023302)
  );
#3291 = PLANE('',#3292);
#3292 = AXIS2_PLACEMENT_3D('',#3293,#3294,#3295);
#3293 = CARTESIAN_POINT('',(-10.50108987337,3.588731338357E-15,
    10.023328362937));
#3294 = DIRECTION('',(-0.392901728258,-0.707009121964,-0.588018990673));
#3295 = DIRECTION('',(-0.392793222636,0.707204426923,-0.587856600534));
#3296 = ADVANCED_FACE('',(#3297),#3308,.F.);
#3297 = FACE_BOUND('',#3298,.F.);
#3298 = EDGE_LOOP('',(#3299,#3300,#3301,#3302));
#3299 = ORIENTED_EDGE('',*,*,#3151,.F.);
#3300 = ORIENTED_EDGE('',*,*,#3286,.T.);
#3301 = ORIENTED_EDGE('',*,*,#3232,.F.);
#3302 = ORIENTED_EDGE('',*,*,#3303,.F.);
#3303 = EDGE_CURVE('',#3152,#3233,#3304,.T.);
#3304 = LINE('',#3305,#3306);
#3305 = CARTESIAN_POINT('',(-11.89001545592,1.500414361612,7.94465433218
    ));
#3306 = VECTOR('',#3307,1.);
#3307 = DIRECTION('',(-0.831469612303,2.650146596974E-16,0.55557023302)
  );
#3308 = PLANE('',#3309);
#3309 = AXIS2_PLACEMENT_3D('',#3310,#3311,#3312);
#3310 = CARTESIAN_POINT('',(-11.3344452229,1.500414361612,8.776123944483
    ));
#3311 = DIRECTION('',(-2.650146596974E-16,-1.,8.039131812654E-17));
#3312 = DIRECTION('',(-0.55557023302,8.039131812654E-17,-0.831469612303)
  );
#3313 = ADVANCED_FACE('',(#3314),#3320,.F.);
#3314 = FACE_BOUND('',#3315,.F.);
#3315 = EDGE_LOOP('',(#3316,#3317,#3318,#3319));
#3316 = ORIENTED_EDGE('',*,*,#3159,.F.);
#3317 = ORIENTED_EDGE('',*,*,#3303,.T.);
#3318 = ORIENTED_EDGE('',*,*,#3246,.T.);
#3319 = ORIENTED_EDGE('',*,*,#3267,.F.);
#3320 = PLANE('',#3321);
#3321 = AXIS2_PLACEMENT_3D('',#3322,#3323,#3324);
#3322 = CARTESIAN_POINT('',(-11.89001545592,1.500414361612,7.94465433218
    ));
#3323 = DIRECTION('',(0.392901728258,0.707009121964,0.588018990673));
#3324 = DIRECTION('',(0.392793222636,-0.707204426923,0.587856600534));
#3325 = MANIFOLD_SOLID_BREP('',#3326);
#3326 = CLOSED_SHELL('',(#3327,#3372,#3419,#3445,#3503,#3520,#3537,#3554
    ));
#3327 = ADVANCED_FACE('',(#3328),#3367,.F.);
#3328 = FACE_BOUND('',#3329,.F.);
#3329 = EDGE_LOOP('',(#3330,#3340,#3348,#3361));
#3330 = ORIENTED_EDGE('',*,*,#3331,.F.);
#3331 = EDGE_CURVE('',#3332,#3334,#3336,.T.);
#3332 = VERTEX_POINT('',#3333);
#3333 = CARTESIAN_POINT('',(-10.11162697096,-1.750414361612,
    10.111626970968));
#3334 = VERTEX_POINT('',#3335);
#3335 = CARTESIAN_POINT('',(-9.404520189781,-1.750414361612,
    10.818733752154));
#3336 = LINE('',#3337,#3338);
#3337 = CARTESIAN_POINT('',(-10.11162697096,-1.750414361612,
    10.111626970968));
#3338 = VECTOR('',#3339,1.);
#3339 = DIRECTION('',(0.707106781187,-1.110223024625E-16,0.707106781187)
  );
#3340 = ORIENTED_EDGE('',*,*,#3341,.T.);
#3341 = EDGE_CURVE('',#3332,#3342,#3344,.T.);
#3342 = VERTEX_POINT('',#3343);
#3343 = CARTESIAN_POINT('',(-10.62508714853,-1.750414361612,
    10.625087148532));
#3344 = LINE('',#3345,#3346);
#3345 = CARTESIAN_POINT('',(-10.11162697096,-1.750414361612,
    10.111626970968));
#3346 = VECTOR('',#3347,1.);
#3347 = DIRECTION('',(-0.707106781187,2.680315483309E-16,0.707106781187)
  );
#3348 = ORIENTED_EDGE('',*,*,#3349,.T.);
#3349 = EDGE_CURVE('',#3342,#3350,#3352,.T.);
#3350 = VERTEX_POINT('',#3351);
#3351 = CARTESIAN_POINT('',(-9.894425038032,-1.750414361612,
    11.308638600405));
#3352 = B_SPLINE_CURVE_WITH_KNOTS('',7,(#3353,#3354,#3355,#3356,#3357,
    #3358,#3359,#3360),.UNSPECIFIED.,.F.,.F.,(8,8),(0.,1.),
  .PIECEWISE_BEZIER_KNOTS.);
#3353 = CARTESIAN_POINT('',(-10.62508714853,-1.750414361612,
    10.625087148532));
#3354 = CARTESIAN_POINT('',(-10.52399715627,-1.750414361612,
    10.72617714079));
#3355 = CARTESIAN_POINT('',(-10.42178514692,-1.750414361612,
    10.826145001181));
#3356 = CARTESIAN_POINT('',(-10.31846572959,-1.750414361612,
    10.924975830223));
#3357 = CARTESIAN_POINT('',(-10.21405492981,-1.750414361612,
    11.022654930087));
#3358 = CARTESIAN_POINT('',(-10.10856680703,-1.750414361612,
    11.119167853461));
#3359 = CARTESIAN_POINT('',(-10.00201846107,-1.750414361612,
    11.21450044445));
#3360 = CARTESIAN_POINT('',(-9.894425038032,-1.750414361612,
    11.308638600405));
#3361 = ORIENTED_EDGE('',*,*,#3362,.F.);
#3362 = EDGE_CURVE('',#3334,#3350,#3363,.T.);
#3363 = LINE('',#3364,#3365);
#3364 = CARTESIAN_POINT('',(-9.404520189781,-1.750414361612,
    10.818733752154));
#3365 = VECTOR('',#3366,1.);
#3366 = DIRECTION('',(-0.707106781187,2.680315483309E-16,0.707106781187)
  );
#3367 = PLANE('',#3368);
#3368 = AXIS2_PLACEMENT_3D('',#3369,#3370,#3371);
#3369 = CARTESIAN_POINT('',(-10.11162697096,-1.750414361612,
    10.111626970968));
#3370 = DIRECTION('',(2.680315483309E-16,1.,-1.110223024625E-16));
#3371 = DIRECTION('',(0.707106781187,-1.110223024625E-16,0.707106781187)
  );
#3372 = ADVANCED_FACE('',(#3373),#3414,.T.);
#3373 = FACE_BOUND('',#3374,.F.);
#3374 = EDGE_LOOP('',(#3375,#3376,#3384,#3392,#3400,#3408));
#3375 = ORIENTED_EDGE('',*,*,#3331,.T.);
#3376 = ORIENTED_EDGE('',*,*,#3377,.T.);
#3377 = EDGE_CURVE('',#3334,#3378,#3380,.T.);
#3378 = VERTEX_POINT('',#3379);
#3379 = CARTESIAN_POINT('',(-8.343860018001,3.555295384975E-15,
    11.879393923934));
#3380 = LINE('',#3381,#3382);
#3381 = CARTESIAN_POINT('',(-9.404520189781,-1.750414361612,
    10.818733752154));
#3382 = VECTOR('',#3383,1.);
#3383 = DIRECTION('',(0.46011618633,0.759332726909,0.46011618633));
#3384 = ORIENTED_EDGE('',*,*,#3385,.T.);
#3385 = EDGE_CURVE('',#3378,#3386,#3388,.T.);
#3386 = VERTEX_POINT('',#3387);
#3387 = CARTESIAN_POINT('',(-9.404520189781,1.500414361612,
    10.818733752154));
#3388 = LINE('',#3389,#3390);
#3389 = CARTESIAN_POINT('',(-8.343860018001,3.555295384975E-15,
    11.879393923934));
#3390 = VECTOR('',#3391,1.);
#3391 = DIRECTION('',(-0.499930944501,0.707204426923,-0.499930944501));
#3392 = ORIENTED_EDGE('',*,*,#3393,.T.);
#3393 = EDGE_CURVE('',#3386,#3394,#3396,.T.);
#3394 = VERTEX_POINT('',#3395);
#3395 = CARTESIAN_POINT('',(-10.11162697096,1.500414361612,
    10.111626970968));
#3396 = LINE('',#3397,#3398);
#3397 = CARTESIAN_POINT('',(-9.404520189781,1.500414361612,
    10.818733752154));
#3398 = VECTOR('',#3399,1.);
#3399 = DIRECTION('',(-0.707106781187,1.110223024625E-16,-0.707106781187
    ));
#3400 = ORIENTED_EDGE('',*,*,#3401,.T.);
#3401 = EDGE_CURVE('',#3394,#3402,#3404,.T.);
#3402 = VERTEX_POINT('',#3403);
#3403 = CARTESIAN_POINT('',(-9.050966799188,3.666317687438E-15,
    11.172287142747));
#3404 = LINE('',#3405,#3406);
#3405 = CARTESIAN_POINT('',(-10.11162697096,1.500414361612,
    10.111626970968));
#3406 = VECTOR('',#3407,1.);
#3407 = DIRECTION('',(0.499930944501,-0.707204426923,0.499930944501));
#3408 = ORIENTED_EDGE('',*,*,#3409,.T.);
#3409 = EDGE_CURVE('',#3402,#3332,#3410,.T.);
#3410 = LINE('',#3411,#3412);
#3411 = CARTESIAN_POINT('',(-9.050966799188,3.666317687438E-15,
    11.172287142747));
#3412 = VECTOR('',#3413,1.);
#3413 = DIRECTION('',(-0.46011618633,-0.759332726909,-0.46011618633));
#3414 = PLANE('',#3415);
#3415 = AXIS2_PLACEMENT_3D('',#3416,#3417,#3418);
#3416 = CARTESIAN_POINT('',(-9.325467513818,-0.101510508611,
    10.897786428117));
#3417 = DIRECTION('',(0.707106781187,-2.680315483309E-16,-0.707106781187
    ));
#3418 = DIRECTION('',(-0.707106781187,1.110223024625E-16,-0.707106781187
    ));
#3419 = ADVANCED_FACE('',(#3420),#3440,.F.);
#3420 = FACE_BOUND('',#3421,.F.);
#3421 = EDGE_LOOP('',(#3422,#3423,#3424,#3434));
#3422 = ORIENTED_EDGE('',*,*,#3377,.F.);
#3423 = ORIENTED_EDGE('',*,*,#3362,.T.);
#3424 = ORIENTED_EDGE('',*,*,#3425,.F.);
#3425 = EDGE_CURVE('',#3426,#3350,#3428,.T.);
#3426 = VERTEX_POINT('',#3427);
#3427 = CARTESIAN_POINT('',(-8.756340427799,3.711647672686E-15,
    12.291874333732));
#3428 = B_SPLINE_CURVE_WITH_KNOTS('',4,(#3429,#3430,#3431,#3432,#3433),
  .UNSPECIFIED.,.F.,.F.,(5,5),(0.,1.),.PIECEWISE_BEZIER_KNOTS.);
#3429 = CARTESIAN_POINT('',(-8.756340427799,3.996802888651E-15,
    12.291874333732));
#3430 = CARTESIAN_POINT('',(-9.064751494324,-0.435774405179,
    12.072172096811));
#3431 = CARTESIAN_POINT('',(-9.357690306329,-0.873506546124,
    11.834625033025));
#3432 = CARTESIAN_POINT('',(-9.634455611083,-1.312084436222,
    11.579879501885));
#3433 = CARTESIAN_POINT('',(-9.894425038032,-1.750414361612,
    11.308638600405));
#3434 = ORIENTED_EDGE('',*,*,#3435,.F.);
#3435 = EDGE_CURVE('',#3378,#3426,#3436,.T.);
#3436 = LINE('',#3437,#3438);
#3437 = CARTESIAN_POINT('',(-8.343860018001,3.555295384975E-15,
    11.879393923934));
#3438 = VECTOR('',#3439,1.);
#3439 = DIRECTION('',(-0.707106781187,2.680315483309E-16,0.707106781187)
  );
#3440 = PLANE('',#3441);
#3441 = AXIS2_PLACEMENT_3D('',#3442,#3443,#3444);
#3442 = CARTESIAN_POINT('',(-9.404520189781,-1.750414361612,
    10.818733752154));
#3443 = DIRECTION('',(-0.536929320374,0.650702550975,-0.536929320374));
#3444 = DIRECTION('',(0.46011618633,0.759332726909,0.46011618633));
#3445 = ADVANCED_FACE('',(#3446),#3494,.T.);
#3446 = FACE_BOUND('',#3447,.T.);
#3447 = EDGE_LOOP('',(#3448,#3461,#3462,#3463,#3473,#3486));
#3448 = ORIENTED_EDGE('',*,*,#3449,.T.);
#3449 = EDGE_CURVE('',#3450,#3342,#3452,.T.);
#3450 = VERTEX_POINT('',#3451);
#3451 = CARTESIAN_POINT('',(-9.55804201643,3.858526501175E-15,
    11.679362359989));
#3452 = B_SPLINE_CURVE_WITH_KNOTS('',4,(#3453,#3454,#3455,#3456,#3457,
    #3458,#3459,#3460),.UNSPECIFIED.,.F.,.F.,(5,3,5),(0.,0.859040906687,
    1.),.UNSPECIFIED.);
#3453 = CARTESIAN_POINT('',(-9.55804201643,3.858526501175E-15,
    11.679362359989));
#3454 = CARTESIAN_POINT('',(-9.808211516127,-0.375362838397,
    11.474631098604));
#3455 = CARTESIAN_POINT('',(-10.04667260626,-0.751580097853,
    11.257155958104));
#3456 = CARTESIAN_POINT('',(-10.27299620637,-1.127960104082,
    11.027346095398));
#3457 = CARTESIAN_POINT('',(-10.52187342255,-1.565489825124,
    10.745982747682));
#3458 = CARTESIAN_POINT('',(-10.55661761056,-1.627149502621,
    10.706001812823));
#3459 = CARTESIAN_POINT('',(-10.59102275306,-1.688792027003,
    10.66570262024));
#3460 = CARTESIAN_POINT('',(-10.62508714853,-1.750414361612,
    10.625087148532));
#3461 = ORIENTED_EDGE('',*,*,#3349,.T.);
#3462 = ORIENTED_EDGE('',*,*,#3425,.F.);
#3463 = ORIENTED_EDGE('',*,*,#3464,.F.);
#3464 = EDGE_CURVE('',#3465,#3426,#3467,.T.);
#3465 = VERTEX_POINT('',#3466);
#3466 = CARTESIAN_POINT('',(-9.906787581715,1.500414361612,
    11.321001144088));
#3467 = B_SPLINE_CURVE_WITH_KNOTS('',4,(#3468,#3469,#3470,#3471,#3472),
  .UNSPECIFIED.,.F.,.F.,(5,5),(0.,1.),.PIECEWISE_BEZIER_KNOTS.);
#3468 = CARTESIAN_POINT('',(-9.906787581715,1.500414361612,
    11.321001144088));
#3469 = CARTESIAN_POINT('',(-9.640446611459,1.124426479542,
    11.586240491625));
#3470 = CARTESIAN_POINT('',(-9.359526513895,0.7484591178,11.836871699742
    ));
#3471 = CARTESIAN_POINT('',(-9.064608893323,0.373362942798,
    12.072273680996));
#3472 = CARTESIAN_POINT('',(-8.756340427799,3.711647672686E-15,
    12.291874333732));
#3473 = ORIENTED_EDGE('',*,*,#3474,.F.);
#3474 = EDGE_CURVE('',#3475,#3465,#3477,.T.);
#3475 = VERTEX_POINT('',#3476);
#3476 = CARTESIAN_POINT('',(-10.63742231684,1.500414361612,
    10.637422316842));
#3477 = B_SPLINE_CURVE_WITH_KNOTS('',7,(#3478,#3479,#3480,#3481,#3482,
    #3483,#3484,#3485),.UNSPECIFIED.,.F.,.F.,(8,8),(0.,1.),
  .PIECEWISE_BEZIER_KNOTS.);
#3478 = CARTESIAN_POINT('',(-10.63742231684,1.500414361612,
    10.637422316842));
#3479 = CARTESIAN_POINT('',(-10.53633249793,1.500414361612,
    10.73851213575));
#3480 = CARTESIAN_POINT('',(-10.4341219676,1.500414361612,
    10.838481127493));
#3481 = CARTESIAN_POINT('',(-10.33080529775,1.500414361612,
    10.93731442778));
#3482 = CARTESIAN_POINT('',(-10.22639848432,1.500414361612,
    11.034997372588));
#3483 = CARTESIAN_POINT('',(-10.1209155402,1.500414361612,
    11.131515547431));
#3484 = CARTESIAN_POINT('',(-10.01437353872,1.500414361612,
    11.22685482897));
#3485 = CARTESIAN_POINT('',(-9.906787581715,1.500414361612,
    11.321001144088));
#3486 = ORIENTED_EDGE('',*,*,#3487,.T.);
#3487 = EDGE_CURVE('',#3475,#3450,#3488,.T.);
#3488 = B_SPLINE_CURVE_WITH_KNOTS('',4,(#3489,#3490,#3491,#3492,#3493),
  .UNSPECIFIED.,.F.,.F.,(5,5),(0.,1.),.PIECEWISE_BEZIER_KNOTS.);
#3489 = CARTESIAN_POINT('',(-10.63742231684,1.500414361612,
    10.637422316842));
#3490 = CARTESIAN_POINT('',(-10.38943475528,1.125460957613,
    10.919552504186));
#3491 = CARTESIAN_POINT('',(-10.12649177912,0.749846014813,
    11.187662575691));
#3492 = CARTESIAN_POINT('',(-9.849154385962,0.374410412648,
    11.441124674288));
#3493 = CARTESIAN_POINT('',(-9.55804201643,3.774758283726E-15,
    11.679362359989));
#3494 = SURFACE_OF_REVOLUTION('',#3495,#3500);
#3495 = CIRCLE('',#3496,23.350974086829);
#3496 = AXIS2_PLACEMENT_3D('',#3497,#3498,#3499);
#3497 = CARTESIAN_POINT('',(0.,-1.088741204263E-14,-8.259132836545));
#3498 = DIRECTION('',(1.,0.,0.));
#3499 = DIRECTION('',(0.,1.,0.));
#3500 = AXIS1_PLACEMENT('',#3501,#3502);
#3501 = CARTESIAN_POINT('',(0.,0.,0.));
#3502 = DIRECTION('',(-1.110223024625E-16,-1.,1.110223024625E-16));
#3503 = ADVANCED_FACE('',(#3504),#3515,.F.);
#3504 = FACE_BOUND('',#3505,.F.);
#3505 = EDGE_LOOP('',(#3506,#3507,#3513,#3514));
#3506 = ORIENTED_EDGE('',*,*,#3409,.F.);
#3507 = ORIENTED_EDGE('',*,*,#3508,.T.);
#3508 = EDGE_CURVE('',#3402,#3450,#3509,.T.);
#3509 = LINE('',#3510,#3511);
#3510 = CARTESIAN_POINT('',(-9.050966799188,3.666317687438E-15,
    11.172287142747));
#3511 = VECTOR('',#3512,1.);
#3512 = DIRECTION('',(-0.707106781187,2.680315483309E-16,0.707106781187)
  );
#3513 = ORIENTED_EDGE('',*,*,#3449,.T.);
#3514 = ORIENTED_EDGE('',*,*,#3341,.F.);
#3515 = PLANE('',#3516);
#3516 = AXIS2_PLACEMENT_3D('',#3517,#3518,#3519);
#3517 = CARTESIAN_POINT('',(-9.050966799188,3.666317687438E-15,
    11.172287142747));
#3518 = DIRECTION('',(0.536929320374,-0.650702550975,0.536929320374));
#3519 = DIRECTION('',(-0.46011618633,-0.759332726909,-0.46011618633));
#3520 = ADVANCED_FACE('',(#3521),#3532,.F.);
#3521 = FACE_BOUND('',#3522,.F.);
#3522 = EDGE_LOOP('',(#3523,#3524,#3525,#3526));
#3523 = ORIENTED_EDGE('',*,*,#3385,.F.);
#3524 = ORIENTED_EDGE('',*,*,#3435,.T.);
#3525 = ORIENTED_EDGE('',*,*,#3464,.F.);
#3526 = ORIENTED_EDGE('',*,*,#3527,.F.);
#3527 = EDGE_CURVE('',#3386,#3465,#3528,.T.);
#3528 = LINE('',#3529,#3530);
#3529 = CARTESIAN_POINT('',(-9.404520189781,1.500414361612,
    10.818733752154));
#3530 = VECTOR('',#3531,1.);
#3531 = DIRECTION('',(-0.707106781187,2.680315483309E-16,0.707106781187)
  );
#3532 = PLANE('',#3533);
#3533 = AXIS2_PLACEMENT_3D('',#3534,#3535,#3536);
#3534 = CARTESIAN_POINT('',(-8.343860018001,3.555295384975E-15,
    11.879393923934));
#3535 = DIRECTION('',(-0.500069045963,-0.707009121964,-0.500069045963));
#3536 = DIRECTION('',(-0.499930944501,0.707204426923,-0.499930944501));
#3537 = ADVANCED_FACE('',(#3538),#3549,.F.);
#3538 = FACE_BOUND('',#3539,.F.);
#3539 = EDGE_LOOP('',(#3540,#3541,#3542,#3543));
#3540 = ORIENTED_EDGE('',*,*,#3393,.F.);
#3541 = ORIENTED_EDGE('',*,*,#3527,.T.);
#3542 = ORIENTED_EDGE('',*,*,#3474,.F.);
#3543 = ORIENTED_EDGE('',*,*,#3544,.F.);
#3544 = EDGE_CURVE('',#3394,#3475,#3545,.T.);
#3545 = LINE('',#3546,#3547);
#3546 = CARTESIAN_POINT('',(-10.11162697096,1.500414361612,
    10.111626970968));
#3547 = VECTOR('',#3548,1.);
#3548 = DIRECTION('',(-0.707106781187,2.680315483309E-16,0.707106781187)
  );
#3549 = PLANE('',#3550);
#3550 = AXIS2_PLACEMENT_3D('',#3551,#3552,#3553);
#3551 = CARTESIAN_POINT('',(-9.404520189781,1.500414361612,
    10.818733752154));
#3552 = DIRECTION('',(-2.680315483309E-16,-1.,1.110223024625E-16));
#3553 = DIRECTION('',(-0.707106781187,1.110223024625E-16,-0.707106781187
    ));
#3554 = ADVANCED_FACE('',(#3555),#3561,.F.);
#3555 = FACE_BOUND('',#3556,.F.);
#3556 = EDGE_LOOP('',(#3557,#3558,#3559,#3560));
#3557 = ORIENTED_EDGE('',*,*,#3401,.F.);
#3558 = ORIENTED_EDGE('',*,*,#3544,.T.);
#3559 = ORIENTED_EDGE('',*,*,#3487,.T.);
#3560 = ORIENTED_EDGE('',*,*,#3508,.F.);
#3561 = PLANE('',#3562);
#3562 = AXIS2_PLACEMENT_3D('',#3563,#3564,#3565);
#3563 = CARTESIAN_POINT('',(-10.11162697096,1.500414361612,
    10.111626970968));
#3564 = DIRECTION('',(0.500069045963,0.707009121964,0.500069045963));
#3565 = DIRECTION('',(0.499930944501,-0.707204426923,0.499930944501));
#3566 = MANIFOLD_SOLID_BREP('',#3567);
#3567 = CLOSED_SHELL('',(#3568,#3613,#3660,#3686,#3744,#3761,#3778,#3795
    ));
#3568 = ADVANCED_FACE('',(#3569),#3608,.F.);
#3569 = FACE_BOUND('',#3570,.F.);
#3570 = EDGE_LOOP('',(#3571,#3581,#3589,#3602));
#3571 = ORIENTED_EDGE('',*,*,#3572,.F.);
#3572 = EDGE_CURVE('',#3573,#3575,#3577,.T.);
#3573 = VERTEX_POINT('',#3574);
#3574 = CARTESIAN_POINT('',(-7.94465433218,-1.750414361612,
    11.890015455926));
#3575 = VERTEX_POINT('',#3576);
#3576 = CARTESIAN_POINT('',(-7.113184719878,-1.750414361612,
    12.445585688946));
#3577 = LINE('',#3578,#3579);
#3578 = CARTESIAN_POINT('',(-7.94465433218,-1.750414361612,
    11.890015455926));
#3579 = VECTOR('',#3580,1.);
#3580 = DIRECTION('',(0.831469612303,-1.416532867985E-16,0.55557023302)
  );
#3581 = ORIENTED_EDGE('',*,*,#3582,.T.);
#3582 = EDGE_CURVE('',#3573,#3583,#3585,.T.);
#3583 = VERTEX_POINT('',#3584);
#3584 = CARTESIAN_POINT('',(-8.348077405025,-1.750414361612,
    12.493780751538));
#3585 = LINE('',#3586,#3587);
#3586 = CARTESIAN_POINT('',(-7.94465433218,-1.750414361612,
    11.890015455926));
#3587 = VECTOR('',#3588,1.);
#3588 = DIRECTION('',(-0.55557023302,2.650146596974E-16,0.831469612303)
  );
#3589 = ORIENTED_EDGE('',*,*,#3590,.T.);
#3590 = EDGE_CURVE('',#3583,#3591,#3593,.T.);
#3591 = VERTEX_POINT('',#3592);
#3592 = CARTESIAN_POINT('',(-7.498100489238,-1.750414361612,
    13.021652847511));
#3593 = B_SPLINE_CURVE_WITH_KNOTS('',7,(#3594,#3595,#3596,#3597,#3598,
    #3599,#3600,#3601),.UNSPECIFIED.,.F.,.F.,(8,8),(0.,1.),
  .PIECEWISE_BEZIER_KNOTS.);
#3594 = CARTESIAN_POINT('',(-8.348077405025,-1.750414361612,
    12.493780751538));
#3595 = CARTESIAN_POINT('',(-8.229208224244,-1.750414361612,
    12.573206598177));
#3596 = CARTESIAN_POINT('',(-8.109457386138,-1.750414361612,
    12.651313044876));
#3597 = CARTESIAN_POINT('',(-7.988842346286,-1.750414361612,
    12.728088282253));
#3598 = CARTESIAN_POINT('',(-7.867381331254,-1.750414361612,
    12.803520946553));
#3599 = CARTESIAN_POINT('',(-7.745091605891,-1.750414361612,
    12.877599712561));
#3600 = CARTESIAN_POINT('',(-7.621992021746,-1.750414361612,
    12.950313915488));
#3601 = CARTESIAN_POINT('',(-7.498100489238,-1.750414361612,
    13.021652847511));
#3602 = ORIENTED_EDGE('',*,*,#3603,.F.);
#3603 = EDGE_CURVE('',#3575,#3591,#3604,.T.);
#3604 = LINE('',#3605,#3606);
#3605 = CARTESIAN_POINT('',(-7.113184719878,-1.750414361612,
    12.445585688946));
#3606 = VECTOR('',#3607,1.);
#3607 = DIRECTION('',(-0.55557023302,2.650146596974E-16,0.831469612303)
  );
#3608 = PLANE('',#3609);
#3609 = AXIS2_PLACEMENT_3D('',#3610,#3611,#3612);
#3610 = CARTESIAN_POINT('',(-7.94465433218,-1.750414361612,
    11.890015455926));
#3611 = DIRECTION('',(2.650146596974E-16,1.,-1.416532867985E-16));
#3612 = DIRECTION('',(0.831469612303,-1.416532867985E-16,0.55557023302)
  );
#3613 = ADVANCED_FACE('',(#3614),#3655,.T.);
#3614 = FACE_BOUND('',#3615,.F.);
#3615 = EDGE_LOOP('',(#3616,#3617,#3625,#3633,#3641,#3649));
#3616 = ORIENTED_EDGE('',*,*,#3572,.T.);
#3617 = ORIENTED_EDGE('',*,*,#3618,.T.);
#3618 = EDGE_CURVE('',#3575,#3619,#3621,.T.);
#3619 = VERTEX_POINT('',#3620);
#3620 = CARTESIAN_POINT('',(-5.865980301424,3.435576416677E-15,
    13.278941038475));
#3621 = LINE('',#3622,#3623);
#3622 = CARTESIAN_POINT('',(-7.113184719878,-1.750414361612,
    12.445585688946));
#3623 = VECTOR('',#3624,1.);
#3624 = DIRECTION('',(0.541039397783,0.759332726909,0.361510967871));
#3625 = ORIENTED_EDGE('',*,*,#3626,.T.);
#3626 = EDGE_CURVE('',#3619,#3627,#3629,.T.);
#3627 = VERTEX_POINT('',#3628);
#3628 = CARTESIAN_POINT('',(-7.113184719878,1.500414361612,
    12.445585688946));
#3629 = LINE('',#3630,#3631);
#3630 = CARTESIAN_POINT('',(-5.865980301424,3.435576416677E-15,
    13.278941038475));
#3631 = VECTOR('',#3632,1.);
#3632 = DIRECTION('',(-0.587856600534,0.707204426923,-0.392793222636));
#3633 = ORIENTED_EDGE('',*,*,#3634,.T.);
#3634 = EDGE_CURVE('',#3627,#3635,#3637,.T.);
#3635 = VERTEX_POINT('',#3636);
#3636 = CARTESIAN_POINT('',(-7.94465433218,1.500414361612,
    11.890015455926));
#3637 = LINE('',#3638,#3639);
#3638 = CARTESIAN_POINT('',(-7.113184719878,1.500414361612,
    12.445585688946));
#3639 = VECTOR('',#3640,1.);
#3640 = DIRECTION('',(-0.831469612303,1.416532867985E-16,-0.55557023302)
  );
#3641 = ORIENTED_EDGE('',*,*,#3642,.T.);
#3642 = EDGE_CURVE('',#3635,#3643,#3645,.T.);
#3643 = VERTEX_POINT('',#3644);
#3644 = CARTESIAN_POINT('',(-6.697449913726,3.577229703476E-15,
    12.723370805456));
#3645 = LINE('',#3646,#3647);
#3646 = CARTESIAN_POINT('',(-7.94465433218,1.500414361612,
    11.890015455926));
#3647 = VECTOR('',#3648,1.);
#3648 = DIRECTION('',(0.587856600534,-0.707204426923,0.392793222636));
#3649 = ORIENTED_EDGE('',*,*,#3650,.T.);
#3650 = EDGE_CURVE('',#3643,#3573,#3651,.T.);
#3651 = LINE('',#3652,#3653);
#3652 = CARTESIAN_POINT('',(-6.697449913726,3.577229703476E-15,
    12.723370805456));
#3653 = VECTOR('',#3654,1.);
#3654 = DIRECTION('',(-0.541039397783,-0.759332726909,-0.361510967871));
#3655 = PLANE('',#3656);
#3656 = AXIS2_PLACEMENT_3D('',#3657,#3658,#3659);
#3657 = CARTESIAN_POINT('',(-7.020228606907,-0.101510508611,
    12.507696977897));
#3658 = DIRECTION('',(0.55557023302,-2.650146596974E-16,-0.831469612303)
  );
#3659 = DIRECTION('',(-0.831469612303,1.416532867985E-16,-0.55557023302)
  );
#3660 = ADVANCED_FACE('',(#3661),#3681,.F.);
#3661 = FACE_BOUND('',#3662,.F.);
#3662 = EDGE_LOOP('',(#3663,#3664,#3665,#3675));
#3663 = ORIENTED_EDGE('',*,*,#3618,.F.);
#3664 = ORIENTED_EDGE('',*,*,#3603,.T.);
#3665 = ORIENTED_EDGE('',*,*,#3666,.F.);
#3666 = EDGE_CURVE('',#3667,#3591,#3669,.T.);
#3667 = VERTEX_POINT('',#3668);
#3668 = CARTESIAN_POINT('',(-6.190064079836,3.590168846481E-15,
    13.763966688833));
#3669 = B_SPLINE_CURVE_WITH_KNOTS('',4,(#3670,#3671,#3672,#3673,#3674),
  .UNSPECIFIED.,.F.,.F.,(5,5),(0.,1.),.PIECEWISE_BEZIER_KNOTS.);
#3670 = CARTESIAN_POINT('',(-6.190064079836,3.774758283726E-15,
    13.763966688833));
#3671 = CARTESIAN_POINT('',(-6.535410894346,-0.435774405179,
    13.608653983071));
#3672 = CARTESIAN_POINT('',(-6.869064102387,-0.873506546124,
    13.432820846672));
#3673 = CARTESIAN_POINT('',(-7.190209827117,-1.312084436222,
    13.236964411908));
#3674 = CARTESIAN_POINT('',(-7.498100489238,-1.750414361612,
    13.021652847511));
#3675 = ORIENTED_EDGE('',*,*,#3676,.F.);
#3676 = EDGE_CURVE('',#3619,#3667,#3677,.T.);
#3677 = LINE('',#3678,#3679);
#3678 = CARTESIAN_POINT('',(-5.865980301424,3.435576416677E-15,
    13.278941038475));
#3679 = VECTOR('',#3680,1.);
#3680 = DIRECTION('',(-0.55557023302,2.650146596974E-16,0.831469612303)
  );
#3681 = PLANE('',#3682);
#3682 = AXIS2_PLACEMENT_3D('',#3683,#3684,#3685);
#3683 = CARTESIAN_POINT('',(-7.113184719878,-1.750414361612,
    12.445585688946));
#3684 = DIRECTION('',(-0.631362088052,0.650702550975,-0.421862660028));
#3685 = DIRECTION('',(0.541039397783,0.759332726909,0.361510967871));
#3686 = ADVANCED_FACE('',(#3687),#3735,.T.);
#3687 = FACE_BOUND('',#3688,.T.);
#3688 = EDGE_LOOP('',(#3689,#3702,#3703,#3704,#3714,#3727));
#3689 = ORIENTED_EDGE('',*,*,#3690,.T.);
#3690 = EDGE_CURVE('',#3691,#3583,#3693,.T.);
#3691 = VERTEX_POINT('',#3692);
#3692 = CARTESIAN_POINT('',(-7.095856355437,3.767275068212E-15,
    13.319628182002));
#3693 = B_SPLINE_CURVE_WITH_KNOTS('',4,(#3694,#3695,#3696,#3697,#3698,
    #3699,#3700,#3701),.UNSPECIFIED.,.F.,.F.,(5,3,5),(0.,0.859040906687,
    1.),.UNSPECIFIED.);
#3694 = CARTESIAN_POINT('',(-7.095856355437,3.767275068212E-15,
    13.319628182002));
#3695 = CARTESIAN_POINT('',(-7.381160006056,-0.375362838397,
    13.167636422652));
#3696 = CARTESIAN_POINT('',(-7.657466428401,-0.751580097853,
    13.000861456859));
#3697 = CARTESIAN_POINT('',(-7.924274964112,-1.127960104082,
    12.81962087025));
#3698 = CARTESIAN_POINT('',(-8.223261340482,-1.565489825124,
    12.592217376612));
#3699 = CARTESIAN_POINT('',(-8.265137822122,-1.627149502621,
    12.559782919034));
#3700 = CARTESIAN_POINT('',(-8.306743861913,-1.688792027003,
    12.526970174466));
#3701 = CARTESIAN_POINT('',(-8.348077405025,-1.750414361612,
    12.493780751538));
#3702 = ORIENTED_EDGE('',*,*,#3590,.T.);
#3703 = ORIENTED_EDGE('',*,*,#3666,.F.);
#3704 = ORIENTED_EDGE('',*,*,#3705,.F.);
#3705 = EDGE_CURVE('',#3706,#3667,#3708,.T.);
#3706 = VERTEX_POINT('',#3707);
#3707 = CARTESIAN_POINT('',(-7.507813677483,1.500414361612,
    13.036189661012));
#3708 = B_SPLINE_CURVE_WITH_KNOTS('',4,(#3709,#3710,#3711,#3712,#3713),
  .UNSPECIFIED.,.F.,.F.,(5,5),(0.,1.),.PIECEWISE_BEZIER_KNOTS.);
#3709 = CARTESIAN_POINT('',(-7.507813677483,1.500414361612,
    13.036189661012));
#3710 = CARTESIAN_POINT('',(-7.194844744565,1.124426479542,
    13.244371963206));
#3711 = CARTESIAN_POINT('',(-6.870426724805,0.7484591178,13.435382570642
    ));
#3712 = CARTESIAN_POINT('',(-6.535251215291,0.373362942798,
    13.608725795269));
#3713 = CARTESIAN_POINT('',(-6.190064079836,3.590168846481E-15,
    13.763966688833));
#3714 = ORIENTED_EDGE('',*,*,#3715,.F.);
#3715 = EDGE_CURVE('',#3716,#3706,#3718,.T.);
#3716 = VERTEX_POINT('',#3717);
#3717 = CARTESIAN_POINT('',(-8.357769084577,1.500414361612,
    12.508285375005));
#3718 = B_SPLINE_CURVE_WITH_KNOTS('',7,(#3719,#3720,#3721,#3722,#3723,
    #3724,#3725,#3726),.UNSPECIFIED.,.F.,.F.,(8,8),(0.,1.),
  .PIECEWISE_BEZIER_KNOTS.);
#3719 = CARTESIAN_POINT('',(-8.357769084577,1.500414361612,
    12.508285375005));
#3720 = CARTESIAN_POINT('',(-8.260883588061,1.500414361612,
    12.573022193558));
#3721 = CARTESIAN_POINT('',(-8.139475528729,1.500414361612,
    12.652880067466));
#3722 = CARTESIAN_POINT('',(-8.006816431746,1.500414361612,
    12.737849840052));
#3723 = CARTESIAN_POINT('',(-7.87261319063,1.500414361612,
    12.821038795674));
#3724 = CARTESIAN_POINT('',(-7.743401343704,1.500414361612,
    12.898956208944));
#3725 = CARTESIAN_POINT('',(-7.62205196944,1.500414361612,
    12.970397471299));
#3726 = CARTESIAN_POINT('',(-7.507813677483,1.500414361612,
    13.036189661012));
#3727 = ORIENTED_EDGE('',*,*,#3728,.T.);
#3728 = EDGE_CURVE('',#3716,#3691,#3729,.T.);
#3729 = B_SPLINE_CURVE_WITH_KNOTS('',4,(#3730,#3731,#3732,#3733,#3734),
  .UNSPECIFIED.,.F.,.F.,(5,5),(0.,1.),.PIECEWISE_BEZIER_KNOTS.);
#3730 = CARTESIAN_POINT('',(-8.357769084577,1.500414361612,
    12.508285375005));
#3731 = CARTESIAN_POINT('',(-8.059505665384,1.125460957613,
    12.736614536671));
#3732 = CARTESIAN_POINT('',(-7.749309384588,0.749846014813,
    12.948275318438));
#3733 = CARTESIAN_POINT('',(-7.427852949236,0.374410412648,
    13.142761372544));
#3734 = CARTESIAN_POINT('',(-7.095856355437,3.10862446895E-15,
    13.319628182002));
#3735 = SURFACE_OF_REVOLUTION('',#3736,#3741);
#3736 = CIRCLE('',#3737,23.350974086829);
#3737 = AXIS2_PLACEMENT_3D('',#3738,#3739,#3740);
#3738 = CARTESIAN_POINT('',(0.,-1.088741204263E-14,-8.259132836545));
#3739 = DIRECTION('',(1.,0.,0.));
#3740 = DIRECTION('',(0.,1.,0.));
#3741 = AXIS1_PLACEMENT('',#3742,#3743);
#3742 = CARTESIAN_POINT('',(0.,0.,0.));
#3743 = DIRECTION('',(-1.110223024625E-16,-1.,1.110223024625E-16));
#3744 = ADVANCED_FACE('',(#3745),#3756,.F.);
#3745 = FACE_BOUND('',#3746,.F.);
#3746 = EDGE_LOOP('',(#3747,#3748,#3754,#3755));
#3747 = ORIENTED_EDGE('',*,*,#3650,.F.);
#3748 = ORIENTED_EDGE('',*,*,#3749,.T.);
#3749 = EDGE_CURVE('',#3643,#3691,#3750,.T.);
#3750 = LINE('',#3751,#3752);
#3751 = CARTESIAN_POINT('',(-6.697449913726,3.577229703476E-15,
    12.723370805456));
#3752 = VECTOR('',#3753,1.);
#3753 = DIRECTION('',(-0.55557023302,2.650146596974E-16,0.831469612303)
  );
#3754 = ORIENTED_EDGE('',*,*,#3690,.T.);
#3755 = ORIENTED_EDGE('',*,*,#3582,.F.);
#3756 = PLANE('',#3757);
#3757 = AXIS2_PLACEMENT_3D('',#3758,#3759,#3760);
#3758 = CARTESIAN_POINT('',(-6.697449913726,3.577229703476E-15,
    12.723370805456));
#3759 = DIRECTION('',(0.631362088052,-0.650702550975,0.421862660028));
#3760 = DIRECTION('',(-0.541039397783,-0.759332726909,-0.361510967871));
#3761 = ADVANCED_FACE('',(#3762),#3773,.F.);
#3762 = FACE_BOUND('',#3763,.F.);
#3763 = EDGE_LOOP('',(#3764,#3765,#3766,#3767));
#3764 = ORIENTED_EDGE('',*,*,#3626,.F.);
#3765 = ORIENTED_EDGE('',*,*,#3676,.T.);
#3766 = ORIENTED_EDGE('',*,*,#3705,.F.);
#3767 = ORIENTED_EDGE('',*,*,#3768,.F.);
#3768 = EDGE_CURVE('',#3627,#3706,#3769,.T.);
#3769 = LINE('',#3770,#3771);
#3770 = CARTESIAN_POINT('',(-7.113184719878,1.500414361612,
    12.445585688946));
#3771 = VECTOR('',#3772,1.);
#3772 = DIRECTION('',(-0.55557023302,2.650146596974E-16,0.831469612303)
  );
#3773 = PLANE('',#3774);
#3774 = AXIS2_PLACEMENT_3D('',#3775,#3776,#3777);
#3775 = CARTESIAN_POINT('',(-5.865980301424,3.435576416677E-15,
    13.278941038475));
#3776 = DIRECTION('',(-0.588018990673,-0.707009121964,-0.392901728258));
#3777 = DIRECTION('',(-0.587856600534,0.707204426923,-0.392793222636));
#3778 = ADVANCED_FACE('',(#3779),#3790,.F.);
#3779 = FACE_BOUND('',#3780,.F.);
#3780 = EDGE_LOOP('',(#3781,#3782,#3783,#3784));
#3781 = ORIENTED_EDGE('',*,*,#3634,.F.);
#3782 = ORIENTED_EDGE('',*,*,#3768,.T.);
#3783 = ORIENTED_EDGE('',*,*,#3715,.F.);
#3784 = ORIENTED_EDGE('',*,*,#3785,.F.);
#3785 = EDGE_CURVE('',#3635,#3716,#3786,.T.);
#3786 = LINE('',#3787,#3788);
#3787 = CARTESIAN_POINT('',(-7.94465433218,1.500414361612,
    11.890015455926));
#3788 = VECTOR('',#3789,1.);
#3789 = DIRECTION('',(-0.55557023302,2.650146596974E-16,0.831469612303)
  );
#3790 = PLANE('',#3791);
#3791 = AXIS2_PLACEMENT_3D('',#3792,#3793,#3794);
#3792 = CARTESIAN_POINT('',(-7.113184719878,1.500414361612,
    12.445585688946));
#3793 = DIRECTION('',(-2.650146596974E-16,-1.,1.416532867985E-16));
#3794 = DIRECTION('',(-0.831469612303,1.416532867985E-16,-0.55557023302)
  );
#3795 = ADVANCED_FACE('',(#3796),#3802,.F.);
#3796 = FACE_BOUND('',#3797,.F.);
#3797 = EDGE_LOOP('',(#3798,#3799,#3800,#3801));
#3798 = ORIENTED_EDGE('',*,*,#3642,.F.);
#3799 = ORIENTED_EDGE('',*,*,#3785,.T.);
#3800 = ORIENTED_EDGE('',*,*,#3728,.T.);
#3801 = ORIENTED_EDGE('',*,*,#3749,.F.);
#3802 = PLANE('',#3803);
#3803 = AXIS2_PLACEMENT_3D('',#3804,#3805,#3806);
#3804 = CARTESIAN_POINT('',(-7.94465433218,1.500414361612,
    11.890015455926));
#3805 = DIRECTION('',(0.588018990673,0.707009121964,0.392901728258));
#3806 = DIRECTION('',(0.587856600534,-0.707204426923,0.392793222636));
#3807 = MANIFOLD_SOLID_BREP('',#3808);
#3808 = CLOSED_SHELL('',(#3809,#3855,#3902,#3928,#3987,#4004,#4021,#4038
    ));
#3809 = ADVANCED_FACE('',(#3810),#3850,.F.);
#3810 = FACE_BOUND('',#3811,.F.);
#3811 = EDGE_LOOP('',(#3812,#3822,#3830,#3844));
#3812 = ORIENTED_EDGE('',*,*,#3813,.F.);
#3813 = EDGE_CURVE('',#3814,#3816,#3818,.T.);
#3814 = VERTEX_POINT('',#3815);
#3815 = CARTESIAN_POINT('',(-5.472373082821,-1.750414361612,
    13.211477314911));
#3816 = VERTEX_POINT('',#3817);
#3817 = CARTESIAN_POINT('',(-4.548493550309,-1.750414361612,
    13.594160747276));
#3818 = LINE('',#3819,#3820);
#3819 = CARTESIAN_POINT('',(-5.472373082821,-1.750414361612,
    13.211477314911));
#3820 = VECTOR('',#3821,1.);
#3821 = DIRECTION('',(0.923879532511,-1.711071395845E-16,0.382683432365)
  );
#3822 = ORIENTED_EDGE('',*,*,#3823,.T.);
#3823 = EDGE_CURVE('',#3814,#3824,#3826,.T.);
#3824 = VERTEX_POINT('',#3825);
#3825 = CARTESIAN_POINT('',(-5.750255728499,-1.750414361612,
    13.882345366856));
#3826 = LINE('',#3827,#3828);
#3827 = CARTESIAN_POINT('',(-5.472373082821,-1.750414361612,
    13.211477314911));
#3828 = VECTOR('',#3829,1.);
#3829 = DIRECTION('',(-0.382683432365,2.560799311353E-16,0.923879532511)
  );
#3830 = ORIENTED_EDGE('',*,*,#3831,.T.);
#3831 = EDGE_CURVE('',#3824,#3832,#3834,.T.);
#3832 = VERTEX_POINT('',#3833);
#3833 = CARTESIAN_POINT('',(-4.813628143625,-1.750414361612,
    14.234252278314));
#3834 = B_SPLINE_CURVE_WITH_KNOTS('',8,(#3835,#3836,#3837,#3838,#3839,
    #3840,#3841,#3842,#3843),.UNSPECIFIED.,.F.,.F.,(9,9),(0.,1.),
  .PIECEWISE_BEZIER_KNOTS.);
#3835 = CARTESIAN_POINT('',(-5.750255728499,-1.750414361612,
    13.882345366856));
#3836 = CARTESIAN_POINT('',(-5.634685436168,-1.750414361612,
    13.930216149346));
#3837 = CARTESIAN_POINT('',(-5.51865960134,-1.750414361612,
    13.976987390607));
#3838 = CARTESIAN_POINT('',(-5.402190582984,-1.750414361612,
    14.022654043832));
#3839 = CARTESIAN_POINT('',(-5.285290335379,-1.750414361612,
    14.067211106135));
#3840 = CARTESIAN_POINT('',(-5.16797186685,-1.750414361612,
    14.110654039827));
#3841 = CARTESIAN_POINT('',(-5.050246760155,-1.750414361612,
    14.152978019184));
#3842 = CARTESIAN_POINT('',(-4.932128132972,-1.750414361612,
    14.194178894421));
#3843 = CARTESIAN_POINT('',(-4.813628143625,-1.750414361612,
    14.234252278314));
#3844 = ORIENTED_EDGE('',*,*,#3845,.F.);
#3845 = EDGE_CURVE('',#3816,#3832,#3846,.T.);
#3846 = LINE('',#3847,#3848);
#3847 = CARTESIAN_POINT('',(-4.548493550309,-1.750414361612,
    13.594160747276));
#3848 = VECTOR('',#3849,1.);
#3849 = DIRECTION('',(-0.382683432365,2.560799311353E-16,0.923879532511)
  );
#3850 = PLANE('',#3851);
#3851 = AXIS2_PLACEMENT_3D('',#3852,#3853,#3854);
#3852 = CARTESIAN_POINT('',(-5.472373082821,-1.750414361612,
    13.211477314911));
#3853 = DIRECTION('',(2.560799311353E-16,1.,-1.711071395845E-16));
#3854 = DIRECTION('',(0.923879532511,-1.711071395845E-16,0.382683432365)
  );
#3855 = ADVANCED_FACE('',(#3856),#3897,.T.);
#3856 = FACE_BOUND('',#3857,.F.);
#3857 = EDGE_LOOP('',(#3858,#3859,#3867,#3875,#3883,#3891));
#3858 = ORIENTED_EDGE('',*,*,#3813,.T.);
#3859 = ORIENTED_EDGE('',*,*,#3860,.T.);
#3860 = EDGE_CURVE('',#3816,#3861,#3863,.T.);
#3861 = VERTEX_POINT('',#3862);
#3862 = CARTESIAN_POINT('',(-3.162674251543,3.234175166274E-15,
    14.168185895824));
#3863 = LINE('',#3864,#3865);
#3864 = CARTESIAN_POINT('',(-4.548493550309,-1.750414361612,
    13.594160747276));
#3865 = VECTOR('',#3866,1.);
#3866 = DIRECTION('',(0.601170768598,0.759332726909,0.249013085656));
#3867 = ORIENTED_EDGE('',*,*,#3868,.T.);
#3868 = EDGE_CURVE('',#3861,#3869,#3871,.T.);
#3869 = VERTEX_POINT('',#3870);
#3870 = CARTESIAN_POINT('',(-4.548493550309,1.500414361612,
    13.594160747276));
#3871 = LINE('',#3872,#3873);
#3872 = CARTESIAN_POINT('',(-3.162674251543,3.234175166274E-15,
    14.168185895824));
#3873 = VECTOR('',#3874,1.);
#3874 = DIRECTION('',(-0.653191257081,0.707204426923,-0.270560677507));
#3875 = ORIENTED_EDGE('',*,*,#3876,.T.);
#3876 = EDGE_CURVE('',#3869,#3877,#3879,.T.);
#3877 = VERTEX_POINT('',#3878);
#3878 = CARTESIAN_POINT('',(-5.472373082821,1.500414361612,
    13.211477314911));
#3879 = LINE('',#3880,#3881);
#3880 = CARTESIAN_POINT('',(-4.548493550309,1.500414361612,
    13.594160747276));
#3881 = VECTOR('',#3882,1.);
#3882 = DIRECTION('',(-0.923879532511,1.711071395845E-16,-0.382683432365
    ));
#3883 = ORIENTED_EDGE('',*,*,#3884,.T.);
#3884 = EDGE_CURVE('',#3877,#3885,#3887,.T.);
#3885 = VERTEX_POINT('',#3886);
#3886 = CARTESIAN_POINT('',(-4.086553784054,3.405282305859E-15,
    13.785502463459));
#3887 = LINE('',#3888,#3889);
#3888 = CARTESIAN_POINT('',(-5.472373082821,1.500414361612,
    13.211477314911));
#3889 = VECTOR('',#3890,1.);
#3890 = DIRECTION('',(0.653191257081,-0.707204426923,0.270560677507));
#3891 = ORIENTED_EDGE('',*,*,#3892,.T.);
#3892 = EDGE_CURVE('',#3885,#3814,#3893,.T.);
#3893 = LINE('',#3894,#3895);
#3894 = CARTESIAN_POINT('',(-4.086553784054,3.405282305859E-15,
    13.785502463459));
#3895 = VECTOR('',#3896,1.);
#3896 = DIRECTION('',(-0.601170768598,-0.759332726909,-0.249013085656));
#3897 = PLANE('',#3898);
#3898 = AXIS2_PLACEMENT_3D('',#3899,#3900,#3901);
#3899 = CARTESIAN_POINT('',(-4.445206251622,-0.101510508611,
    13.636943747214));
#3900 = DIRECTION('',(0.382683432365,-2.560799311353E-16,-0.923879532511
    ));
#3901 = DIRECTION('',(-0.923879532511,1.711071395845E-16,-0.382683432365
    ));
#3902 = ADVANCED_FACE('',(#3903),#3923,.F.);
#3903 = FACE_BOUND('',#3904,.F.);
#3904 = EDGE_LOOP('',(#3905,#3906,#3907,#3917));
#3905 = ORIENTED_EDGE('',*,*,#3860,.F.);
#3906 = ORIENTED_EDGE('',*,*,#3845,.T.);
#3907 = ORIENTED_EDGE('',*,*,#3908,.F.);
#3908 = EDGE_CURVE('',#3909,#3832,#3911,.T.);
#3909 = VERTEX_POINT('',#3910);
#3910 = CARTESIAN_POINT('',(-3.385907040712,3.38355565271E-15,
    14.707117523003));
#3911 = B_SPLINE_CURVE_WITH_KNOTS('',4,(#3912,#3913,#3914,#3915,#3916),
  .UNSPECIFIED.,.F.,.F.,(5,5),(0.,1.),.PIECEWISE_BEZIER_KNOTS.);
#3912 = CARTESIAN_POINT('',(-3.385907040712,3.552713678801E-15,
    14.707117523003));
#3913 = CARTESIAN_POINT('',(-3.754918118798,-0.435774405179,
    14.622162928582));
#3914 = CARTESIAN_POINT('',(-4.116463617205,-0.873506546124,
    14.514800888393));
#3915 = CARTESIAN_POINT('',(-4.469648311812,-1.312084436222,
    14.385360202957));
#3916 = CARTESIAN_POINT('',(-4.813628143625,-1.750414361612,
    14.234252278314));
#3917 = ORIENTED_EDGE('',*,*,#3918,.F.);
#3918 = EDGE_CURVE('',#3861,#3909,#3919,.T.);
#3919 = LINE('',#3920,#3921);
#3920 = CARTESIAN_POINT('',(-3.162674251543,3.234175166274E-15,
    14.168185895824));
#3921 = VECTOR('',#3922,1.);
#3922 = DIRECTION('',(-0.382683432365,2.560799311353E-16,0.923879532511)
  );
#3923 = PLANE('',#3924);
#3924 = AXIS2_PLACEMENT_3D('',#3925,#3926,#3927);
#3925 = CARTESIAN_POINT('',(-4.548493550309,-1.750414361612,
    13.594160747276));
#3926 = DIRECTION('',(-0.701531964757,0.650702550975,-0.290584054241));
#3927 = DIRECTION('',(0.601170768598,0.759332726909,0.249013085656));
#3928 = ADVANCED_FACE('',(#3929),#3978,.T.);
#3929 = FACE_BOUND('',#3930,.T.);
#3930 = EDGE_LOOP('',(#3931,#3944,#3945,#3946,#3956,#3970));
#3931 = ORIENTED_EDGE('',*,*,#3932,.T.);
#3932 = EDGE_CURVE('',#3933,#3824,#3935,.T.);
#3933 = VERTEX_POINT('',#3934);
#3934 = CARTESIAN_POINT('',(-4.360980914106,3.588920463725E-15,
    14.448028162714));
#3935 = B_SPLINE_CURVE_WITH_KNOTS('',4,(#3936,#3937,#3938,#3939,#3940,
    #3941,#3942,#3943),.UNSPECIFIED.,.F.,.F.,(5,3,5),(0.,0.859040906687,
    1.),.UNSPECIFIED.);
#3936 = CARTESIAN_POINT('',(-4.360980914106,3.588920463725E-15,
    14.448028162714));
#3937 = CARTESIAN_POINT('',(-4.670454656354,-0.375362838397,
    14.354616863472));
#3938 = CARTESIAN_POINT('',(-4.973988110052,-0.751580097853,
    14.244951140793));
#3939 = CARTESIAN_POINT('',(-5.271028278968,-1.127960104082,
    14.119244804384));
#3940 = CARTESIAN_POINT('',(-5.608633936753,-1.565489825124,
    13.954540153556));
#3941 = CARTESIAN_POINT('',(-5.656033422315,-1.627149502621,
    13.930898611274));
#3942 = CARTESIAN_POINT('',(-5.703241462621,-1.688792027003,
    13.906833290093));
#3943 = CARTESIAN_POINT('',(-5.750255728499,-1.750414361612,
    13.882345366856));
#3944 = ORIENTED_EDGE('',*,*,#3831,.T.);
#3945 = ORIENTED_EDGE('',*,*,#3908,.F.);
#3946 = ORIENTED_EDGE('',*,*,#3947,.F.);
#3947 = EDGE_CURVE('',#3948,#3909,#3950,.T.);
#3948 = VERTEX_POINT('',#3949);
#3949 = CARTESIAN_POINT('',(-4.820318704055,1.500414361612,
    14.250404720043));
#3950 = B_SPLINE_CURVE_WITH_KNOTS('',4,(#3951,#3952,#3953,#3954,#3955),
  .UNSPECIFIED.,.F.,.F.,(5,5),(0.,1.),.PIECEWISE_BEZIER_KNOTS.);
#3951 = CARTESIAN_POINT('',(-4.820318704055,1.500414361612,
    14.250404720043));
#3952 = CARTESIAN_POINT('',(-4.472749029052,1.124426479542,
    14.393529647771));
#3953 = CARTESIAN_POINT('',(-4.117300289662,0.7484591178,14.517579224002
    ));
#3954 = CARTESIAN_POINT('',(-3.754747498067,0.373362942798,
    14.622202209091));
#3955 = CARTESIAN_POINT('',(-3.385907040712,3.38355565271E-15,
    14.707117523003));
#3956 = ORIENTED_EDGE('',*,*,#3957,.F.);
#3957 = EDGE_CURVE('',#3958,#3948,#3960,.T.);
#3958 = VERTEX_POINT('',#3959);
#3959 = CARTESIAN_POINT('',(-5.756931473483,1.500414361612,
    13.898462040935));
#3960 = B_SPLINE_CURVE_WITH_KNOTS('',8,(#3961,#3962,#3963,#3964,#3965,
    #3966,#3967,#3968,#3969),.UNSPECIFIED.,.F.,.F.,(9,9),(0.,1.),
  .PIECEWISE_BEZIER_KNOTS.);
#3961 = CARTESIAN_POINT('',(-5.756931473483,1.500414361612,
    13.898462040935));
#3962 = CARTESIAN_POINT('',(-5.641361380561,1.500414361612,
    13.946332740828));
#3963 = CARTESIAN_POINT('',(-5.525336275331,1.500414361612,
    13.993105179297));
#3964 = CARTESIAN_POINT('',(-5.408868477293,1.500414361612,
    14.038774317747));
#3965 = CARTESIAN_POINT('',(-5.291969951976,1.500414361612,
    14.083335174069));
#3966 = CARTESIAN_POINT('',(-5.174653604653,1.500414361612,
    14.126783201297));
#3967 = CARTESIAN_POINT('',(-5.056931080747,1.500414361612,
    14.169113611008));
#3968 = CARTESIAN_POINT('',(-4.938815392097,1.500414361612,
    14.210322237445));
#3969 = CARTESIAN_POINT('',(-4.820318704055,1.500414361612,
    14.250404720043));
#3970 = ORIENTED_EDGE('',*,*,#3971,.T.);
#3971 = EDGE_CURVE('',#3958,#3933,#3972,.T.);
#3972 = B_SPLINE_CURVE_WITH_KNOTS('',4,(#3973,#3974,#3975,#3976,#3977),
  .UNSPECIFIED.,.F.,.F.,(5,5),(0.,1.),.PIECEWISE_BEZIER_KNOTS.);
#3973 = CARTESIAN_POINT('',(-5.756931473483,1.500414361612,
    13.898462040935));
#3974 = CARTESIAN_POINT('',(-5.41985429258,1.125460957613,
    14.064215615287));
#3975 = CARTESIAN_POINT('',(-5.074325376267,0.749846014813,
    14.211293102175));
#3976 = CARTESIAN_POINT('',(-4.72110328926,0.374410412648,
    14.339329121798));
#3977 = CARTESIAN_POINT('',(-4.360980914106,3.330669073875E-15,
    14.448028162714));
#3978 = SURFACE_OF_REVOLUTION('',#3979,#3984);
#3979 = CIRCLE('',#3980,23.350974086829);
#3980 = AXIS2_PLACEMENT_3D('',#3981,#3982,#3983);
#3981 = CARTESIAN_POINT('',(0.,-1.088741204263E-14,-8.259132836545));
#3982 = DIRECTION('',(1.,0.,0.));
#3983 = DIRECTION('',(0.,1.,0.));
#3984 = AXIS1_PLACEMENT('',#3985,#3986);
#3985 = CARTESIAN_POINT('',(0.,0.,0.));
#3986 = DIRECTION('',(-1.110223024625E-16,-1.,1.110223024625E-16));
#3987 = ADVANCED_FACE('',(#3988),#3999,.F.);
#3988 = FACE_BOUND('',#3989,.F.);
#3989 = EDGE_LOOP('',(#3990,#3991,#3997,#3998));
#3990 = ORIENTED_EDGE('',*,*,#3892,.F.);
#3991 = ORIENTED_EDGE('',*,*,#3992,.T.);
#3992 = EDGE_CURVE('',#3885,#3933,#3993,.T.);
#3993 = LINE('',#3994,#3995);
#3994 = CARTESIAN_POINT('',(-4.086553784054,3.405282305859E-15,
    13.785502463459));
#3995 = VECTOR('',#3996,1.);
#3996 = DIRECTION('',(-0.382683432365,2.560799311353E-16,0.923879532511)
  );
#3997 = ORIENTED_EDGE('',*,*,#3932,.T.);
#3998 = ORIENTED_EDGE('',*,*,#3823,.F.);
#3999 = PLANE('',#4000);
#4000 = AXIS2_PLACEMENT_3D('',#4001,#4002,#4003);
#4001 = CARTESIAN_POINT('',(-4.086553784054,3.405282305859E-15,
    13.785502463459));
#4002 = DIRECTION('',(0.701531964757,-0.650702550975,0.290584054241));
#4003 = DIRECTION('',(-0.601170768598,-0.759332726909,-0.249013085656));
#4004 = ADVANCED_FACE('',(#4005),#4016,.F.);
#4005 = FACE_BOUND('',#4006,.F.);
#4006 = EDGE_LOOP('',(#4007,#4008,#4009,#4010));
#4007 = ORIENTED_EDGE('',*,*,#3868,.F.);
#4008 = ORIENTED_EDGE('',*,*,#3918,.T.);
#4009 = ORIENTED_EDGE('',*,*,#3947,.F.);
#4010 = ORIENTED_EDGE('',*,*,#4011,.F.);
#4011 = EDGE_CURVE('',#3869,#3948,#4012,.T.);
#4012 = LINE('',#4013,#4014);
#4013 = CARTESIAN_POINT('',(-4.548493550309,1.500414361612,
    13.594160747276));
#4014 = VECTOR('',#4015,1.);
#4015 = DIRECTION('',(-0.382683432365,2.560799311353E-16,0.923879532511)
  );
#4016 = PLANE('',#4017);
#4017 = AXIS2_PLACEMENT_3D('',#4018,#4019,#4020);
#4018 = CARTESIAN_POINT('',(-3.162674251543,3.234175166274E-15,
    14.168185895824));
#4019 = DIRECTION('',(-0.653371695336,-0.707009121964,-0.270635417479));
#4020 = DIRECTION('',(-0.653191257081,0.707204426923,-0.270560677507));
#4021 = ADVANCED_FACE('',(#4022),#4033,.F.);
#4022 = FACE_BOUND('',#4023,.F.);
#4023 = EDGE_LOOP('',(#4024,#4025,#4026,#4027));
#4024 = ORIENTED_EDGE('',*,*,#3876,.F.);
#4025 = ORIENTED_EDGE('',*,*,#4011,.T.);
#4026 = ORIENTED_EDGE('',*,*,#3957,.F.);
#4027 = ORIENTED_EDGE('',*,*,#4028,.F.);
#4028 = EDGE_CURVE('',#3877,#3958,#4029,.T.);
#4029 = LINE('',#4030,#4031);
#4030 = CARTESIAN_POINT('',(-5.472373082821,1.500414361612,
    13.211477314911));
#4031 = VECTOR('',#4032,1.);
#4032 = DIRECTION('',(-0.382683432365,2.560799311353E-16,0.923879532511)
  );
#4033 = PLANE('',#4034);
#4034 = AXIS2_PLACEMENT_3D('',#4035,#4036,#4037);
#4035 = CARTESIAN_POINT('',(-4.548493550309,1.500414361612,
    13.594160747276));
#4036 = DIRECTION('',(-2.560799311353E-16,-1.,1.711071395845E-16));
#4037 = DIRECTION('',(-0.923879532511,1.711071395845E-16,-0.382683432365
    ));
#4038 = ADVANCED_FACE('',(#4039),#4045,.F.);
#4039 = FACE_BOUND('',#4040,.F.);
#4040 = EDGE_LOOP('',(#4041,#4042,#4043,#4044));
#4041 = ORIENTED_EDGE('',*,*,#3884,.F.);
#4042 = ORIENTED_EDGE('',*,*,#4028,.T.);
#4043 = ORIENTED_EDGE('',*,*,#3971,.T.);
#4044 = ORIENTED_EDGE('',*,*,#3992,.F.);
#4045 = PLANE('',#4046);
#4046 = AXIS2_PLACEMENT_3D('',#4047,#4048,#4049);
#4047 = CARTESIAN_POINT('',(-5.472373082821,1.500414361612,
    13.211477314911));
#4048 = DIRECTION('',(0.653371695336,0.707009121964,0.270635417479));
#4049 = DIRECTION('',(0.653191257081,-0.707204426923,0.270560677507));
#4050 = MANIFOLD_SOLID_BREP('',#4051);
#4051 = CLOSED_SHELL('',(#4052,#4098,#4145,#4171,#4230,#4247,#4264,#4281
    ));
#4052 = ADVANCED_FACE('',(#4053),#4093,.F.);
#4053 = FACE_BOUND('',#4054,.F.);
#4054 = EDGE_LOOP('',(#4055,#4065,#4073,#4087));
#4055 = ORIENTED_EDGE('',*,*,#4056,.F.);
#4056 = EDGE_CURVE('',#4057,#4059,#4061,.T.);
#4057 = VERTEX_POINT('',#4058);
#4058 = CARTESIAN_POINT('',(-2.789791604831,-1.750414361612,
    14.025229509766));
#4059 = VERTEX_POINT('',#4060);
#4060 = CARTESIAN_POINT('',(-1.809006324427,-1.750414361612,
    14.220319831782));
#4061 = LINE('',#4062,#4063);
#4062 = CARTESIAN_POINT('',(-2.789791604831,-1.750414361612,
    14.025229509766));
#4063 = VECTOR('',#4064,1.);
#4064 = DIRECTION('',(0.980785280403,-1.982519657758E-16,0.195090322016)
  );
#4065 = ORIENTED_EDGE('',*,*,#4066,.T.);
#4066 = EDGE_CURVE('',#4057,#4067,#4069,.T.);
#4067 = VERTEX_POINT('',#4068);
#4068 = CARTESIAN_POINT('',(-2.931454949107,-1.750414361612,
    14.737419235034));
#4069 = LINE('',#4070,#4071);
#4070 = CARTESIAN_POINT('',(-2.789791604831,-1.750414361612,
    14.025229509766));
#4071 = VECTOR('',#4072,1.);
#4072 = DIRECTION('',(-0.195090322016,2.415707192526E-16,0.980785280403)
  );
#4073 = ORIENTED_EDGE('',*,*,#4074,.T.);
#4074 = EDGE_CURVE('',#4067,#4075,#4077,.T.);
#4075 = VERTEX_POINT('',#4076);
#4076 = CARTESIAN_POINT('',(-1.944170767967,-1.750414361612,
    14.899837376722));
#4077 = B_SPLINE_CURVE_WITH_KNOTS('',8,(#4078,#4079,#4080,#4081,#4082,
    #4083,#4084,#4085,#4086),.UNSPECIFIED.,.F.,.F.,(9,9),(0.,1.),
  .PIECEWISE_BEZIER_KNOTS.);
#4078 = CARTESIAN_POINT('',(-2.931454949107,-1.750414361612,
    14.737419235034));
#4079 = CARTESIAN_POINT('',(-2.874382928113,-1.750414361612,
    14.748771566071));
#4080 = CARTESIAN_POINT('',(-2.754613440656,-1.750414361612,
    14.772334945217));
#4081 = CARTESIAN_POINT('',(-2.603597873493,-1.750414361612,
    14.800825796305));
#4082 = CARTESIAN_POINT('',(-2.441541614474,-1.750414361612,
    14.828557671658));
#4083 = CARTESIAN_POINT('',(-2.282202674813,-1.750414361612,
    14.853555942464));
#4084 = CARTESIAN_POINT('',(-2.136690278481,-1.750414361612,
    14.874291983127));
#4085 = CARTESIAN_POINT('',(-2.017851379397,-1.750414361612,
    14.890223355454));
#4086 = CARTESIAN_POINT('',(-1.944170767967,-1.750414361612,
    14.899837376722));
#4087 = ORIENTED_EDGE('',*,*,#4088,.F.);
#4088 = EDGE_CURVE('',#4059,#4075,#4089,.T.);
#4089 = LINE('',#4090,#4091);
#4090 = CARTESIAN_POINT('',(-1.809006324427,-1.750414361612,
    14.220319831782));
#4091 = VECTOR('',#4092,1.);
#4092 = DIRECTION('',(-0.195090322016,2.415707192526E-16,0.980785280403)
  );
#4093 = PLANE('',#4094);
#4094 = AXIS2_PLACEMENT_3D('',#4095,#4096,#4097);
#4095 = CARTESIAN_POINT('',(-2.789791604831,-1.750414361612,
    14.025229509766));
#4096 = DIRECTION('',(2.415707192526E-16,1.,-1.982519657758E-16));
#4097 = DIRECTION('',(0.980785280403,-1.982519657758E-16,0.195090322016)
  );
#4098 = ADVANCED_FACE('',(#4099),#4140,.T.);
#4099 = FACE_BOUND('',#4100,.F.);
#4100 = EDGE_LOOP('',(#4101,#4102,#4110,#4118,#4126,#4134));
#4101 = ORIENTED_EDGE('',*,*,#4056,.T.);
#4102 = ORIENTED_EDGE('',*,*,#4103,.T.);
#4103 = EDGE_CURVE('',#4059,#4104,#4106,.T.);
#4104 = VERTEX_POINT('',#4105);
#4105 = CARTESIAN_POINT('',(-0.337828403823,2.958831370873E-15,
    14.512955314807));
#4106 = LINE('',#4107,#4108);
#4107 = CARTESIAN_POINT('',(-1.809006324427,-1.750414361612,
    14.220319831782));
#4108 = VECTOR('',#4109,1.);
#4109 = DIRECTION('',(0.638199483917,0.759332726909,0.126945770206));
#4110 = ORIENTED_EDGE('',*,*,#4111,.T.);
#4111 = EDGE_CURVE('',#4104,#4112,#4114,.T.);
#4112 = VERTEX_POINT('',#4113);
#4113 = CARTESIAN_POINT('',(-1.809006324427,1.500414361612,
    14.220319831782));
#4114 = LINE('',#4115,#4116);
#4115 = CARTESIAN_POINT('',(-0.337828403823,2.958831370873E-15,
    14.512955314807));
#4116 = VECTOR('',#4117,1.);
#4117 = DIRECTION('',(-0.693424139933,0.707204426923,-0.137930637272));
#4118 = ORIENTED_EDGE('',*,*,#4119,.T.);
#4119 = EDGE_CURVE('',#4112,#4120,#4122,.T.);
#4120 = VERTEX_POINT('',#4121);
#4121 = CARTESIAN_POINT('',(-2.789791604831,1.500414361612,
    14.025229509766));
#4122 = LINE('',#4123,#4124);
#4123 = CARTESIAN_POINT('',(-1.809006324427,1.500414361612,
    14.220319831782));
#4124 = VECTOR('',#4125,1.);
#4125 = DIRECTION('',(-0.980785280403,1.982519657758E-16,-0.195090322016
    ));
#4126 = ORIENTED_EDGE('',*,*,#4127,.T.);
#4127 = EDGE_CURVE('',#4120,#4128,#4130,.T.);
#4128 = VERTEX_POINT('',#4129);
#4129 = CARTESIAN_POINT('',(-1.318613684226,3.157083336649E-15,
    14.31786499279));
#4130 = LINE('',#4131,#4132);
#4131 = CARTESIAN_POINT('',(-2.789791604831,1.500414361612,
    14.025229509766));
#4132 = VECTOR('',#4133,1.);
#4133 = DIRECTION('',(0.693424139933,-0.707204426923,0.137930637272));
#4134 = ORIENTED_EDGE('',*,*,#4135,.T.);
#4135 = EDGE_CURVE('',#4128,#4057,#4136,.T.);
#4136 = LINE('',#4137,#4138);
#4137 = CARTESIAN_POINT('',(-1.318613684226,3.157083336649E-15,
    14.31786499279));
#4138 = VECTOR('',#4139,1.);
#4139 = DIRECTION('',(-0.638199483917,-0.759332726909,-0.126945770206));
#4140 = PLANE('',#4141);
#4141 = AXIS2_PLACEMENT_3D('',#4142,#4143,#4144);
#4142 = CARTESIAN_POINT('',(-1.699357112987,-0.101510508611,
    14.242130416011));
#4143 = DIRECTION('',(0.195090322016,-2.415707192526E-16,-0.980785280403
    ));
#4144 = DIRECTION('',(-0.980785280403,1.982519657758E-16,-0.195090322016
    ));
#4145 = ADVANCED_FACE('',(#4146),#4166,.F.);
#4146 = FACE_BOUND('',#4147,.F.);
#4147 = EDGE_LOOP('',(#4148,#4149,#4150,#4160));
#4148 = ORIENTED_EDGE('',*,*,#4103,.F.);
#4149 = ORIENTED_EDGE('',*,*,#4088,.T.);
#4150 = ORIENTED_EDGE('',*,*,#4151,.T.);
#4151 = EDGE_CURVE('',#4075,#4152,#4154,.T.);
#4152 = VERTEX_POINT('',#4153);
#4153 = CARTESIAN_POINT('',(-0.451631492852,3.09974812054E-15,
    15.085082078611));
#4154 = B_SPLINE_CURVE_WITH_KNOTS('',4,(#4155,#4156,#4157,#4158,#4159),
  .UNSPECIFIED.,.F.,.F.,(5,5),(0.,1.),.PIECEWISE_BEZIER_KNOTS.);
#4155 = CARTESIAN_POINT('',(-1.944170767967,-1.750414361612,
    14.899837376722));
#4156 = CARTESIAN_POINT('',(-1.577320718517,-1.312084436255,
    14.980934668794));
#4157 = CARTESIAN_POINT('',(-1.205669743761,-0.873506546096,
    15.038985272134));
#4158 = CARTESIAN_POINT('',(-0.83012594572,-0.435774405215,
    15.073750352766));
#4159 = CARTESIAN_POINT('',(-0.451631492852,3.10862446895E-15,
    15.085082078611));
#4160 = ORIENTED_EDGE('',*,*,#4161,.F.);
#4161 = EDGE_CURVE('',#4104,#4152,#4162,.T.);
#4162 = LINE('',#4163,#4164);
#4163 = CARTESIAN_POINT('',(-0.337828403823,2.958831370873E-15,
    14.512955314807));
#4164 = VECTOR('',#4165,1.);
#4165 = DIRECTION('',(-0.195090322016,2.415707192526E-16,0.980785280403)
  );
#4166 = PLANE('',#4167);
#4167 = AXIS2_PLACEMENT_3D('',#4168,#4169,#4170);
#4168 = CARTESIAN_POINT('',(-1.809006324427,-1.750414361612,
    14.220319831782));
#4169 = DIRECTION('',(-0.744742361481,0.650702550975,-0.14813846621));
#4170 = DIRECTION('',(0.638199483917,0.759332726909,0.126945770206));
#4171 = ADVANCED_FACE('',(#4172),#4221,.T.);
#4172 = FACE_BOUND('',#4173,.T.);
#4173 = EDGE_LOOP('',(#4174,#4187,#4188,#4189,#4199,#4213));
#4174 = ORIENTED_EDGE('',*,*,#4175,.F.);
#4175 = EDGE_CURVE('',#4067,#4176,#4178,.T.);
#4176 = VERTEX_POINT('',#4177);
#4177 = CARTESIAN_POINT('',(-1.458515421913,3.330316755141E-15,
    15.02119852368));
#4178 = B_SPLINE_CURVE_WITH_KNOTS('',4,(#4179,#4180,#4181,#4182,#4183,
    #4184,#4185,#4186),.UNSPECIFIED.,.F.,.F.,(5,3,5),(0.,0.141062123137,
    1.),.UNSPECIFIED.);
#4179 = CARTESIAN_POINT('',(-2.931454949107,-1.750414361612,
    14.737419235034));
#4180 = CARTESIAN_POINT('',(-2.880529497092,-1.688746986008,
    14.752275452195));
#4181 = CARTESIAN_POINT('',(-2.82949628218,-1.627059391103,
    14.766678722563));
#4182 = CARTESIAN_POINT('',(-2.778357823901,-1.565354620227,
    14.780628344753));
#4183 = CARTESIAN_POINT('',(-2.415105285273,-1.127824679669,
    14.876297588397));
#4184 = CARTESIAN_POINT('',(-2.099285675994,-0.751489854002,
    14.941626936762));
#4185 = CARTESIAN_POINT('',(-1.780227763933,-0.375317818922,
    14.989961175253));
#4186 = CARTESIAN_POINT('',(-1.458515421913,3.330316755141E-15,
    15.02119852368));
#4187 = ORIENTED_EDGE('',*,*,#4074,.T.);
#4188 = ORIENTED_EDGE('',*,*,#4151,.T.);
#4189 = ORIENTED_EDGE('',*,*,#4190,.F.);
#4190 = EDGE_CURVE('',#4191,#4152,#4193,.T.);
#4191 = VERTEX_POINT('',#4192);
#4192 = CARTESIAN_POINT('',(-1.947581586096,1.500414361612,
    14.916984717401));
#4193 = B_SPLINE_CURVE_WITH_KNOTS('',4,(#4194,#4195,#4196,#4197,#4198),
  .UNSPECIFIED.,.F.,.F.,(5,5),(0.,1.),.PIECEWISE_BEZIER_KNOTS.);
#4194 = CARTESIAN_POINT('',(-1.947581586096,1.500414361612,
    14.916984717401));
#4195 = CARTESIAN_POINT('',(-1.5787680767,1.124426479542,14.989552059956
    ));
#4196 = CARTESIAN_POINT('',(-1.205948313395,0.7484591178,15.041873449337
    ));
#4197 = CARTESIAN_POINT('',(-0.829950940178,0.373362942798,
    15.073755592243));
#4198 = CARTESIAN_POINT('',(-0.451631492852,3.09974812054E-15,
    15.085082078611));
#4199 = ORIENTED_EDGE('',*,*,#4200,.F.);
#4200 = EDGE_CURVE('',#4201,#4191,#4203,.T.);
#4201 = VERTEX_POINT('',#4202);
#4202 = CARTESIAN_POINT('',(-2.934858214387,1.500414361612,
    14.754528604978));
#4203 = B_SPLINE_CURVE_WITH_KNOTS('',8,(#4204,#4205,#4206,#4207,#4208,
    #4209,#4210,#4211,#4212),.UNSPECIFIED.,.F.,.F.,(9,9),(0.,1.),
  .PIECEWISE_BEZIER_KNOTS.);
#4204 = CARTESIAN_POINT('',(-2.934858214387,1.500414361612,
    14.754528604978));
#4205 = CARTESIAN_POINT('',(-2.877457049998,1.500414361612,
    14.765946406709));
#4206 = CARTESIAN_POINT('',(-2.757778892449,1.500414361612,
    14.789488727455));
#4207 = CARTESIAN_POINT('',(-2.606889508549,1.500414361612,
    14.817952060764));
#4208 = CARTESIAN_POINT('',(-2.444693734653,1.500414361612,
    14.845723959054));
#4209 = CARTESIAN_POINT('',(-2.284841033016,1.500414361612,
    14.870818976159));
#4210 = CARTESIAN_POINT('',(-2.138652979103,1.500414361612,
    14.891632183054));
#4211 = CARTESIAN_POINT('',(-2.019653631922,1.500414361612,
    14.907574915942));
#4212 = CARTESIAN_POINT('',(-1.947581586096,1.500414361612,
    14.916984717401));
#4213 = ORIENTED_EDGE('',*,*,#4214,.T.);
#4214 = EDGE_CURVE('',#4201,#4176,#4215,.T.);
#4215 = B_SPLINE_CURVE_WITH_KNOTS('',4,(#4216,#4217,#4218,#4219,#4220),
  .UNSPECIFIED.,.F.,.F.,(5,5),(0.,1.),.PIECEWISE_BEZIER_KNOTS.);
#4216 = CARTESIAN_POINT('',(-2.934858214387,1.500414361612,
    14.754528604978));
#4217 = CARTESIAN_POINT('',(-2.571920958803,1.125460957613,
    14.851336775111));
#4218 = CARTESIAN_POINT('',(-2.20433788945,0.749846014813,
    14.928178861779));
#4219 = CARTESIAN_POINT('',(-1.832924277503,0.374410412648,
    14.98484449449));
#4220 = CARTESIAN_POINT('',(-1.458515421913,3.330669073875E-15,
    15.02119852368));
#4221 = SURFACE_OF_REVOLUTION('',#4222,#4227);
#4222 = CIRCLE('',#4223,23.350974086829);
#4223 = AXIS2_PLACEMENT_3D('',#4224,#4225,#4226);
#4224 = CARTESIAN_POINT('',(0.,-1.088741204263E-14,-8.259132836545));
#4225 = DIRECTION('',(1.,0.,0.));
#4226 = DIRECTION('',(0.,1.,0.));
#4227 = AXIS1_PLACEMENT('',#4228,#4229);
#4228 = CARTESIAN_POINT('',(0.,0.,0.));
#4229 = DIRECTION('',(-1.110223024625E-16,-1.,1.110223024625E-16));
#4230 = ADVANCED_FACE('',(#4231),#4242,.F.);
#4231 = FACE_BOUND('',#4232,.F.);
#4232 = EDGE_LOOP('',(#4233,#4234,#4240,#4241));
#4233 = ORIENTED_EDGE('',*,*,#4135,.F.);
#4234 = ORIENTED_EDGE('',*,*,#4235,.T.);
#4235 = EDGE_CURVE('',#4128,#4176,#4236,.T.);
#4236 = LINE('',#4237,#4238);
#4237 = CARTESIAN_POINT('',(-1.318613684226,3.157083336649E-15,
    14.31786499279));
#4238 = VECTOR('',#4239,1.);
#4239 = DIRECTION('',(-0.195090322016,2.415707192526E-16,0.980785280403)
  );
#4240 = ORIENTED_EDGE('',*,*,#4175,.F.);
#4241 = ORIENTED_EDGE('',*,*,#4066,.F.);
#4242 = PLANE('',#4243);
#4243 = AXIS2_PLACEMENT_3D('',#4244,#4245,#4246);
#4244 = CARTESIAN_POINT('',(-1.318613684226,3.157083336649E-15,
    14.31786499279));
#4245 = DIRECTION('',(0.744742361481,-0.650702550975,0.14813846621));
#4246 = DIRECTION('',(-0.638199483917,-0.759332726909,-0.126945770206));
#4247 = ADVANCED_FACE('',(#4248),#4259,.F.);
#4248 = FACE_BOUND('',#4249,.F.);
#4249 = EDGE_LOOP('',(#4250,#4251,#4252,#4253));
#4250 = ORIENTED_EDGE('',*,*,#4111,.F.);
#4251 = ORIENTED_EDGE('',*,*,#4161,.T.);
#4252 = ORIENTED_EDGE('',*,*,#4190,.F.);
#4253 = ORIENTED_EDGE('',*,*,#4254,.F.);
#4254 = EDGE_CURVE('',#4112,#4191,#4255,.T.);
#4255 = LINE('',#4256,#4257);
#4256 = CARTESIAN_POINT('',(-1.809006324427,1.500414361612,
    14.220319831782));
#4257 = VECTOR('',#4258,1.);
#4258 = DIRECTION('',(-0.195090322016,2.415707192526E-16,0.980785280403)
  );
#4259 = PLANE('',#4260);
#4260 = AXIS2_PLACEMENT_3D('',#4261,#4262,#4263);
#4261 = CARTESIAN_POINT('',(-0.337828403823,2.958831370873E-15,
    14.512955314807));
#4262 = DIRECTION('',(-0.693615692162,-0.707009121964,-0.13796873938));
#4263 = DIRECTION('',(-0.693424139933,0.707204426923,-0.137930637272));
#4264 = ADVANCED_FACE('',(#4265),#4276,.F.);
#4265 = FACE_BOUND('',#4266,.F.);
#4266 = EDGE_LOOP('',(#4267,#4268,#4269,#4270));
#4267 = ORIENTED_EDGE('',*,*,#4119,.F.);
#4268 = ORIENTED_EDGE('',*,*,#4254,.T.);
#4269 = ORIENTED_EDGE('',*,*,#4200,.F.);
#4270 = ORIENTED_EDGE('',*,*,#4271,.F.);
#4271 = EDGE_CURVE('',#4120,#4201,#4272,.T.);
#4272 = LINE('',#4273,#4274);
#4273 = CARTESIAN_POINT('',(-2.789791604831,1.500414361612,
    14.025229509766));
#4274 = VECTOR('',#4275,1.);
#4275 = DIRECTION('',(-0.195090322016,2.415707192526E-16,0.980785280403)
  );
#4276 = PLANE('',#4277);
#4277 = AXIS2_PLACEMENT_3D('',#4278,#4279,#4280);
#4278 = CARTESIAN_POINT('',(-1.809006324427,1.500414361612,
    14.220319831782));
#4279 = DIRECTION('',(-2.415707192526E-16,-1.,1.982519657758E-16));
#4280 = DIRECTION('',(-0.980785280403,1.982519657758E-16,-0.195090322016
    ));
#4281 = ADVANCED_FACE('',(#4282),#4288,.F.);
#4282 = FACE_BOUND('',#4283,.F.);
#4283 = EDGE_LOOP('',(#4284,#4285,#4286,#4287));
#4284 = ORIENTED_EDGE('',*,*,#4127,.F.);
#4285 = ORIENTED_EDGE('',*,*,#4271,.T.);
#4286 = ORIENTED_EDGE('',*,*,#4214,.T.);
#4287 = ORIENTED_EDGE('',*,*,#4235,.F.);
#4288 = PLANE('',#4289);
#4289 = AXIS2_PLACEMENT_3D('',#4290,#4291,#4292);
#4290 = CARTESIAN_POINT('',(-2.789791604831,1.500414361612,
    14.025229509766));
#4291 = DIRECTION('',(0.693615692162,0.707009121964,0.13796873938));
#4292 = DIRECTION('',(0.693424139933,-0.707204426923,0.137930637272));
#4293 = MANIFOLD_SOLID_BREP('',#4294);
#4294 = CLOSED_SHELL('',(#4295,#4340,#4387,#4413,#4474,#4491,#4508,#4525
    ));
#4295 = ADVANCED_FACE('',(#4296),#4335,.F.);
#4296 = FACE_BOUND('',#4297,.F.);
#4297 = EDGE_LOOP('',(#4298,#4308,#4316,#4329));
#4298 = ORIENTED_EDGE('',*,*,#4299,.F.);
#4299 = EDGE_CURVE('',#4300,#4302,#4304,.T.);
#4300 = VERTEX_POINT('',#4301);
#4301 = CARTESIAN_POINT('',(-1.717870379862E-15,-1.750414361612,14.3));
#4302 = VERTEX_POINT('',#4303);
#4303 = CARTESIAN_POINT('',(1.,-1.750414361612,14.3));
#4304 = LINE('',#4305,#4306);
#4305 = CARTESIAN_POINT('',(-1.73991498816E-15,-1.750414361612,14.3));
#4306 = VECTOR('',#4307,1.);
#4307 = DIRECTION('',(1.,-2.22044604925E-16,1.224646799147E-16));
#4308 = ORIENTED_EDGE('',*,*,#4309,.T.);
#4309 = EDGE_CURVE('',#4300,#4310,#4312,.T.);
#4310 = VERTEX_POINT('',#4311);
#4311 = CARTESIAN_POINT('',(-9.033985849709E-16,-1.750414361612,
    15.02614234685));
#4312 = LINE('',#4313,#4314);
#4313 = CARTESIAN_POINT('',(-1.717870379862E-15,-1.750414361612,14.3));
#4314 = VECTOR('',#4315,1.);
#4315 = DIRECTION('',(-1.224646799147E-16,2.22044604925E-16,1.));
#4316 = ORIENTED_EDGE('',*,*,#4317,.T.);
#4317 = EDGE_CURVE('',#4310,#4318,#4320,.T.);
#4318 = VERTEX_POINT('',#4319);
#4319 = CARTESIAN_POINT('',(1.,-1.750414361612,14.992830080668));
#4320 = B_SPLINE_CURVE_WITH_KNOTS('',7,(#4321,#4322,#4323,#4324,#4325,
    #4326,#4327,#4328),.UNSPECIFIED.,.F.,.F.,(8,8),(0.,1.),
  .PIECEWISE_BEZIER_KNOTS.);
#4321 = CARTESIAN_POINT('',(3.68034342572E-15,-1.750414361612,
    15.02614234685));
#4322 = CARTESIAN_POINT('',(0.142962838072,-1.750414361612,
    15.02614234685));
#4323 = CARTESIAN_POINT('',(0.285925594988,-1.750414361612,
    15.024555493901));
#4324 = CARTESIAN_POINT('',(0.428867405013,-1.750414361612,
    15.021381582686));
#4325 = CARTESIAN_POINT('',(0.571766543464,-1.750414361612,
    15.016621552024));
#4326 = CARTESIAN_POINT('',(0.714602852999,-1.750414361612,
    15.010275127668));
#4327 = CARTESIAN_POINT('',(0.857354232512,-1.750414361612,
    15.002344391268));
#4328 = CARTESIAN_POINT('',(1.,-1.750414361612,14.992830080668));
#4329 = ORIENTED_EDGE('',*,*,#4330,.F.);
#4330 = EDGE_CURVE('',#4302,#4318,#4331,.T.);
#4331 = LINE('',#4332,#4333);
#4332 = CARTESIAN_POINT('',(1.,-1.750414361612,14.3));
#4333 = VECTOR('',#4334,1.);
#4334 = DIRECTION('',(-1.224646799147E-16,2.22044604925E-16,1.));
#4335 = PLANE('',#4336);
#4336 = AXIS2_PLACEMENT_3D('',#4337,#4338,#4339);
#4337 = CARTESIAN_POINT('',(-1.73991498816E-15,-1.750414361612,14.3));
#4338 = DIRECTION('',(2.22044604925E-16,1.,-2.22044604925E-16));
#4339 = DIRECTION('',(1.,-2.22044604925E-16,1.224646799147E-16));
#4340 = ADVANCED_FACE('',(#4341),#4382,.T.);
#4341 = FACE_BOUND('',#4342,.F.);
#4342 = EDGE_LOOP('',(#4343,#4344,#4352,#4360,#4368,#4376));
#4343 = ORIENTED_EDGE('',*,*,#4299,.T.);
#4344 = ORIENTED_EDGE('',*,*,#4345,.T.);
#4345 = EDGE_CURVE('',#4302,#4346,#4348,.T.);
#4346 = VERTEX_POINT('',#4347);
#4347 = CARTESIAN_POINT('',(2.5,2.620126338115E-15,14.3));
#4348 = LINE('',#4349,#4350);
#4349 = CARTESIAN_POINT('',(1.,-1.750414361612,14.3));
#4350 = VECTOR('',#4351,1.);
#4351 = DIRECTION('',(0.650702550975,0.759332726909,-8.891765572833E-17)
  );
#4352 = ORIENTED_EDGE('',*,*,#4353,.T.);
#4353 = EDGE_CURVE('',#4346,#4354,#4356,.T.);
#4354 = VERTEX_POINT('',#4355);
#4355 = CARTESIAN_POINT('',(1.,1.500414361612,14.3));
#4356 = LINE('',#4357,#4358);
#4357 = CARTESIAN_POINT('',(2.5,2.620126338115E-15,14.3));
#4358 = VECTOR('',#4359,1.);
#4359 = DIRECTION('',(-0.707009121964,0.707204426923,-2.436145733955E-16
    ));
#4360 = ORIENTED_EDGE('',*,*,#4361,.T.);
#4361 = EDGE_CURVE('',#4354,#4362,#4364,.T.);
#4362 = VERTEX_POINT('',#4363);
#4363 = CARTESIAN_POINT('',(-1.418086008633E-15,1.500414361612,14.3));
#4364 = LINE('',#4365,#4366);
#4365 = CARTESIAN_POINT('',(1.,1.500414361612,14.3));
#4366 = VECTOR('',#4367,1.);
#4367 = DIRECTION('',(-1.,2.22044604925E-16,-1.224646799147E-16));
#4368 = ORIENTED_EDGE('',*,*,#4369,.T.);
#4369 = EDGE_CURVE('',#4362,#4370,#4372,.T.);
#4370 = VERTEX_POINT('',#4371);
#4371 = CARTESIAN_POINT('',(1.5,2.84217094304E-15,14.3));
#4372 = LINE('',#4373,#4374);
#4373 = CARTESIAN_POINT('',(-1.418086008633E-15,1.500414361612,14.3));
#4374 = VECTOR('',#4375,1.);
#4375 = DIRECTION('',(0.707009121964,-0.707204426923,2.436145733955E-16)
  );
#4376 = ORIENTED_EDGE('',*,*,#4377,.T.);
#4377 = EDGE_CURVE('',#4370,#4300,#4378,.T.);
#4378 = LINE('',#4379,#4380);
#4379 = CARTESIAN_POINT('',(1.5,2.84217094304E-15,14.3));
#4380 = VECTOR('',#4381,1.);
#4381 = DIRECTION('',(-0.650702550975,-0.759332726909,8.891765572833E-17
    ));
#4382 = PLANE('',#4383);
#4383 = AXIS2_PLACEMENT_3D('',#4384,#4385,#4386);
#4384 = CARTESIAN_POINT('',(1.111797366489,-0.101510508611,14.3));
#4385 = DIRECTION('',(1.224646799147E-16,-2.22044604925E-16,-1.));
#4386 = DIRECTION('',(-1.,2.22044604925E-16,-1.224646799147E-16));
#4387 = ADVANCED_FACE('',(#4388),#4408,.F.);
#4388 = FACE_BOUND('',#4389,.F.);
#4389 = EDGE_LOOP('',(#4390,#4391,#4392,#4402));
#4390 = ORIENTED_EDGE('',*,*,#4345,.F.);
#4391 = ORIENTED_EDGE('',*,*,#4330,.T.);
#4392 = ORIENTED_EDGE('',*,*,#4393,.F.);
#4393 = EDGE_CURVE('',#4394,#4318,#4396,.T.);
#4394 = VERTEX_POINT('',#4395);
#4395 = CARTESIAN_POINT('',(2.5,2.749652814271E-15,14.88333538975));
#4396 = B_SPLINE_CURVE_WITH_KNOTS('',4,(#4397,#4398,#4399,#4400,#4401),
  .UNSPECIFIED.,.F.,.F.,(5,5),(0.,1.),.PIECEWISE_BEZIER_KNOTS.);
#4397 = CARTESIAN_POINT('',(2.5,2.6645352591E-15,14.88333538975));
#4398 = CARTESIAN_POINT('',(2.126567501899,-0.435774405179,
    14.946062004714));
#4399 = CARTESIAN_POINT('',(1.751457341803,-0.873506546124,
    14.985229885501));
#4400 = CARTESIAN_POINT('',(1.375622425469,-1.312084436222,
    15.000800216743));
#4401 = CARTESIAN_POINT('',(1.,-1.750414361612,14.992830080668));
#4402 = ORIENTED_EDGE('',*,*,#4403,.F.);
#4403 = EDGE_CURVE('',#4346,#4394,#4404,.T.);
#4404 = LINE('',#4405,#4406);
#4405 = CARTESIAN_POINT('',(2.5,2.620126338115E-15,14.3));
#4406 = VECTOR('',#4407,1.);
#4407 = DIRECTION('',(-1.224646799147E-16,2.22044604925E-16,1.));
#4408 = PLANE('',#4409);
#4409 = AXIS2_PLACEMENT_3D('',#4410,#4411,#4412);
#4410 = CARTESIAN_POINT('',(1.,-1.750414361612,14.3));
#4411 = DIRECTION('',(-0.759332726909,0.650702550975,-2.374764302046E-16
    ));
#4412 = DIRECTION('',(0.650702550975,0.759332726909,-8.891765572833E-17)
  );
#4413 = ADVANCED_FACE('',(#4414),#4465,.T.);
#4414 = FACE_BOUND('',#4415,.T.);
#4415 = EDGE_LOOP('',(#4416,#4431,#4444,#4455,#4456,#4457));
#4416 = ORIENTED_EDGE('',*,*,#4417,.F.);
#4417 = EDGE_CURVE('',#4418,#4420,#4422,.T.);
#4418 = VERTEX_POINT('',#4419);
#4419 = CARTESIAN_POINT('',(-7.545745707264E-16,1.500414361612,
    15.043586909168));
#4420 = VERTEX_POINT('',#4421);
#4421 = CARTESIAN_POINT('',(1.,1.500414361612,15.010313357611));
#4422 = B_SPLINE_CURVE_WITH_KNOTS('',7,(#4423,#4424,#4425,#4426,#4427,
    #4428,#4429,#4430),.UNSPECIFIED.,.F.,.F.,(8,8),(0.,1.),
  .PIECEWISE_BEZIER_KNOTS.);
#4423 = CARTESIAN_POINT('',(3.774758283726E-15,1.500414361612,
    15.043586909168));
#4424 = CARTESIAN_POINT('',(0.142962592918,1.500414361612,
    15.043586909168));
#4425 = CARTESIAN_POINT('',(0.285925103993,1.500414361612,
    15.042001902032));
#4426 = CARTESIAN_POINT('',(0.428866718692,1.500414361612,
    15.038831681013));
#4427 = CARTESIAN_POINT('',(0.57176575715,1.500414361612,15.034077187915
    ));
#4428 = CARTESIAN_POINT('',(0.714602118176,1.500414361612,
    15.027738138768));
#4429 = CARTESIAN_POINT('',(0.857353742397,1.500414361612,
    15.019816619526));
#4430 = CARTESIAN_POINT('',(1.,1.500414361612,15.010313357611));
#4431 = ORIENTED_EDGE('',*,*,#4432,.T.);
#4432 = EDGE_CURVE('',#4418,#4433,#4435,.T.);
#4433 = VERTEX_POINT('',#4434);
#4434 = CARTESIAN_POINT('',(1.5,3.001401937956E-15,15.017112649367));
#4435 = B_SPLINE_CURVE_WITH_KNOTS('',4,(#4436,#4437,#4438,#4439,#4440,
    #4441,#4442,#4443),.UNSPECIFIED.,.F.,.F.,(5,3,5),(0.,0.119829030362,
    1.),.UNSPECIFIED.);
#4436 = CARTESIAN_POINT('',(3.671440376987E-15,1.500414361612,
    15.043586909168));
#4437 = CARTESIAN_POINT('',(4.491789279068E-02,1.455484060654,
    15.046479879154));
#4438 = CARTESIAN_POINT('',(8.984528499994E-02,1.410544257654,
    15.049078650312));
#4439 = CARTESIAN_POINT('',(0.134780728613,1.365596401025,
    15.051383141542));
#4440 = CARTESIAN_POINT('',(0.509832138388,0.990441386646,
    15.068158259276));
#4441 = CARTESIAN_POINT('',(0.840297644946,0.659884591942,
    15.067042648527));
#4442 = CARTESIAN_POINT('',(1.170545849058,0.329545159711,
    15.050020522741));
#4443 = CARTESIAN_POINT('',(1.5,3.10862446895E-15,15.017112649367));
#4444 = ORIENTED_EDGE('',*,*,#4445,.T.);
#4445 = EDGE_CURVE('',#4433,#4310,#4446,.T.);
#4446 = B_SPLINE_CURVE_WITH_KNOTS('',4,(#4447,#4448,#4449,#4450,#4451,
    #4452,#4453,#4454),.UNSPECIFIED.,.F.,.F.,(5,3,5),(0.,0.859040906738,
    1.),.UNSPECIFIED.);
#4447 = CARTESIAN_POINT('',(1.5,3.001401937956E-15,15.017112649367));
#4448 = CARTESIAN_POINT('',(1.178336587072,-0.375362838397,
    15.049242335802));
#4449 = CARTESIAN_POINT('',(0.8559409866,-0.751580097853,15.0640816431)
  );
#4450 = CARTESIAN_POINT('',(0.533405921918,-1.127960104082,
    15.061616483176));
#4451 = CARTESIAN_POINT('',(0.158469223548,-1.565489825097,
    15.038645319275));
#4452 = CARTESIAN_POINT('',(0.105630582544,-1.627149502471,
    15.034942380213));
#4453 = CARTESIAN_POINT('',(5.280664048472E-02,-1.688792027016,
    15.030774657124));
#4454 = CARTESIAN_POINT('',(2.442490654175E-15,-1.750414361612,
    15.02614234685));
#4455 = ORIENTED_EDGE('',*,*,#4317,.T.);
#4456 = ORIENTED_EDGE('',*,*,#4393,.F.);
#4457 = ORIENTED_EDGE('',*,*,#4458,.F.);
#4458 = EDGE_CURVE('',#4420,#4394,#4459,.T.);
#4459 = B_SPLINE_CURVE_WITH_KNOTS('',4,(#4460,#4461,#4462,#4463,#4464),
  .UNSPECIFIED.,.F.,.F.,(5,5),(0.,1.),.PIECEWISE_BEZIER_KNOTS.);
#4460 = CARTESIAN_POINT('',(1.,1.500414361612,15.010313357611));
#4461 = CARTESIAN_POINT('',(1.375884047701,1.124426479297,
    15.009534392587));
#4462 = CARTESIAN_POINT('',(1.751747580082,0.74845911797,14.988116912421
    ));
#4463 = CARTESIAN_POINT('',(2.126740167083,0.373362942614,14.94603300296
    ));
#4464 = CARTESIAN_POINT('',(2.5,2.749652814271E-15,14.88333538975));
#4465 = SURFACE_OF_REVOLUTION('',#4466,#4471);
#4466 = CIRCLE('',#4467,23.350974086829);
#4467 = AXIS2_PLACEMENT_3D('',#4468,#4469,#4470);
#4468 = CARTESIAN_POINT('',(0.,-1.088741204263E-14,-8.259132836545));
#4469 = DIRECTION('',(1.,0.,0.));
#4470 = DIRECTION('',(0.,1.,0.));
#4471 = AXIS1_PLACEMENT('',#4472,#4473);
#4472 = CARTESIAN_POINT('',(0.,0.,0.));
#4473 = DIRECTION('',(-1.110223024625E-16,-1.,1.110223024625E-16));
#4474 = ADVANCED_FACE('',(#4475),#4486,.F.);
#4475 = FACE_BOUND('',#4476,.F.);
#4476 = EDGE_LOOP('',(#4477,#4478,#4484,#4485));
#4477 = ORIENTED_EDGE('',*,*,#4377,.F.);
#4478 = ORIENTED_EDGE('',*,*,#4479,.T.);
#4479 = EDGE_CURVE('',#4370,#4433,#4480,.T.);
#4480 = LINE('',#4481,#4482);
#4481 = CARTESIAN_POINT('',(1.5,2.84217094304E-15,14.3));
#4482 = VECTOR('',#4483,1.);
#4483 = DIRECTION('',(-1.224646799147E-16,2.22044604925E-16,1.));
#4484 = ORIENTED_EDGE('',*,*,#4445,.T.);
#4485 = ORIENTED_EDGE('',*,*,#4309,.F.);
#4486 = PLANE('',#4487);
#4487 = AXIS2_PLACEMENT_3D('',#4488,#4489,#4490);
#4488 = CARTESIAN_POINT('',(1.5,2.84217094304E-15,14.3));
#4489 = DIRECTION('',(0.759332726909,-0.650702550975,2.374764302046E-16)
  );
#4490 = DIRECTION('',(-0.650702550975,-0.759332726909,8.891765572833E-17
    ));
#4491 = ADVANCED_FACE('',(#4492),#4503,.F.);
#4492 = FACE_BOUND('',#4493,.F.);
#4493 = EDGE_LOOP('',(#4494,#4495,#4496,#4497));
#4494 = ORIENTED_EDGE('',*,*,#4353,.F.);
#4495 = ORIENTED_EDGE('',*,*,#4403,.T.);
#4496 = ORIENTED_EDGE('',*,*,#4458,.F.);
#4497 = ORIENTED_EDGE('',*,*,#4498,.F.);
#4498 = EDGE_CURVE('',#4354,#4420,#4499,.T.);
#4499 = LINE('',#4500,#4501);
#4500 = CARTESIAN_POINT('',(1.,1.500414361612,14.3));
#4501 = VECTOR('',#4502,1.);
#4502 = DIRECTION('',(-1.224646799147E-16,2.22044604925E-16,1.));
#4503 = PLANE('',#4504);
#4504 = AXIS2_PLACEMENT_3D('',#4505,#4506,#4507);
#4505 = CARTESIAN_POINT('',(2.5,2.620126338115E-15,14.3));
#4506 = DIRECTION('',(-0.707204426923,-0.707009121964,7.037999738741E-17
    ));
#4507 = DIRECTION('',(-0.707009121964,0.707204426923,-2.436145733955E-16
    ));
#4508 = ADVANCED_FACE('',(#4509),#4520,.F.);
#4509 = FACE_BOUND('',#4510,.F.);
#4510 = EDGE_LOOP('',(#4511,#4512,#4513,#4514));
#4511 = ORIENTED_EDGE('',*,*,#4361,.F.);
#4512 = ORIENTED_EDGE('',*,*,#4498,.T.);
#4513 = ORIENTED_EDGE('',*,*,#4417,.F.);
#4514 = ORIENTED_EDGE('',*,*,#4515,.F.);
#4515 = EDGE_CURVE('',#4362,#4418,#4516,.T.);
#4516 = LINE('',#4517,#4518);
#4517 = CARTESIAN_POINT('',(-1.418086008633E-15,1.500414361612,14.3));
#4518 = VECTOR('',#4519,1.);
#4519 = DIRECTION('',(-1.224646799147E-16,2.22044604925E-16,1.));
#4520 = PLANE('',#4521);
#4521 = AXIS2_PLACEMENT_3D('',#4522,#4523,#4524);
#4522 = CARTESIAN_POINT('',(1.,1.500414361612,14.3));
#4523 = DIRECTION('',(-2.22044604925E-16,-1.,2.22044604925E-16));
#4524 = DIRECTION('',(-1.,2.22044604925E-16,-1.224646799147E-16));
#4525 = ADVANCED_FACE('',(#4526),#4532,.F.);
#4526 = FACE_BOUND('',#4527,.F.);
#4527 = EDGE_LOOP('',(#4528,#4529,#4530,#4531));
#4528 = ORIENTED_EDGE('',*,*,#4369,.F.);
#4529 = ORIENTED_EDGE('',*,*,#4515,.T.);
#4530 = ORIENTED_EDGE('',*,*,#4432,.T.);
#4531 = ORIENTED_EDGE('',*,*,#4479,.F.);
#4532 = PLANE('',#4533);
#4533 = AXIS2_PLACEMENT_3D('',#4534,#4535,#4536);
#4534 = CARTESIAN_POINT('',(-1.418086008633E-15,1.500414361612,14.3));
#4535 = DIRECTION('',(0.707204426923,0.707009121964,-7.037999738741E-17)
  );
#4536 = DIRECTION('',(0.707009121964,-0.707204426923,2.436145733955E-16)
  );
#4537 = MANIFOLD_SOLID_BREP('',#4538);
#4538 = CLOSED_SHELL('',(#4539,#4584,#4631,#4657,#4715,#4732,#4749,#4766
    ));
#4539 = ADVANCED_FACE('',(#4540),#4579,.F.);
#4540 = FACE_BOUND('',#4541,.F.);
#4541 = EDGE_LOOP('',(#4542,#4552,#4560,#4573));
#4542 = ORIENTED_EDGE('',*,*,#4543,.F.);
#4543 = EDGE_CURVE('',#4544,#4546,#4548,.T.);
#4544 = VERTEX_POINT('',#4545);
#4545 = CARTESIAN_POINT('',(2.789791604831,-1.750414361612,
    14.025229509766));
#4546 = VERTEX_POINT('',#4547);
#4547 = CARTESIAN_POINT('',(3.770576885234,-1.750414361612,
    13.83013918775));
#4548 = LINE('',#4549,#4550);
#4549 = CARTESIAN_POINT('',(2.789791604831,-1.750414361612,
    14.025229509766));
#4550 = VECTOR('',#4551,1.);
#4551 = DIRECTION('',(0.980785280403,-2.415707192526E-16,-0.195090322016
    ));
#4552 = ORIENTED_EDGE('',*,*,#4553,.T.);
#4553 = EDGE_CURVE('',#4544,#4554,#4556,.T.);
#4554 = VERTEX_POINT('',#4555);
#4555 = CARTESIAN_POINT('',(2.931454949107,-1.750414361612,
    14.737419235034));
#4556 = LINE('',#4557,#4558);
#4557 = CARTESIAN_POINT('',(2.789791604831,-1.750414361612,
    14.025229509766));
#4558 = VECTOR('',#4559,1.);
#4559 = DIRECTION('',(0.195090322016,1.982519657758E-16,0.980785280403)
  );
#4560 = ORIENTED_EDGE('',*,*,#4561,.T.);
#4561 = EDGE_CURVE('',#4554,#4562,#4564,.T.);
#4562 = VERTEX_POINT('',#4563);
#4563 = CARTESIAN_POINT('',(3.905741328774,-1.750414361612,
    14.50965673269));
#4564 = B_SPLINE_CURVE_WITH_KNOTS('',7,(#4565,#4566,#4567,#4568,#4569,
    #4570,#4571,#4572),.UNSPECIFIED.,.F.,.F.,(8,8),(0.,1.),
  .PIECEWISE_BEZIER_KNOTS.);
#4565 = CARTESIAN_POINT('',(2.931454949107,-1.750414361612,
    14.737419235034));
#4566 = CARTESIAN_POINT('',(3.071670707671,-1.750414361612,
    14.709528585989));
#4567 = CARTESIAN_POINT('',(3.211576935464,-1.750414361612,
    14.680081554427));
#4568 = CARTESIAN_POINT('',(3.351152939034,-1.750414361612,
    14.649082132811));
#4569 = CARTESIAN_POINT('',(3.490377794862,-1.750414361612,
    14.616535173882));
#4570 = CARTESIAN_POINT('',(3.629231286721,-1.750414361612,
    14.582444877594));
#4571 = CARTESIAN_POINT('',(3.76769254341,-1.750414361612,
    14.546817032863));
#4572 = CARTESIAN_POINT('',(3.905741328774,-1.750414361612,
    14.50965673269));
#4573 = ORIENTED_EDGE('',*,*,#4574,.F.);
#4574 = EDGE_CURVE('',#4546,#4562,#4575,.T.);
#4575 = LINE('',#4576,#4577);
#4576 = CARTESIAN_POINT('',(3.770576885234,-1.750414361612,
    13.83013918775));
#4577 = VECTOR('',#4578,1.);
#4578 = DIRECTION('',(0.195090322016,1.982519657758E-16,0.980785280403)
  );
#4579 = PLANE('',#4580);
#4580 = AXIS2_PLACEMENT_3D('',#4581,#4582,#4583);
#4581 = CARTESIAN_POINT('',(2.789791604831,-1.750414361612,
    14.025229509766));
#4582 = DIRECTION('',(1.982519657758E-16,1.,-2.415707192526E-16));
#4583 = DIRECTION('',(0.980785280403,-2.415707192526E-16,-0.195090322016
    ));
#4584 = ADVANCED_FACE('',(#4585),#4626,.T.);
#4585 = FACE_BOUND('',#4586,.F.);
#4586 = EDGE_LOOP('',(#4587,#4588,#4596,#4604,#4612,#4620));
#4587 = ORIENTED_EDGE('',*,*,#4543,.T.);
#4588 = ORIENTED_EDGE('',*,*,#4589,.T.);
#4589 = EDGE_CURVE('',#4546,#4590,#4592,.T.);
#4590 = VERTEX_POINT('',#4591);
#4591 = CARTESIAN_POINT('',(5.241754805839,2.231076312463E-15,
    13.537503704726));
#4592 = LINE('',#4593,#4594);
#4593 = CARTESIAN_POINT('',(3.770576885234,-1.750414361612,
    13.83013918775));
#4594 = VECTOR('',#4595,1.);
#4595 = DIRECTION('',(0.638199483917,0.759332726909,-0.126945770206));
#4596 = ORIENTED_EDGE('',*,*,#4597,.T.);
#4597 = EDGE_CURVE('',#4590,#4598,#4600,.T.);
#4598 = VERTEX_POINT('',#4599);
#4599 = CARTESIAN_POINT('',(3.770576885234,1.500414361612,13.83013918775
    ));
#4600 = LINE('',#4601,#4602);
#4601 = CARTESIAN_POINT('',(5.241754805839,2.231076312463E-15,
    13.537503704726));
#4602 = VECTOR('',#4603,1.);
#4603 = DIRECTION('',(-0.693424139933,0.707204426923,0.137930637272));
#4604 = ORIENTED_EDGE('',*,*,#4605,.T.);
#4605 = EDGE_CURVE('',#4598,#4606,#4608,.T.);
#4606 = VERTEX_POINT('',#4607);
#4607 = CARTESIAN_POINT('',(2.789791604831,1.500414361612,
    14.025229509766));
#4608 = LINE('',#4609,#4610);
#4609 = CARTESIAN_POINT('',(3.770576885234,1.500414361612,13.83013918775
    ));
#4610 = VECTOR('',#4611,1.);
#4611 = DIRECTION('',(-0.980785280403,2.415707192526E-16,0.195090322016)
  );
#4612 = ORIENTED_EDGE('',*,*,#4613,.T.);
#4613 = EDGE_CURVE('',#4606,#4614,#4616,.T.);
#4614 = VERTEX_POINT('',#4615);
#4615 = CARTESIAN_POINT('',(4.260969525435,2.472647031716E-15,
    13.732594026742));
#4616 = LINE('',#4617,#4618);
#4617 = CARTESIAN_POINT('',(2.789791604831,1.500414361612,
    14.025229509766));
#4618 = VECTOR('',#4619,1.);
#4619 = DIRECTION('',(0.693424139933,-0.707204426923,-0.137930637272));
#4620 = ORIENTED_EDGE('',*,*,#4621,.T.);
#4621 = EDGE_CURVE('',#4614,#4544,#4622,.T.);
#4622 = LINE('',#4623,#4624);
#4623 = CARTESIAN_POINT('',(4.260969525435,2.472647031716E-15,
    13.732594026742));
#4624 = VECTOR('',#4625,1.);
#4625 = DIRECTION('',(-0.638199483917,-0.759332726909,0.126945770206));
#4626 = PLANE('',#4627);
#4627 = AXIS2_PLACEMENT_3D('',#4628,#4629,#4630);
#4628 = CARTESIAN_POINT('',(3.880226096674,-0.101510508611,
    13.808328603521));
#4629 = DIRECTION('',(-0.195090322016,-1.982519657758E-16,
    -0.980785280403));
#4630 = DIRECTION('',(-0.980785280403,2.415707192526E-16,0.195090322016)
  );
#4631 = ADVANCED_FACE('',(#4632),#4652,.F.);
#4632 = FACE_BOUND('',#4633,.F.);
#4633 = EDGE_LOOP('',(#4634,#4635,#4636,#4646));
#4634 = ORIENTED_EDGE('',*,*,#4589,.F.);
#4635 = ORIENTED_EDGE('',*,*,#4574,.T.);
#4636 = ORIENTED_EDGE('',*,*,#4637,.F.);
#4637 = EDGE_CURVE('',#4638,#4562,#4640,.T.);
#4638 = VERTEX_POINT('',#4639);
#4639 = CARTESIAN_POINT('',(5.355557894868,2.346723700187E-15,
    14.109630468531));
#4640 = B_SPLINE_CURVE_WITH_KNOTS('',4,(#4641,#4642,#4643,#4644,#4645),
  .UNSPECIFIED.,.F.,.F.,(5,5),(0.,1.),.PIECEWISE_BEZIER_KNOTS.);
#4641 = CARTESIAN_POINT('',(5.355557894868,2.886579864025E-15,
    14.109630468531));
#4642 = CARTESIAN_POINT('',(5.001538153019,-0.435774405179,
    14.244004875483));
#4643 = CARTESIAN_POINT('',(4.641276903943,-0.873506546124,
    14.355600518348));
#4644 = CARTESIAN_POINT('',(4.275701171077,-1.312084436222,
    14.444193424894));
#4645 = CARTESIAN_POINT('',(3.905741328774,-1.750414361612,
    14.50965673269));
#4646 = ORIENTED_EDGE('',*,*,#4647,.F.);
#4647 = EDGE_CURVE('',#4590,#4638,#4648,.T.);
#4648 = LINE('',#4649,#4650);
#4649 = CARTESIAN_POINT('',(5.241754805839,2.231076312463E-15,
    13.537503704726));
#4650 = VECTOR('',#4651,1.);
#4651 = DIRECTION('',(0.195090322016,1.982519657758E-16,0.980785280403)
  );
#4652 = PLANE('',#4653);
#4653 = AXIS2_PLACEMENT_3D('',#4654,#4655,#4656);
#4654 = CARTESIAN_POINT('',(3.770576885234,-1.750414361612,
    13.83013918775));
#4655 = DIRECTION('',(-0.744742361481,0.650702550975,0.14813846621));
#4656 = DIRECTION('',(0.638199483917,0.759332726909,-0.126945770206));
#4657 = ADVANCED_FACE('',(#4658),#4706,.T.);
#4658 = FACE_BOUND('',#4659,.T.);
#4659 = EDGE_LOOP('',(#4660,#4673,#4674,#4675,#4685,#4698));
#4660 = ORIENTED_EDGE('',*,*,#4661,.T.);
#4661 = EDGE_CURVE('',#4662,#4554,#4664,.T.);
#4662 = VERTEX_POINT('',#4663);
#4663 = CARTESIAN_POINT('',(4.400871263122,2.614816024135E-15,
    14.435927557632));
#4664 = B_SPLINE_CURVE_WITH_KNOTS('',4,(#4665,#4666,#4667,#4668,#4669,
    #4670,#4671,#4672),.UNSPECIFIED.,.F.,.F.,(5,3,5),(0.,0.859040906687,
    1.),.UNSPECIFIED.);
#4665 = CARTESIAN_POINT('',(4.400871263122,2.614816024135E-15,
    14.435927557632));
#4666 = CARTESIAN_POINT('',(4.091656713351,-0.375362838397,
    14.530193299961));
#4667 = CARTESIAN_POINT('',(3.778350859181,-0.751580097853,
    14.607643735642));
#4668 = CARTESIAN_POINT('',(3.461532286484,-1.127960104082,
    14.668149412705));
#4669 = CARTESIAN_POINT('',(3.089318439854,-1.565489825124,
    14.718766154501));
#4670 = CARTESIAN_POINT('',(3.036772670816,-1.627149502621,
    14.725442673744));
#4671 = CARTESIAN_POINT('',(2.984150643748,-1.688792027003,
    14.731660472425));
#4672 = CARTESIAN_POINT('',(2.931454949107,-1.750414361612,
    14.737419235034));
#4673 = ORIENTED_EDGE('',*,*,#4561,.T.);
#4674 = ORIENTED_EDGE('',*,*,#4637,.F.);
#4675 = ORIENTED_EDGE('',*,*,#4676,.F.);
#4676 = EDGE_CURVE('',#4677,#4638,#4679,.T.);
#4677 = VERTEX_POINT('',#4678);
#4678 = CARTESIAN_POINT('',(3.909152146903,1.500414361612,
    14.526804073369));
#4679 = B_SPLINE_CURVE_WITH_KNOTS('',4,(#4680,#4681,#4682,#4683,#4684),
  .UNSPECIFIED.,.F.,.F.,(5,5),(0.,1.),.PIECEWISE_BEZIER_KNOTS.);
#4680 = CARTESIAN_POINT('',(3.909152146903,1.500414361612,
    14.526804073369));
#4681 = CARTESIAN_POINT('',(4.277661719274,1.124426479542,
    14.452708736206));
#4682 = CARTESIAN_POINT('',(4.642124796782,0.7484591178,14.358375450292)
  );
#4683 = CARTESIAN_POINT('',(5.001701842053,0.373362942798,
    14.243942744233));
#4684 = CARTESIAN_POINT('',(5.355557894868,2.346723700187E-15,
    14.109630468531));
#4685 = ORIENTED_EDGE('',*,*,#4686,.F.);
#4686 = EDGE_CURVE('',#4687,#4677,#4689,.T.);
#4687 = VERTEX_POINT('',#4688);
#4688 = CARTESIAN_POINT('',(2.934858214387,1.500414361612,
    14.754528604978));
#4689 = B_SPLINE_CURVE_WITH_KNOTS('',7,(#4690,#4691,#4692,#4693,#4694,
    #4695,#4696,#4697),.UNSPECIFIED.,.F.,.F.,(8,8),(0.,1.),
  .PIECEWISE_BEZIER_KNOTS.);
#4690 = CARTESIAN_POINT('',(2.934858214387,1.500414361612,
    14.754528604978));
#4691 = CARTESIAN_POINT('',(3.049142449366,1.500414361612,
    14.731796056784));
#4692 = CARTESIAN_POINT('',(3.19145895558,1.500414361612,14.702415638911
    ));
#4693 = CARTESIAN_POINT('',(3.345345805034,1.500414361612,14.66869419424
    ));
#4694 = CARTESIAN_POINT('',(3.499065301525,1.500414361612,14.63262164703
    ));
#4695 = CARTESIAN_POINT('',(3.645527805992,1.500414361612,
    14.596351005154));
#4696 = CARTESIAN_POINT('',(3.781851372495,1.500414361612,
    14.561060640787));
#4697 = CARTESIAN_POINT('',(3.909152146903,1.500414361612,
    14.526804073369));
#4698 = ORIENTED_EDGE('',*,*,#4699,.T.);
#4699 = EDGE_CURVE('',#4687,#4662,#4700,.T.);
#4700 = B_SPLINE_CURVE_WITH_KNOTS('',4,(#4701,#4702,#4703,#4704,#4705),
  .UNSPECIFIED.,.F.,.F.,(5,5),(0.,1.),.PIECEWISE_BEZIER_KNOTS.);
#4701 = CARTESIAN_POINT('',(2.934858214387,1.500414361612,
    14.754528604978));
#4702 = CARTESIAN_POINT('',(3.307215399235,1.125460957613,
    14.705077617243));
#4703 = CARTESIAN_POINT('',(3.676224066984,0.749846014813,
    14.635402497693));
#4704 = CARTESIAN_POINT('',(4.041050499981,0.374410412648,
    14.545620880104));
#4705 = CARTESIAN_POINT('',(4.400871263122,2.442490654175E-15,
    14.435927557632));
#4706 = SURFACE_OF_REVOLUTION('',#4707,#4712);
#4707 = CIRCLE('',#4708,23.350974086829);
#4708 = AXIS2_PLACEMENT_3D('',#4709,#4710,#4711);
#4709 = CARTESIAN_POINT('',(0.,-1.088741204263E-14,-8.259132836545));
#4710 = DIRECTION('',(1.,0.,0.));
#4711 = DIRECTION('',(0.,1.,0.));
#4712 = AXIS1_PLACEMENT('',#4713,#4714);
#4713 = CARTESIAN_POINT('',(0.,0.,0.));
#4714 = DIRECTION('',(-1.110223024625E-16,-1.,1.110223024625E-16));
#4715 = ADVANCED_FACE('',(#4716),#4727,.F.);
#4716 = FACE_BOUND('',#4717,.F.);
#4717 = EDGE_LOOP('',(#4718,#4719,#4725,#4726));
#4718 = ORIENTED_EDGE('',*,*,#4621,.F.);
#4719 = ORIENTED_EDGE('',*,*,#4720,.T.);
#4720 = EDGE_CURVE('',#4614,#4662,#4721,.T.);
#4721 = LINE('',#4722,#4723);
#4722 = CARTESIAN_POINT('',(4.260969525435,2.472647031716E-15,
    13.732594026742));
#4723 = VECTOR('',#4724,1.);
#4724 = DIRECTION('',(0.195090322016,1.982519657758E-16,0.980785280403)
  );
#4725 = ORIENTED_EDGE('',*,*,#4661,.T.);
#4726 = ORIENTED_EDGE('',*,*,#4553,.F.);
#4727 = PLANE('',#4728);
#4728 = AXIS2_PLACEMENT_3D('',#4729,#4730,#4731);
#4729 = CARTESIAN_POINT('',(4.260969525435,2.472647031716E-15,
    13.732594026742));
#4730 = DIRECTION('',(0.744742361481,-0.650702550975,-0.14813846621));
#4731 = DIRECTION('',(-0.638199483917,-0.759332726909,0.126945770206));
#4732 = ADVANCED_FACE('',(#4733),#4744,.F.);
#4733 = FACE_BOUND('',#4734,.F.);
#4734 = EDGE_LOOP('',(#4735,#4736,#4737,#4738));
#4735 = ORIENTED_EDGE('',*,*,#4597,.F.);
#4736 = ORIENTED_EDGE('',*,*,#4647,.T.);
#4737 = ORIENTED_EDGE('',*,*,#4676,.F.);
#4738 = ORIENTED_EDGE('',*,*,#4739,.F.);
#4739 = EDGE_CURVE('',#4598,#4677,#4740,.T.);
#4740 = LINE('',#4741,#4742);
#4741 = CARTESIAN_POINT('',(3.770576885234,1.500414361612,13.83013918775
    ));
#4742 = VECTOR('',#4743,1.);
#4743 = DIRECTION('',(0.195090322016,1.982519657758E-16,0.980785280403)
  );
#4744 = PLANE('',#4745);
#4745 = AXIS2_PLACEMENT_3D('',#4746,#4747,#4748);
#4746 = CARTESIAN_POINT('',(5.241754805839,2.231076312463E-15,
    13.537503704726));
#4747 = DIRECTION('',(-0.693615692162,-0.707009121964,0.13796873938));
#4748 = DIRECTION('',(-0.693424139933,0.707204426923,0.137930637272));
#4749 = ADVANCED_FACE('',(#4750),#4761,.F.);
#4750 = FACE_BOUND('',#4751,.F.);
#4751 = EDGE_LOOP('',(#4752,#4753,#4754,#4755));
#4752 = ORIENTED_EDGE('',*,*,#4605,.F.);
#4753 = ORIENTED_EDGE('',*,*,#4739,.T.);
#4754 = ORIENTED_EDGE('',*,*,#4686,.F.);
#4755 = ORIENTED_EDGE('',*,*,#4756,.F.);
#4756 = EDGE_CURVE('',#4606,#4687,#4757,.T.);
#4757 = LINE('',#4758,#4759);
#4758 = CARTESIAN_POINT('',(2.789791604831,1.500414361612,
    14.025229509766));
#4759 = VECTOR('',#4760,1.);
#4760 = DIRECTION('',(0.195090322016,1.982519657758E-16,0.980785280403)
  );
#4761 = PLANE('',#4762);
#4762 = AXIS2_PLACEMENT_3D('',#4763,#4764,#4765);
#4763 = CARTESIAN_POINT('',(3.770576885234,1.500414361612,13.83013918775
    ));
#4764 = DIRECTION('',(-1.982519657758E-16,-1.,2.415707192526E-16));
#4765 = DIRECTION('',(-0.980785280403,2.415707192526E-16,0.195090322016)
  );
#4766 = ADVANCED_FACE('',(#4767),#4773,.F.);
#4767 = FACE_BOUND('',#4768,.F.);
#4768 = EDGE_LOOP('',(#4769,#4770,#4771,#4772));
#4769 = ORIENTED_EDGE('',*,*,#4613,.F.);
#4770 = ORIENTED_EDGE('',*,*,#4756,.T.);
#4771 = ORIENTED_EDGE('',*,*,#4699,.T.);
#4772 = ORIENTED_EDGE('',*,*,#4720,.F.);
#4773 = PLANE('',#4774);
#4774 = AXIS2_PLACEMENT_3D('',#4775,#4776,#4777);
#4775 = CARTESIAN_POINT('',(2.789791604831,1.500414361612,
    14.025229509766));
#4776 = DIRECTION('',(0.693615692162,0.707009121964,-0.13796873938));
#4777 = DIRECTION('',(0.693424139933,-0.707204426923,-0.137930637272));
#4778 = MANIFOLD_SOLID_BREP('',#4779);
#4779 = CLOSED_SHELL('',(#4780,#4826,#4873,#4899,#4958,#4975,#4992,#5009
    ));
#4780 = ADVANCED_FACE('',(#4781),#4821,.F.);
#4781 = FACE_BOUND('',#4782,.F.);
#4782 = EDGE_LOOP('',(#4783,#4793,#4801,#4815));
#4783 = ORIENTED_EDGE('',*,*,#4784,.F.);
#4784 = EDGE_CURVE('',#4785,#4787,#4789,.T.);
#4785 = VERTEX_POINT('',#4786);
#4786 = CARTESIAN_POINT('',(5.472373082821,-1.750414361612,
    13.211477314911));
#4787 = VERTEX_POINT('',#4788);
#4788 = CARTESIAN_POINT('',(6.396252615332,-1.750414361612,
    12.828793882546));
#4789 = LINE('',#4790,#4791);
#4790 = CARTESIAN_POINT('',(5.472373082821,-1.750414361612,
    13.211477314911));
#4791 = VECTOR('',#4792,1.);
#4792 = DIRECTION('',(0.923879532511,-2.560799311353E-16,-0.382683432365
    ));
#4793 = ORIENTED_EDGE('',*,*,#4794,.T.);
#4794 = EDGE_CURVE('',#4785,#4795,#4797,.T.);
#4795 = VERTEX_POINT('',#4796);
#4796 = CARTESIAN_POINT('',(5.750255728499,-1.750414361612,
    13.882345366856));
#4797 = LINE('',#4798,#4799);
#4798 = CARTESIAN_POINT('',(5.472373082821,-1.750414361612,
    13.211477314911));
#4799 = VECTOR('',#4800,1.);
#4800 = DIRECTION('',(0.382683432365,1.711071395845E-16,0.923879532511)
  );
#4801 = ORIENTED_EDGE('',*,*,#4802,.T.);
#4802 = EDGE_CURVE('',#4795,#4803,#4805,.T.);
#4803 = VERTEX_POINT('',#4804);
#4804 = CARTESIAN_POINT('',(6.661387208648,-1.750414361612,
    13.468885413584));
#4805 = B_SPLINE_CURVE_WITH_KNOTS('',8,(#4806,#4807,#4808,#4809,#4810,
    #4811,#4812,#4813,#4814),.UNSPECIFIED.,.F.,.F.,(9,9),(0.,1.),
  .PIECEWISE_BEZIER_KNOTS.);
#4806 = CARTESIAN_POINT('',(5.750255728499,-1.750414361612,
    13.882345366856));
#4807 = CARTESIAN_POINT('',(5.865826020829,-1.750414361612,
    13.834474584365));
#4808 = CARTESIAN_POINT('',(5.98094093729,-1.750414361612,
    13.785504191625));
#4809 = CARTESIAN_POINT('',(6.095588170137,-1.750414361612,
    13.735439359116));
#4810 = CARTESIAN_POINT('',(6.209755728844,-1.750414361612,
    13.684285002217));
#4811 = CARTESIAN_POINT('',(6.323431206509,-1.750414361612,
    13.63204711057));
#4812 = CARTESIAN_POINT('',(6.436603000578,-1.750414361612,
    13.57873046212));
#4813 = CARTESIAN_POINT('',(6.549258901115,-1.750414361612,
    13.524341398126));
#4814 = CARTESIAN_POINT('',(6.661387208648,-1.750414361612,
    13.468885413584));
#4815 = ORIENTED_EDGE('',*,*,#4816,.F.);
#4816 = EDGE_CURVE('',#4787,#4803,#4817,.T.);
#4817 = LINE('',#4818,#4819);
#4818 = CARTESIAN_POINT('',(6.396252615332,-1.750414361612,
    12.828793882546));
#4819 = VECTOR('',#4820,1.);
#4820 = DIRECTION('',(0.382683432365,1.711071395845E-16,0.923879532511)
  );
#4821 = PLANE('',#4822);
#4822 = AXIS2_PLACEMENT_3D('',#4823,#4824,#4825);
#4823 = CARTESIAN_POINT('',(5.472373082821,-1.750414361612,
    13.211477314911));
#4824 = DIRECTION('',(1.711071395845E-16,1.,-2.560799311353E-16));
#4825 = DIRECTION('',(0.923879532511,-2.560799311353E-16,-0.382683432365
    ));
#4826 = ADVANCED_FACE('',(#4827),#4868,.T.);
#4827 = FACE_BOUND('',#4828,.F.);
#4828 = EDGE_LOOP('',(#4829,#4830,#4838,#4846,#4854,#4862));
#4829 = ORIENTED_EDGE('',*,*,#4784,.T.);
#4830 = ORIENTED_EDGE('',*,*,#4831,.T.);
#4831 = EDGE_CURVE('',#4787,#4832,#4834,.T.);
#4832 = VERTEX_POINT('',#4833);
#4833 = CARTESIAN_POINT('',(7.782071914099,1.80663226822E-15,
    12.254768733999));
#4834 = LINE('',#4835,#4836);
#4835 = CARTESIAN_POINT('',(6.396252615332,-1.750414361612,
    12.828793882546));
#4836 = VECTOR('',#4837,1.);
#4837 = DIRECTION('',(0.601170768598,0.759332726909,-0.249013085656));
#4838 = ORIENTED_EDGE('',*,*,#4839,.T.);
#4839 = EDGE_CURVE('',#4832,#4840,#4842,.T.);
#4840 = VERTEX_POINT('',#4841);
#4841 = CARTESIAN_POINT('',(6.396252615332,1.500414361612,
    12.828793882546));
#4842 = LINE('',#4843,#4844);
#4843 = CARTESIAN_POINT('',(7.782071914099,1.80663226822E-15,
    12.254768733999));
#4844 = VECTOR('',#4845,1.);
#4845 = DIRECTION('',(-0.653191257081,0.707204426923,0.270560677507));
#4846 = ORIENTED_EDGE('',*,*,#4847,.T.);
#4847 = EDGE_CURVE('',#4840,#4848,#4850,.T.);
#4848 = VERTEX_POINT('',#4849);
#4849 = CARTESIAN_POINT('',(5.472373082821,1.500414361612,
    13.211477314911));
#4850 = LINE('',#4851,#4852);
#4851 = CARTESIAN_POINT('',(6.396252615332,1.500414361612,
    12.828793882546));
#4852 = VECTOR('',#4853,1.);
#4853 = DIRECTION('',(-0.923879532511,2.560799311353E-16,0.382683432365)
  );
#4854 = ORIENTED_EDGE('',*,*,#4855,.T.);
#4855 = EDGE_CURVE('',#4848,#4856,#4858,.T.);
#4856 = VERTEX_POINT('',#4857);
#4857 = CARTESIAN_POINT('',(6.858192381588,2.062712199355E-15,
    12.637452166364));
#4858 = LINE('',#4859,#4860);
#4859 = CARTESIAN_POINT('',(5.472373082821,1.500414361612,
    13.211477314911));
#4860 = VECTOR('',#4861,1.);
#4861 = DIRECTION('',(0.653191257081,-0.707204426923,-0.270560677507));
#4862 = ORIENTED_EDGE('',*,*,#4863,.T.);
#4863 = EDGE_CURVE('',#4856,#4785,#4864,.T.);
#4864 = LINE('',#4865,#4866);
#4865 = CARTESIAN_POINT('',(6.858192381588,2.062712199355E-15,
    12.637452166364));
#4866 = VECTOR('',#4867,1.);
#4867 = DIRECTION('',(-0.601170768598,-0.759332726909,0.249013085656));
#4868 = PLANE('',#4869);
#4869 = AXIS2_PLACEMENT_3D('',#4870,#4871,#4872);
#4870 = CARTESIAN_POINT('',(6.49953991402,-0.101510508611,
    12.786010882609));
#4871 = DIRECTION('',(-0.382683432365,-1.711071395845E-16,
    -0.923879532511));
#4872 = DIRECTION('',(-0.923879532511,2.560799311353E-16,0.382683432365)
  );
#4873 = ADVANCED_FACE('',(#4874),#4894,.F.);
#4874 = FACE_BOUND('',#4875,.F.);
#4875 = EDGE_LOOP('',(#4876,#4877,#4878,#4888));
#4876 = ORIENTED_EDGE('',*,*,#4831,.F.);
#4877 = ORIENTED_EDGE('',*,*,#4816,.T.);
#4878 = ORIENTED_EDGE('',*,*,#4879,.F.);
#4879 = EDGE_CURVE('',#4880,#4803,#4882,.T.);
#4880 = VERTEX_POINT('',#4881);
#4881 = CARTESIAN_POINT('',(8.005304703268,1.906445118178E-15,
    12.793700361178));
#4882 = B_SPLINE_CURVE_WITH_KNOTS('',4,(#4883,#4884,#4885,#4886,#4887),
  .UNSPECIFIED.,.F.,.F.,(5,5),(0.,1.),.PIECEWISE_BEZIER_KNOTS.);
#4883 = CARTESIAN_POINT('',(8.005304703268,1.998401444325E-15,
    12.793700361178));
#4884 = CARTESIAN_POINT('',(7.684302497813,-0.435774405179,
    12.994558627017));
#4885 = CARTESIAN_POINT('',(7.352734797522,-0.873506546124,
    13.174293473989));
#4886 = CARTESIAN_POINT('',(7.011467118521,-1.312084436222,
    13.332504380123));
#4887 = CARTESIAN_POINT('',(6.661387208648,-1.750414361612,
    13.468885413584));
#4888 = ORIENTED_EDGE('',*,*,#4889,.F.);
#4889 = EDGE_CURVE('',#4832,#4880,#4890,.T.);
#4890 = LINE('',#4891,#4892);
#4891 = CARTESIAN_POINT('',(7.782071914099,1.80663226822E-15,
    12.254768733999));
#4892 = VECTOR('',#4893,1.);
#4893 = DIRECTION('',(0.382683432365,1.711071395845E-16,0.923879532511)
  );
#4894 = PLANE('',#4895);
#4895 = AXIS2_PLACEMENT_3D('',#4896,#4897,#4898);
#4896 = CARTESIAN_POINT('',(6.396252615332,-1.750414361612,
    12.828793882546));
#4897 = DIRECTION('',(-0.701531964757,0.650702550975,0.290584054241));
#4898 = DIRECTION('',(0.601170768598,0.759332726909,-0.249013085656));
#4899 = ADVANCED_FACE('',(#4900),#4949,.T.);
#4900 = FACE_BOUND('',#4901,.T.);
#4901 = EDGE_LOOP('',(#4902,#4915,#4916,#4917,#4927,#4941));
#4902 = ORIENTED_EDGE('',*,*,#4903,.T.);
#4903 = EDGE_CURVE('',#4904,#4795,#4906,.T.);
#4904 = VERTEX_POINT('',#4905);
#4905 = CARTESIAN_POINT('',(7.13261951164,2.185415293548E-15,
    13.299977865619));
#4906 = B_SPLINE_CURVE_WITH_KNOTS('',4,(#4907,#4908,#4909,#4910,#4911,
    #4912,#4913,#4914),.UNSPECIFIED.,.F.,.F.,(5,3,5),(0.,0.859040906687,
    1.),.UNSPECIFIED.);
#4907 = CARTESIAN_POINT('',(7.13261951164,2.185415293548E-15,
    13.299977865619));
#4908 = CARTESIAN_POINT('',(6.847736766764,-0.375362838397,
    13.452757084228));
#4909 = CARTESIAN_POINT('',(6.555560827167,-0.751580097853,
    13.589842271485));
#4910 = CARTESIAN_POINT('',(6.256633906529,-1.127960104082,
    13.710993586297));
#4911 = CARTESIAN_POINT('',(5.901446881049,-1.565489825124,
    13.833253060791));
#4912 = CARTESIAN_POINT('',(5.851213288518,-1.627149502621,
    13.850052463591));
#4913 = CARTESIAN_POINT('',(5.800815411292,-1.688792027003,
    13.866416837219));
#4914 = CARTESIAN_POINT('',(5.750255728499,-1.750414361612,
    13.882345366856));
#4915 = ORIENTED_EDGE('',*,*,#4802,.T.);
#4916 = ORIENTED_EDGE('',*,*,#4879,.F.);
#4917 = ORIENTED_EDGE('',*,*,#4918,.F.);
#4918 = EDGE_CURVE('',#4919,#4880,#4921,.T.);
#4919 = VERTEX_POINT('',#4920);
#4920 = CARTESIAN_POINT('',(6.668077769077,1.500414361612,
    13.485037855313));
#4921 = B_SPLINE_CURVE_WITH_KNOTS('',4,(#4922,#4923,#4924,#4925,#4926),
  .UNSPECIFIED.,.F.,.F.,(5,5),(0.,1.),.PIECEWISE_BEZIER_KNOTS.);
#4922 = CARTESIAN_POINT('',(6.668077769077,1.500414361612,
    13.485037855313));
#4923 = CARTESIAN_POINT('',(7.01505125016,1.124426479542,13.340473588137
    ));
#4924 = CARTESIAN_POINT('',(7.354107760704,0.7484591178,13.176849670706)
  );
#4925 = CARTESIAN_POINT('',(7.684450920403,0.373362942798,
    12.994465755456));
#4926 = CARTESIAN_POINT('',(8.005304703268,1.906445118178E-15,
    12.793700361178));
#4927 = ORIENTED_EDGE('',*,*,#4928,.F.);
#4928 = EDGE_CURVE('',#4929,#4919,#4931,.T.);
#4929 = VERTEX_POINT('',#4930);
#4930 = CARTESIAN_POINT('',(5.756931473483,1.500414361612,
    13.898462040935));
#4931 = B_SPLINE_CURVE_WITH_KNOTS('',8,(#4932,#4933,#4934,#4935,#4936,
    #4937,#4938,#4939,#4940),.UNSPECIFIED.,.F.,.F.,(9,9),(0.,1.),
  .PIECEWISE_BEZIER_KNOTS.);
#4932 = CARTESIAN_POINT('',(5.756931473483,1.500414361612,
    13.898462040935));
#4933 = CARTESIAN_POINT('',(5.872501566405,1.500414361612,
    13.850591341042));
#4934 = CARTESIAN_POINT('',(5.987616813514,1.500414361612,13.80162231076
    ));
#4935 = CARTESIAN_POINT('',(6.102264940787,1.500414361612,
    13.751560098466));
#4936 = CARTESIAN_POINT('',(6.216433964429,1.500414361612,
    13.700409642185));
#4937 = CARTESIAN_POINT('',(6.330111543848,1.500414361612,
    13.648176852131));
#4938 = CARTESIAN_POINT('',(6.443286058557,1.500414361612,
    13.594866576936));
#4939 = CARTESIAN_POINT('',(6.555945362163,1.500414361612,
    13.540485071723));
#4940 = CARTESIAN_POINT('',(6.668077769077,1.500414361612,
    13.485037855313));
#4941 = ORIENTED_EDGE('',*,*,#4942,.T.);
#4942 = EDGE_CURVE('',#4929,#4904,#4943,.T.);
#4943 = B_SPLINE_CURVE_WITH_KNOTS('',4,(#4944,#4945,#4946,#4947,#4948),
  .UNSPECIFIED.,.F.,.F.,(5,5),(0.,1.),.PIECEWISE_BEZIER_KNOTS.);
#4944 = CARTESIAN_POINT('',(5.756931473483,1.500414361612,
    13.898462040935));
#4945 = CARTESIAN_POINT('',(6.112486510313,1.125460957613,
    13.777317956966));
#4946 = CARTESIAN_POINT('',(6.460811838472,0.749846014813,
    13.636991605482));
#4947 = CARTESIAN_POINT('',(6.801112709171,0.374410412648,
    13.477761010207));
#4948 = CARTESIAN_POINT('',(7.13261951164,2.22044604925E-15,
    13.299977865619));
#4949 = SURFACE_OF_REVOLUTION('',#4950,#4955);
#4950 = CIRCLE('',#4951,23.350974086829);
#4951 = AXIS2_PLACEMENT_3D('',#4952,#4953,#4954);
#4952 = CARTESIAN_POINT('',(0.,-1.088741204263E-14,-8.259132836545));
#4953 = DIRECTION('',(1.,0.,0.));
#4954 = DIRECTION('',(0.,1.,0.));
#4955 = AXIS1_PLACEMENT('',#4956,#4957);
#4956 = CARTESIAN_POINT('',(0.,0.,0.));
#4957 = DIRECTION('',(-1.110223024625E-16,-1.,1.110223024625E-16));
#4958 = ADVANCED_FACE('',(#4959),#4970,.F.);
#4959 = FACE_BOUND('',#4960,.F.);
#4960 = EDGE_LOOP('',(#4961,#4962,#4968,#4969));
#4961 = ORIENTED_EDGE('',*,*,#4863,.F.);
#4962 = ORIENTED_EDGE('',*,*,#4963,.T.);
#4963 = EDGE_CURVE('',#4856,#4904,#4964,.T.);
#4964 = LINE('',#4965,#4966);
#4965 = CARTESIAN_POINT('',(6.858192381588,2.062712199355E-15,
    12.637452166364));
#4966 = VECTOR('',#4967,1.);
#4967 = DIRECTION('',(0.382683432365,1.711071395845E-16,0.923879532511)
  );
#4968 = ORIENTED_EDGE('',*,*,#4903,.T.);
#4969 = ORIENTED_EDGE('',*,*,#4794,.F.);
#4970 = PLANE('',#4971);
#4971 = AXIS2_PLACEMENT_3D('',#4972,#4973,#4974);
#4972 = CARTESIAN_POINT('',(6.858192381588,2.062712199355E-15,
    12.637452166364));
#4973 = DIRECTION('',(0.701531964757,-0.650702550975,-0.290584054241));
#4974 = DIRECTION('',(-0.601170768598,-0.759332726909,0.249013085656));
#4975 = ADVANCED_FACE('',(#4976),#4987,.F.);
#4976 = FACE_BOUND('',#4977,.F.);
#4977 = EDGE_LOOP('',(#4978,#4979,#4980,#4981));
#4978 = ORIENTED_EDGE('',*,*,#4839,.F.);
#4979 = ORIENTED_EDGE('',*,*,#4889,.T.);
#4980 = ORIENTED_EDGE('',*,*,#4918,.F.);
#4981 = ORIENTED_EDGE('',*,*,#4982,.F.);
#4982 = EDGE_CURVE('',#4840,#4919,#4983,.T.);
#4983 = LINE('',#4984,#4985);
#4984 = CARTESIAN_POINT('',(6.396252615332,1.500414361612,
    12.828793882546));
#4985 = VECTOR('',#4986,1.);
#4986 = DIRECTION('',(0.382683432365,1.711071395845E-16,0.923879532511)
  );
#4987 = PLANE('',#4988);
#4988 = AXIS2_PLACEMENT_3D('',#4989,#4990,#4991);
#4989 = CARTESIAN_POINT('',(7.782071914099,1.80663226822E-15,
    12.254768733999));
#4990 = DIRECTION('',(-0.653371695336,-0.707009121964,0.270635417479));
#4991 = DIRECTION('',(-0.653191257081,0.707204426923,0.270560677507));
#4992 = ADVANCED_FACE('',(#4993),#5004,.F.);
#4993 = FACE_BOUND('',#4994,.F.);
#4994 = EDGE_LOOP('',(#4995,#4996,#4997,#4998));
#4995 = ORIENTED_EDGE('',*,*,#4847,.F.);
#4996 = ORIENTED_EDGE('',*,*,#4982,.T.);
#4997 = ORIENTED_EDGE('',*,*,#4928,.F.);
#4998 = ORIENTED_EDGE('',*,*,#4999,.F.);
#4999 = EDGE_CURVE('',#4848,#4929,#5000,.T.);
#5000 = LINE('',#5001,#5002);
#5001 = CARTESIAN_POINT('',(5.472373082821,1.500414361612,
    13.211477314911));
#5002 = VECTOR('',#5003,1.);
#5003 = DIRECTION('',(0.382683432365,1.711071395845E-16,0.923879532511)
  );
#5004 = PLANE('',#5005);
#5005 = AXIS2_PLACEMENT_3D('',#5006,#5007,#5008);
#5006 = CARTESIAN_POINT('',(6.396252615332,1.500414361612,
    12.828793882546));
#5007 = DIRECTION('',(-1.711071395845E-16,-1.,2.560799311353E-16));
#5008 = DIRECTION('',(-0.923879532511,2.560799311353E-16,0.382683432365)
  );
#5009 = ADVANCED_FACE('',(#5010),#5016,.F.);
#5010 = FACE_BOUND('',#5011,.F.);
#5011 = EDGE_LOOP('',(#5012,#5013,#5014,#5015));
#5012 = ORIENTED_EDGE('',*,*,#4855,.F.);
#5013 = ORIENTED_EDGE('',*,*,#4999,.T.);
#5014 = ORIENTED_EDGE('',*,*,#4942,.T.);
#5015 = ORIENTED_EDGE('',*,*,#4963,.F.);
#5016 = PLANE('',#5017);
#5017 = AXIS2_PLACEMENT_3D('',#5018,#5019,#5020);
#5018 = CARTESIAN_POINT('',(5.472373082821,1.500414361612,
    13.211477314911));
#5019 = DIRECTION('',(0.653371695336,0.707009121964,-0.270635417479));
#5020 = DIRECTION('',(0.653191257081,-0.707204426923,-0.270560677507));
#5021 = MANIFOLD_SOLID_BREP('',#5022);
#5022 = CLOSED_SHELL('',(#5023,#5069,#5116,#5142,#5201,#5218,#5235,#5252
    ));
#5023 = ADVANCED_FACE('',(#5024),#5064,.F.);
#5024 = FACE_BOUND('',#5025,.F.);
#5025 = EDGE_LOOP('',(#5026,#5036,#5044,#5058));
#5026 = ORIENTED_EDGE('',*,*,#5027,.F.);
#5027 = EDGE_CURVE('',#5028,#5030,#5032,.T.);
#5028 = VERTEX_POINT('',#5029);
#5029 = CARTESIAN_POINT('',(7.94465433218,-1.750414361612,
    11.890015455926));
#5030 = VERTEX_POINT('',#5031);
#5031 = CARTESIAN_POINT('',(8.776123944483,-1.750414361612,
    11.334445222907));
#5032 = LINE('',#5033,#5034);
#5033 = CARTESIAN_POINT('',(7.94465433218,-1.750414361612,
    11.890015455926));
#5034 = VECTOR('',#5035,1.);
#5035 = DIRECTION('',(0.831469612303,-2.650146596974E-16,-0.55557023302)
  );
#5036 = ORIENTED_EDGE('',*,*,#5037,.T.);
#5037 = EDGE_CURVE('',#5028,#5038,#5040,.T.);
#5038 = VERTEX_POINT('',#5039);
#5039 = CARTESIAN_POINT('',(8.348077405025,-1.750414361612,
    12.493780751538));
#5040 = LINE('',#5041,#5042);
#5041 = CARTESIAN_POINT('',(7.94465433218,-1.750414361612,
    11.890015455926));
#5042 = VECTOR('',#5043,1.);
#5043 = DIRECTION('',(0.55557023302,1.416532867985E-16,0.831469612303));
#5044 = ORIENTED_EDGE('',*,*,#5045,.T.);
#5045 = EDGE_CURVE('',#5038,#5046,#5048,.T.);
#5046 = VERTEX_POINT('',#5047);
#5047 = CARTESIAN_POINT('',(9.161039713843,-1.750414361612,
    11.910512381472));
#5048 = B_SPLINE_CURVE_WITH_KNOTS('',8,(#5049,#5050,#5051,#5052,#5053,
    #5054,#5055,#5056,#5057),.UNSPECIFIED.,.F.,.F.,(9,9),(0.,1.),
  .PIECEWISE_BEZIER_KNOTS.);
#5049 = CARTESIAN_POINT('',(8.348077405025,-1.750414361612,
    12.493780751538));
#5050 = CARTESIAN_POINT('',(8.396460728347,-1.750414361612,
    12.461452048734));
#5051 = CARTESIAN_POINT('',(8.497812370288,-1.750414361612,
    12.393424057157));
#5052 = CARTESIAN_POINT('',(8.624742575899,-1.750414361612,
    12.306785999557));
#5053 = CARTESIAN_POINT('',(8.758943052701,-1.750414361612,
    12.211804316989));
#5054 = CARTESIAN_POINT('',(8.889289144249,-1.750414361612,
    12.116811119052));
#5055 = CARTESIAN_POINT('',(9.006844541409,-1.750414361612,
    12.028580911826));
#5056 = CARTESIAN_POINT('',(9.102141514227,-1.750414361612,
    11.955814301821));
#5057 = CARTESIAN_POINT('',(9.161039713843,-1.750414361612,
    11.910512381472));
#5058 = ORIENTED_EDGE('',*,*,#5059,.F.);
#5059 = EDGE_CURVE('',#5030,#5046,#5060,.T.);
#5060 = LINE('',#5061,#5062);
#5061 = CARTESIAN_POINT('',(8.776123944483,-1.750414361612,
    11.334445222907));
#5062 = VECTOR('',#5063,1.);
#5063 = DIRECTION('',(0.55557023302,1.416532867985E-16,0.831469612303));
#5064 = PLANE('',#5065);
#5065 = AXIS2_PLACEMENT_3D('',#5066,#5067,#5068);
#5066 = CARTESIAN_POINT('',(7.94465433218,-1.750414361612,
    11.890015455926));
#5067 = DIRECTION('',(1.416532867985E-16,1.,-2.650146596974E-16));
#5068 = DIRECTION('',(0.831469612303,-2.650146596974E-16,-0.55557023302)
  );
#5069 = ADVANCED_FACE('',(#5070),#5111,.T.);
#5070 = FACE_BOUND('',#5071,.F.);
#5071 = EDGE_LOOP('',(#5072,#5073,#5081,#5089,#5097,#5105));
#5072 = ORIENTED_EDGE('',*,*,#5027,.T.);
#5073 = ORIENTED_EDGE('',*,*,#5074,.T.);
#5074 = EDGE_CURVE('',#5030,#5075,#5077,.T.);
#5075 = VERTEX_POINT('',#5076);
#5076 = CARTESIAN_POINT('',(10.023328362937,1.363105351975E-15,
    10.501089873377));
#5077 = LINE('',#5078,#5079);
#5078 = CARTESIAN_POINT('',(8.776123944483,-1.750414361612,
    11.334445222907));
#5079 = VECTOR('',#5080,1.);
#5080 = DIRECTION('',(0.541039397783,0.759332726909,-0.361510967871));
#5081 = ORIENTED_EDGE('',*,*,#5082,.T.);
#5082 = EDGE_CURVE('',#5075,#5083,#5085,.T.);
#5083 = VERTEX_POINT('',#5084);
#5084 = CARTESIAN_POINT('',(8.776123944483,1.500414361612,
    11.334445222907));
#5085 = LINE('',#5086,#5087);
#5086 = CARTESIAN_POINT('',(10.023328362937,1.363105351975E-15,
    10.501089873377));
#5087 = VECTOR('',#5088,1.);
#5088 = DIRECTION('',(-0.587856600534,0.707204426923,0.392793222636));
#5089 = ORIENTED_EDGE('',*,*,#5090,.T.);
#5090 = EDGE_CURVE('',#5083,#5091,#5093,.T.);
#5091 = VERTEX_POINT('',#5092);
#5092 = CARTESIAN_POINT('',(7.94465433218,1.500414361612,11.890015455926
    ));
#5093 = LINE('',#5094,#5095);
#5094 = CARTESIAN_POINT('',(8.776123944483,1.500414361612,
    11.334445222907));
#5095 = VECTOR('',#5096,1.);
#5096 = DIRECTION('',(-0.831469612303,2.650146596974E-16,0.55557023302)
  );
#5097 = ORIENTED_EDGE('',*,*,#5098,.T.);
#5098 = EDGE_CURVE('',#5091,#5099,#5101,.T.);
#5099 = VERTEX_POINT('',#5100);
#5100 = CARTESIAN_POINT('',(9.191858750634,1.628120011672E-15,
    11.056660106397));
#5101 = LINE('',#5102,#5103);
#5102 = CARTESIAN_POINT('',(7.94465433218,1.500414361612,11.890015455926
    ));
#5103 = VECTOR('',#5104,1.);
#5104 = DIRECTION('',(0.587856600534,-0.707204426923,-0.392793222636));
#5105 = ORIENTED_EDGE('',*,*,#5106,.T.);
#5106 = EDGE_CURVE('',#5099,#5028,#5107,.T.);
#5107 = LINE('',#5108,#5109);
#5108 = CARTESIAN_POINT('',(9.191858750634,1.628120011672E-15,
    11.056660106397));
#5109 = VECTOR('',#5110,1.);
#5110 = DIRECTION('',(-0.541039397783,-0.759332726909,0.361510967871));
#5111 = PLANE('',#5112);
#5112 = AXIS2_PLACEMENT_3D('',#5113,#5114,#5115);
#5113 = CARTESIAN_POINT('',(8.869080057454,-0.101510508611,
    11.272333933956));
#5114 = DIRECTION('',(-0.55557023302,-1.416532867985E-16,-0.831469612303
    ));
#5115 = DIRECTION('',(-0.831469612303,2.650146596974E-16,0.55557023302)
  );
#5116 = ADVANCED_FACE('',(#5117),#5137,.F.);
#5117 = FACE_BOUND('',#5118,.F.);
#5118 = EDGE_LOOP('',(#5119,#5120,#5121,#5131));
#5119 = ORIENTED_EDGE('',*,*,#5074,.F.);
#5120 = ORIENTED_EDGE('',*,*,#5059,.T.);
#5121 = ORIENTED_EDGE('',*,*,#5122,.F.);
#5122 = EDGE_CURVE('',#5123,#5046,#5125,.T.);
#5123 = VERTEX_POINT('',#5124);
#5124 = CARTESIAN_POINT('',(10.347412141348,1.445736727239E-15,
    10.986115523735));
#5125 = B_SPLINE_CURVE_WITH_KNOTS('',4,(#5126,#5127,#5128,#5129,#5130),
  .UNSPECIFIED.,.F.,.F.,(5,5),(0.,1.),.PIECEWISE_BEZIER_KNOTS.);
#5126 = CARTESIAN_POINT('',(10.347412141348,1.554312234475E-15,
    10.986115523735));
#5127 = CARTESIAN_POINT('',(10.071763407023,-0.435774405179,
    11.245738777948));
#5128 = CARTESIAN_POINT('',(9.781631216294,-0.873506546124,
    11.486705719653));
#5129 = CARTESIAN_POINT('',(9.477786316676,-1.312084436222,
    11.708454668979));
#5130 = CARTESIAN_POINT('',(9.161039713843,-1.750414361612,
    11.910512381472));
#5131 = ORIENTED_EDGE('',*,*,#5132,.F.);
#5132 = EDGE_CURVE('',#5075,#5123,#5133,.T.);
#5133 = LINE('',#5134,#5135);
#5134 = CARTESIAN_POINT('',(10.023328362937,1.363105351975E-15,
    10.501089873377));
#5135 = VECTOR('',#5136,1.);
#5136 = DIRECTION('',(0.55557023302,1.416532867985E-16,0.831469612303));
#5137 = PLANE('',#5138);
#5138 = AXIS2_PLACEMENT_3D('',#5139,#5140,#5141);
#5139 = CARTESIAN_POINT('',(8.776123944483,-1.750414361612,
    11.334445222907));
#5140 = DIRECTION('',(-0.631362088052,0.650702550975,0.421862660028));
#5141 = DIRECTION('',(0.541039397783,0.759332726909,-0.361510967871));
#5142 = ADVANCED_FACE('',(#5143),#5192,.T.);
#5143 = FACE_BOUND('',#5144,.T.);
#5144 = EDGE_LOOP('',(#5145,#5158,#5159,#5160,#5170,#5184));
#5145 = ORIENTED_EDGE('',*,*,#5146,.T.);
#5146 = EDGE_CURVE('',#5147,#5038,#5149,.T.);
#5147 = VERTEX_POINT('',#5148);
#5148 = CARTESIAN_POINT('',(9.590265192344,1.72970137546E-15,
    11.652917482943));
#5149 = B_SPLINE_CURVE_WITH_KNOTS('',4,(#5150,#5151,#5152,#5153,#5154,
    #5155,#5156,#5157),.UNSPECIFIED.,.F.,.F.,(5,3,5),(0.,0.859040906687,
    1.),.UNSPECIFIED.);
#5150 = CARTESIAN_POINT('',(9.590265192344,1.72970137546E-15,
    11.652917482943));
#5151 = CARTESIAN_POINT('',(9.340662136485,-0.375362838397,
    11.858338958142));
#5152 = CARTESIAN_POINT('',(9.080844268966,-0.751580097853,
    12.049790790105));
#5153 = CARTESIAN_POINT('',(8.811296594307,-1.127960104082,
    12.226931965582));
#5154 = CARTESIAN_POINT('',(8.486786028174,-1.565489825124,
    12.416135809732));
#5155 = CARTESIAN_POINT('',(8.44079506094,-1.627149502621,12.44241250446
    ));
#5156 = CARTESIAN_POINT('',(8.394558095714,-1.688792027003,
    12.468294579335));
#5157 = CARTESIAN_POINT('',(8.348077405025,-1.750414361612,
    12.493780751538));
#5158 = ORIENTED_EDGE('',*,*,#5045,.T.);
#5159 = ORIENTED_EDGE('',*,*,#5122,.F.);
#5160 = ORIENTED_EDGE('',*,*,#5161,.F.);
#5161 = EDGE_CURVE('',#5162,#5123,#5164,.T.);
#5162 = VERTEX_POINT('',#5163);
#5163 = CARTESIAN_POINT('',(9.170752902088,1.500414361612,
    11.925049194973));
#5164 = B_SPLINE_CURVE_WITH_KNOTS('',4,(#5165,#5166,#5167,#5168,#5169),
  .UNSPECIFIED.,.F.,.F.,(5,5),(0.,1.),.PIECEWISE_BEZIER_KNOTS.);
#5165 = CARTESIAN_POINT('',(9.170752902088,1.500414361612,
    11.925049194973));
#5166 = CARTESIAN_POINT('',(9.482856295588,1.124426479542,
    11.715571521499));
#5167 = CARTESIAN_POINT('',(9.783476487614,0.7484591178,11.488944947938)
  );
#5168 = CARTESIAN_POINT('',(10.071890859372,0.373362942798,
    11.245618735076));
#5169 = CARTESIAN_POINT('',(10.347412141348,1.445736727239E-15,
    10.986115523735));
#5170 = ORIENTED_EDGE('',*,*,#5171,.F.);
#5171 = EDGE_CURVE('',#5172,#5162,#5174,.T.);
#5172 = VERTEX_POINT('',#5173);
#5173 = CARTESIAN_POINT('',(8.357769084577,1.500414361612,
    12.508285375005));
#5174 = B_SPLINE_CURVE_WITH_KNOTS('',8,(#5175,#5176,#5177,#5178,#5179,
    #5180,#5181,#5182,#5183),.UNSPECIFIED.,.F.,.F.,(9,9),(0.,1.),
  .PIECEWISE_BEZIER_KNOTS.);
#5175 = CARTESIAN_POINT('',(8.357769084577,1.500414361612,
    12.508285375005));
#5176 = CARTESIAN_POINT('',(8.406431442196,1.500414361612,
    12.475770227446));
#5177 = CARTESIAN_POINT('',(8.507703613603,1.500414361612,
    12.407791925328));
#5178 = CARTESIAN_POINT('',(8.634525136164,1.500414361612,
    12.321223634762));
#5179 = CARTESIAN_POINT('',(8.768852565374,1.500414361612,
    12.226171600768));
#5180 = CARTESIAN_POINT('',(8.899630351461,1.500414361612,
    12.130883528219));
#5181 = CARTESIAN_POINT('',(9.017718075447,1.500414361612,
    12.042230123701));
#5182 = CARTESIAN_POINT('',(9.11313653533,1.500414361612,11.969358092888
    ));
#5183 = CARTESIAN_POINT('',(9.170752902088,1.500414361612,
    11.925049194973));
#5184 = ORIENTED_EDGE('',*,*,#5185,.T.);
#5185 = EDGE_CURVE('',#5172,#5147,#5186,.T.);
#5186 = B_SPLINE_CURVE_WITH_KNOTS('',4,(#5187,#5188,#5189,#5190,#5191),
  .UNSPECIFIED.,.F.,.F.,(5,5),(0.,1.),.PIECEWISE_BEZIER_KNOTS.);
#5187 = CARTESIAN_POINT('',(8.357769084577,1.500414361612,
    12.508285375005));
#5188 = CARTESIAN_POINT('',(8.682858192721,1.125460957613,
    12.320103694011));
#5189 = CARTESIAN_POINT('',(8.997114234273,0.749846014813,
    12.114518773586));
#5190 = CARTESIAN_POINT('',(9.299811971056,0.374410412648,
    11.891958343104));
#5191 = CARTESIAN_POINT('',(9.590265192344,8.881784197001E-16,
    11.652917482943));
#5192 = SURFACE_OF_REVOLUTION('',#5193,#5198);
#5193 = CIRCLE('',#5194,23.350974086829);
#5194 = AXIS2_PLACEMENT_3D('',#5195,#5196,#5197);
#5195 = CARTESIAN_POINT('',(0.,-1.088741204263E-14,-8.259132836545));
#5196 = DIRECTION('',(1.,0.,0.));
#5197 = DIRECTION('',(0.,1.,0.));
#5198 = AXIS1_PLACEMENT('',#5199,#5200);
#5199 = CARTESIAN_POINT('',(0.,0.,0.));
#5200 = DIRECTION('',(-1.110223024625E-16,-1.,1.110223024625E-16));
#5201 = ADVANCED_FACE('',(#5202),#5213,.F.);
#5202 = FACE_BOUND('',#5203,.F.);
#5203 = EDGE_LOOP('',(#5204,#5205,#5211,#5212));
#5204 = ORIENTED_EDGE('',*,*,#5106,.F.);
#5205 = ORIENTED_EDGE('',*,*,#5206,.T.);
#5206 = EDGE_CURVE('',#5099,#5147,#5207,.T.);
#5207 = LINE('',#5208,#5209);
#5208 = CARTESIAN_POINT('',(9.191858750634,1.628120011672E-15,
    11.056660106397));
#5209 = VECTOR('',#5210,1.);
#5210 = DIRECTION('',(0.55557023302,1.416532867985E-16,0.831469612303));
#5211 = ORIENTED_EDGE('',*,*,#5146,.T.);
#5212 = ORIENTED_EDGE('',*,*,#5037,.F.);
#5213 = PLANE('',#5214);
#5214 = AXIS2_PLACEMENT_3D('',#5215,#5216,#5217);
#5215 = CARTESIAN_POINT('',(9.191858750634,1.628120011672E-15,
    11.056660106397));
#5216 = DIRECTION('',(0.631362088052,-0.650702550975,-0.421862660028));
#5217 = DIRECTION('',(-0.541039397783,-0.759332726909,0.361510967871));
#5218 = ADVANCED_FACE('',(#5219),#5230,.F.);
#5219 = FACE_BOUND('',#5220,.F.);
#5220 = EDGE_LOOP('',(#5221,#5222,#5223,#5224));
#5221 = ORIENTED_EDGE('',*,*,#5082,.F.);
#5222 = ORIENTED_EDGE('',*,*,#5132,.T.);
#5223 = ORIENTED_EDGE('',*,*,#5161,.F.);
#5224 = ORIENTED_EDGE('',*,*,#5225,.F.);
#5225 = EDGE_CURVE('',#5083,#5162,#5226,.T.);
#5226 = LINE('',#5227,#5228);
#5227 = CARTESIAN_POINT('',(8.776123944483,1.500414361612,
    11.334445222907));
#5228 = VECTOR('',#5229,1.);
#5229 = DIRECTION('',(0.55557023302,1.416532867985E-16,0.831469612303));
#5230 = PLANE('',#5231);
#5231 = AXIS2_PLACEMENT_3D('',#5232,#5233,#5234);
#5232 = CARTESIAN_POINT('',(10.023328362937,1.363105351975E-15,
    10.501089873377));
#5233 = DIRECTION('',(-0.588018990673,-0.707009121964,0.392901728258));
#5234 = DIRECTION('',(-0.587856600534,0.707204426923,0.392793222636));
#5235 = ADVANCED_FACE('',(#5236),#5247,.F.);
#5236 = FACE_BOUND('',#5237,.F.);
#5237 = EDGE_LOOP('',(#5238,#5239,#5240,#5241));
#5238 = ORIENTED_EDGE('',*,*,#5090,.F.);
#5239 = ORIENTED_EDGE('',*,*,#5225,.T.);
#5240 = ORIENTED_EDGE('',*,*,#5171,.F.);
#5241 = ORIENTED_EDGE('',*,*,#5242,.F.);
#5242 = EDGE_CURVE('',#5091,#5172,#5243,.T.);
#5243 = LINE('',#5244,#5245);
#5244 = CARTESIAN_POINT('',(7.94465433218,1.500414361612,11.890015455926
    ));
#5245 = VECTOR('',#5246,1.);
#5246 = DIRECTION('',(0.55557023302,1.416532867985E-16,0.831469612303));
#5247 = PLANE('',#5248);
#5248 = AXIS2_PLACEMENT_3D('',#5249,#5250,#5251);
#5249 = CARTESIAN_POINT('',(8.776123944483,1.500414361612,
    11.334445222907));
#5250 = DIRECTION('',(-1.416532867985E-16,-1.,2.650146596974E-16));
#5251 = DIRECTION('',(-0.831469612303,2.650146596974E-16,0.55557023302)
  );
#5252 = ADVANCED_FACE('',(#5253),#5259,.F.);
#5253 = FACE_BOUND('',#5254,.F.);
#5254 = EDGE_LOOP('',(#5255,#5256,#5257,#5258));
#5255 = ORIENTED_EDGE('',*,*,#5098,.F.);
#5256 = ORIENTED_EDGE('',*,*,#5242,.T.);
#5257 = ORIENTED_EDGE('',*,*,#5185,.T.);
#5258 = ORIENTED_EDGE('',*,*,#5206,.F.);
#5259 = PLANE('',#5260);
#5260 = AXIS2_PLACEMENT_3D('',#5261,#5262,#5263);
#5261 = CARTESIAN_POINT('',(7.94465433218,1.500414361612,11.890015455926
    ));
#5262 = DIRECTION('',(0.588018990673,0.707009121964,-0.392901728258));
#5263 = DIRECTION('',(0.587856600534,-0.707204426923,-0.392793222636));
#5264 = MANIFOLD_SOLID_BREP('',#5265);
#5265 = CLOSED_SHELL('',(#5266,#5311,#5358,#5384,#5442,#5459,#5476,#5493
    ));
#5266 = ADVANCED_FACE('',(#5267),#5306,.F.);
#5267 = FACE_BOUND('',#5268,.F.);
#5268 = EDGE_LOOP('',(#5269,#5279,#5287,#5300));
#5269 = ORIENTED_EDGE('',*,*,#5270,.F.);
#5270 = EDGE_CURVE('',#5271,#5273,#5275,.T.);
#5271 = VERTEX_POINT('',#5272);
#5272 = CARTESIAN_POINT('',(10.111626970968,-1.750414361612,
    10.111626970968));
#5273 = VERTEX_POINT('',#5274);
#5274 = CARTESIAN_POINT('',(10.818733752154,-1.750414361612,
    9.404520189781));
#5275 = LINE('',#5276,#5277);
#5276 = CARTESIAN_POINT('',(10.111626970968,-1.750414361612,
    10.111626970968));
#5277 = VECTOR('',#5278,1.);
#5278 = DIRECTION('',(0.707106781187,-2.680315483309E-16,-0.707106781187
    ));
#5279 = ORIENTED_EDGE('',*,*,#5280,.T.);
#5280 = EDGE_CURVE('',#5271,#5281,#5283,.T.);
#5281 = VERTEX_POINT('',#5282);
#5282 = CARTESIAN_POINT('',(10.625087148532,-1.750414361612,
    10.625087148532));
#5283 = LINE('',#5284,#5285);
#5284 = CARTESIAN_POINT('',(10.111626970968,-1.750414361612,
    10.111626970968));
#5285 = VECTOR('',#5286,1.);
#5286 = DIRECTION('',(0.707106781187,1.110223024625E-16,0.707106781187)
  );
#5287 = ORIENTED_EDGE('',*,*,#5288,.T.);
#5288 = EDGE_CURVE('',#5281,#5289,#5291,.T.);
#5289 = VERTEX_POINT('',#5290);
#5290 = CARTESIAN_POINT('',(11.308638600405,-1.750414361612,
    9.894425038032));
#5291 = B_SPLINE_CURVE_WITH_KNOTS('',7,(#5292,#5293,#5294,#5295,#5296,
    #5297,#5298,#5299),.UNSPECIFIED.,.F.,.F.,(8,8),(0.,1.),
  .PIECEWISE_BEZIER_KNOTS.);
#5292 = CARTESIAN_POINT('',(10.625087148532,-1.750414361612,
    10.625087148532));
#5293 = CARTESIAN_POINT('',(10.72617714079,-1.750414361612,
    10.523997156273));
#5294 = CARTESIAN_POINT('',(10.826145001181,-1.750414361612,
    10.42178514692));
#5295 = CARTESIAN_POINT('',(10.924975830223,-1.750414361612,
    10.318465729594));
#5296 = CARTESIAN_POINT('',(11.022654930087,-1.750414361612,
    10.21405492981));
#5297 = CARTESIAN_POINT('',(11.119167853461,-1.750414361612,
    10.108566807039));
#5298 = CARTESIAN_POINT('',(11.21450044445,-1.750414361612,
    10.002018461073));
#5299 = CARTESIAN_POINT('',(11.308638600405,-1.750414361612,
    9.894425038032));
#5300 = ORIENTED_EDGE('',*,*,#5301,.F.);
#5301 = EDGE_CURVE('',#5273,#5289,#5302,.T.);
#5302 = LINE('',#5303,#5304);
#5303 = CARTESIAN_POINT('',(10.818733752154,-1.750414361612,
    9.404520189781));
#5304 = VECTOR('',#5305,1.);
#5305 = DIRECTION('',(0.707106781187,1.110223024625E-16,0.707106781187)
  );
#5306 = PLANE('',#5307);
#5307 = AXIS2_PLACEMENT_3D('',#5308,#5309,#5310);
#5308 = CARTESIAN_POINT('',(10.111626970968,-1.750414361612,
    10.111626970968));
#5309 = DIRECTION('',(1.110223024625E-16,1.,-2.680315483309E-16));
#5310 = DIRECTION('',(0.707106781187,-2.680315483309E-16,-0.707106781187
    ));
#5311 = ADVANCED_FACE('',(#5312),#5353,.T.);
#5312 = FACE_BOUND('',#5313,.F.);
#5313 = EDGE_LOOP('',(#5314,#5315,#5323,#5331,#5339,#5347));
#5314 = ORIENTED_EDGE('',*,*,#5270,.T.);
#5315 = ORIENTED_EDGE('',*,*,#5316,.T.);
#5316 = EDGE_CURVE('',#5273,#5317,#5319,.T.);
#5317 = VERTEX_POINT('',#5318);
#5318 = CARTESIAN_POINT('',(11.879393923934,9.175400543867E-16,
    8.343860018001));
#5319 = LINE('',#5320,#5321);
#5320 = CARTESIAN_POINT('',(10.818733752154,-1.750414361612,
    9.404520189781));
#5321 = VECTOR('',#5322,1.);
#5322 = DIRECTION('',(0.46011618633,0.759332726909,-0.46011618633));
#5323 = ORIENTED_EDGE('',*,*,#5324,.T.);
#5324 = EDGE_CURVE('',#5317,#5325,#5327,.T.);
#5325 = VERTEX_POINT('',#5326);
#5326 = CARTESIAN_POINT('',(10.818733752154,1.500414361612,
    9.404520189781));
#5327 = LINE('',#5328,#5329);
#5328 = CARTESIAN_POINT('',(11.879393923934,9.175400543867E-16,
    8.343860018001));
#5329 = VECTOR('',#5330,1.);
#5330 = DIRECTION('',(-0.499930944501,0.707204426923,0.499930944501));
#5331 = ORIENTED_EDGE('',*,*,#5332,.T.);
#5332 = EDGE_CURVE('',#5325,#5333,#5335,.T.);
#5333 = VERTEX_POINT('',#5334);
#5334 = CARTESIAN_POINT('',(10.111626970968,1.500414361612,
    10.111626970968));
#5335 = LINE('',#5336,#5337);
#5336 = CARTESIAN_POINT('',(10.818733752154,1.500414361612,
    9.404520189781));
#5337 = VECTOR('',#5338,1.);
#5338 = DIRECTION('',(-0.707106781187,2.680315483309E-16,0.707106781187)
  );
#5339 = ORIENTED_EDGE('',*,*,#5340,.T.);
#5340 = EDGE_CURVE('',#5333,#5341,#5343,.T.);
#5341 = VERTEX_POINT('',#5342);
#5342 = CARTESIAN_POINT('',(11.172287142747,1.185571602718E-15,
    9.050966799188));
#5343 = LINE('',#5344,#5345);
#5344 = CARTESIAN_POINT('',(10.111626970968,1.500414361612,
    10.111626970968));
#5345 = VECTOR('',#5346,1.);
#5346 = DIRECTION('',(0.499930944501,-0.707204426923,-0.499930944501));
#5347 = ORIENTED_EDGE('',*,*,#5348,.T.);
#5348 = EDGE_CURVE('',#5341,#5271,#5349,.T.);
#5349 = LINE('',#5350,#5351);
#5350 = CARTESIAN_POINT('',(11.172287142747,1.185571602718E-15,
    9.050966799188));
#5351 = VECTOR('',#5352,1.);
#5352 = DIRECTION('',(-0.46011618633,-0.759332726909,0.46011618633));
#5353 = PLANE('',#5354);
#5354 = AXIS2_PLACEMENT_3D('',#5355,#5356,#5357);
#5355 = CARTESIAN_POINT('',(10.897786428117,-0.101510508611,
    9.325467513818));
#5356 = DIRECTION('',(-0.707106781187,-1.110223024625E-16,
    -0.707106781187));
#5357 = DIRECTION('',(-0.707106781187,2.680315483309E-16,0.707106781187)
  );
#5358 = ADVANCED_FACE('',(#5359),#5379,.F.);
#5359 = FACE_BOUND('',#5360,.F.);
#5360 = EDGE_LOOP('',(#5361,#5362,#5363,#5373));
#5361 = ORIENTED_EDGE('',*,*,#5316,.F.);
#5362 = ORIENTED_EDGE('',*,*,#5301,.T.);
#5363 = ORIENTED_EDGE('',*,*,#5364,.F.);
#5364 = EDGE_CURVE('',#5365,#5289,#5367,.T.);
#5365 = VERTEX_POINT('',#5366);
#5366 = CARTESIAN_POINT('',(12.291874333732,9.823032924646E-16,
    8.756340427799));
#5367 = B_SPLINE_CURVE_WITH_KNOTS('',4,(#5368,#5369,#5370,#5371,#5372),
  .UNSPECIFIED.,.F.,.F.,(5,5),(0.,1.),.PIECEWISE_BEZIER_KNOTS.);
#5368 = CARTESIAN_POINT('',(12.291874333732,1.110223024625E-15,
    8.756340427799));
#5369 = CARTESIAN_POINT('',(12.072172096811,-0.435774405179,
    9.064751494324));
#5370 = CARTESIAN_POINT('',(11.834625033025,-0.873506546124,
    9.357690306329));
#5371 = CARTESIAN_POINT('',(11.579879501885,-1.312084436222,
    9.634455611083));
#5372 = CARTESIAN_POINT('',(11.308638600405,-1.750414361612,
    9.894425038032));
#5373 = ORIENTED_EDGE('',*,*,#5374,.F.);
#5374 = EDGE_CURVE('',#5317,#5365,#5375,.T.);
#5375 = LINE('',#5376,#5377);
#5376 = CARTESIAN_POINT('',(11.879393923934,9.175400543867E-16,
    8.343860018001));
#5377 = VECTOR('',#5378,1.);
#5378 = DIRECTION('',(0.707106781187,1.110223024625E-16,0.707106781187)
  );
#5379 = PLANE('',#5380);
#5380 = AXIS2_PLACEMENT_3D('',#5381,#5382,#5383);
#5381 = CARTESIAN_POINT('',(10.818733752154,-1.750414361612,
    9.404520189781));
#5382 = DIRECTION('',(-0.536929320374,0.650702550975,0.536929320374));
#5383 = DIRECTION('',(0.46011618633,0.759332726909,-0.46011618633));
#5384 = ADVANCED_FACE('',(#5385),#5433,.T.);
#5385 = FACE_BOUND('',#5386,.T.);
#5386 = EDGE_LOOP('',(#5387,#5400,#5401,#5402,#5412,#5425));
#5387 = ORIENTED_EDGE('',*,*,#5388,.T.);
#5388 = EDGE_CURVE('',#5389,#5281,#5391,.T.);
#5389 = VERTEX_POINT('',#5390);
#5390 = CARTESIAN_POINT('',(11.679362359989,1.265187100175E-15,
    9.55804201643));
#5391 = B_SPLINE_CURVE_WITH_KNOTS('',4,(#5392,#5393,#5394,#5395,#5396,
    #5397,#5398,#5399),.UNSPECIFIED.,.F.,.F.,(5,3,5),(0.,0.859040906687,
    1.),.UNSPECIFIED.);
#5392 = CARTESIAN_POINT('',(11.679362359989,1.265187100175E-15,
    9.55804201643));
#5393 = CARTESIAN_POINT('',(11.474631098604,-0.375362838397,
    9.808211516127));
#5394 = CARTESIAN_POINT('',(11.257155958104,-0.751580097853,
    10.046672606263));
#5395 = CARTESIAN_POINT('',(11.027346095398,-1.127960104082,
    10.272996206371));
#5396 = CARTESIAN_POINT('',(10.745982747682,-1.565489825124,
    10.521873422554));
#5397 = CARTESIAN_POINT('',(10.706001812823,-1.627149502621,
    10.556617610569));
#5398 = CARTESIAN_POINT('',(10.66570262024,-1.688792027003,
    10.591022753067));
#5399 = CARTESIAN_POINT('',(10.625087148532,-1.750414361612,
    10.625087148532));
#5400 = ORIENTED_EDGE('',*,*,#5288,.T.);
#5401 = ORIENTED_EDGE('',*,*,#5364,.F.);
#5402 = ORIENTED_EDGE('',*,*,#5403,.F.);
#5403 = EDGE_CURVE('',#5404,#5365,#5406,.T.);
#5404 = VERTEX_POINT('',#5405);
#5405 = CARTESIAN_POINT('',(11.321001144088,1.500414361612,
    9.906787581715));
#5406 = B_SPLINE_CURVE_WITH_KNOTS('',4,(#5407,#5408,#5409,#5410,#5411),
  .UNSPECIFIED.,.F.,.F.,(5,5),(0.,1.),.PIECEWISE_BEZIER_KNOTS.);
#5407 = CARTESIAN_POINT('',(11.321001144088,1.500414361612,
    9.906787581715));
#5408 = CARTESIAN_POINT('',(11.586240491625,1.124426479542,
    9.640446611459));
#5409 = CARTESIAN_POINT('',(11.836871699742,0.7484591178,9.359526513895)
  );
#5410 = CARTESIAN_POINT('',(12.072273680996,0.373362942798,
    9.064608893323));
#5411 = CARTESIAN_POINT('',(12.291874333732,9.823032924646E-16,
    8.756340427799));
#5412 = ORIENTED_EDGE('',*,*,#5413,.F.);
#5413 = EDGE_CURVE('',#5414,#5404,#5416,.T.);
#5414 = VERTEX_POINT('',#5415);
#5415 = CARTESIAN_POINT('',(10.637422316842,1.500414361612,
    10.637422316842));
#5416 = B_SPLINE_CURVE_WITH_KNOTS('',7,(#5417,#5418,#5419,#5420,#5421,
    #5422,#5423,#5424),.UNSPECIFIED.,.F.,.F.,(8,8),(0.,1.),
  .PIECEWISE_BEZIER_KNOTS.);
#5417 = CARTESIAN_POINT('',(10.637422316842,1.500414361612,
    10.637422316842));
#5418 = CARTESIAN_POINT('',(10.73851213575,1.500414361612,
    10.536332497933));
#5419 = CARTESIAN_POINT('',(10.838481127493,1.500414361612,
    10.434121967603));
#5420 = CARTESIAN_POINT('',(10.93731442778,1.500414361612,
    10.330805297755));
#5421 = CARTESIAN_POINT('',(11.034997372588,1.500414361612,
    10.226398484326));
#5422 = CARTESIAN_POINT('',(11.131515547431,1.500414361612,
    10.120915540207));
#5423 = CARTESIAN_POINT('',(11.22685482897,1.500414361612,
    10.014373538721));
#5424 = CARTESIAN_POINT('',(11.321001144088,1.500414361612,
    9.906787581715));
#5425 = ORIENTED_EDGE('',*,*,#5426,.T.);
#5426 = EDGE_CURVE('',#5414,#5389,#5427,.T.);
#5427 = B_SPLINE_CURVE_WITH_KNOTS('',4,(#5428,#5429,#5430,#5431,#5432),
  .UNSPECIFIED.,.F.,.F.,(5,5),(0.,1.),.PIECEWISE_BEZIER_KNOTS.);
#5428 = CARTESIAN_POINT('',(10.637422316842,1.500414361612,
    10.637422316842));
#5429 = CARTESIAN_POINT('',(10.919552504186,1.125460957613,
    10.389434755289));
#5430 = CARTESIAN_POINT('',(11.187662575691,0.749846014813,
    10.126491779122));
#5431 = CARTESIAN_POINT('',(11.441124674288,0.374410412648,
    9.849154385962));
#5432 = CARTESIAN_POINT('',(11.679362359989,1.110223024625E-15,
    9.55804201643));
#5433 = SURFACE_OF_REVOLUTION('',#5434,#5439);
#5434 = CIRCLE('',#5435,23.350974086829);
#5435 = AXIS2_PLACEMENT_3D('',#5436,#5437,#5438);
#5436 = CARTESIAN_POINT('',(0.,-1.088741204263E-14,-8.259132836545));
#5437 = DIRECTION('',(1.,0.,0.));
#5438 = DIRECTION('',(0.,1.,0.));
#5439 = AXIS1_PLACEMENT('',#5440,#5441);
#5440 = CARTESIAN_POINT('',(0.,0.,0.));
#5441 = DIRECTION('',(-1.110223024625E-16,-1.,1.110223024625E-16));
#5442 = ADVANCED_FACE('',(#5443),#5454,.F.);
#5443 = FACE_BOUND('',#5444,.F.);
#5444 = EDGE_LOOP('',(#5445,#5446,#5452,#5453));
#5445 = ORIENTED_EDGE('',*,*,#5348,.F.);
#5446 = ORIENTED_EDGE('',*,*,#5447,.T.);
#5447 = EDGE_CURVE('',#5341,#5389,#5448,.T.);
#5448 = LINE('',#5449,#5450);
#5449 = CARTESIAN_POINT('',(11.172287142747,1.185571602718E-15,
    9.050966799188));
#5450 = VECTOR('',#5451,1.);
#5451 = DIRECTION('',(0.707106781187,1.110223024625E-16,0.707106781187)
  );
#5452 = ORIENTED_EDGE('',*,*,#5388,.T.);
#5453 = ORIENTED_EDGE('',*,*,#5280,.F.);
#5454 = PLANE('',#5455);
#5455 = AXIS2_PLACEMENT_3D('',#5456,#5457,#5458);
#5456 = CARTESIAN_POINT('',(11.172287142747,1.185571602718E-15,
    9.050966799188));
#5457 = DIRECTION('',(0.536929320374,-0.650702550975,-0.536929320374));
#5458 = DIRECTION('',(-0.46011618633,-0.759332726909,0.46011618633));
#5459 = ADVANCED_FACE('',(#5460),#5471,.F.);
#5460 = FACE_BOUND('',#5461,.F.);
#5461 = EDGE_LOOP('',(#5462,#5463,#5464,#5465));
#5462 = ORIENTED_EDGE('',*,*,#5324,.F.);
#5463 = ORIENTED_EDGE('',*,*,#5374,.T.);
#5464 = ORIENTED_EDGE('',*,*,#5403,.F.);
#5465 = ORIENTED_EDGE('',*,*,#5466,.F.);
#5466 = EDGE_CURVE('',#5325,#5404,#5467,.T.);
#5467 = LINE('',#5468,#5469);
#5468 = CARTESIAN_POINT('',(10.818733752154,1.500414361612,
    9.404520189781));
#5469 = VECTOR('',#5470,1.);
#5470 = DIRECTION('',(0.707106781187,1.110223024625E-16,0.707106781187)
  );
#5471 = PLANE('',#5472);
#5472 = AXIS2_PLACEMENT_3D('',#5473,#5474,#5475);
#5473 = CARTESIAN_POINT('',(11.879393923934,9.175400543867E-16,
    8.343860018001));
#5474 = DIRECTION('',(-0.500069045963,-0.707009121964,0.500069045963));
#5475 = DIRECTION('',(-0.499930944501,0.707204426923,0.499930944501));
#5476 = ADVANCED_FACE('',(#5477),#5488,.F.);
#5477 = FACE_BOUND('',#5478,.F.);
#5478 = EDGE_LOOP('',(#5479,#5480,#5481,#5482));
#5479 = ORIENTED_EDGE('',*,*,#5332,.F.);
#5480 = ORIENTED_EDGE('',*,*,#5466,.T.);
#5481 = ORIENTED_EDGE('',*,*,#5413,.F.);
#5482 = ORIENTED_EDGE('',*,*,#5483,.F.);
#5483 = EDGE_CURVE('',#5333,#5414,#5484,.T.);
#5484 = LINE('',#5485,#5486);
#5485 = CARTESIAN_POINT('',(10.111626970968,1.500414361612,
    10.111626970968));
#5486 = VECTOR('',#5487,1.);
#5487 = DIRECTION('',(0.707106781187,1.110223024625E-16,0.707106781187)
  );
#5488 = PLANE('',#5489);
#5489 = AXIS2_PLACEMENT_3D('',#5490,#5491,#5492);
#5490 = CARTESIAN_POINT('',(10.818733752154,1.500414361612,
    9.404520189781));
#5491 = DIRECTION('',(-1.110223024625E-16,-1.,2.680315483309E-16));
#5492 = DIRECTION('',(-0.707106781187,2.680315483309E-16,0.707106781187)
  );
#5493 = ADVANCED_FACE('',(#5494),#5500,.F.);
#5494 = FACE_BOUND('',#5495,.F.);
#5495 = EDGE_LOOP('',(#5496,#5497,#5498,#5499));
#5496 = ORIENTED_EDGE('',*,*,#5340,.F.);
#5497 = ORIENTED_EDGE('',*,*,#5483,.T.);
#5498 = ORIENTED_EDGE('',*,*,#5426,.T.);
#5499 = ORIENTED_EDGE('',*,*,#5447,.F.);
#5500 = PLANE('',#5501);
#5501 = AXIS2_PLACEMENT_3D('',#5502,#5503,#5504);
#5502 = CARTESIAN_POINT('',(10.111626970968,1.500414361612,
    10.111626970968));
#5503 = DIRECTION('',(0.500069045963,0.707009121964,-0.500069045963));
#5504 = DIRECTION('',(0.499930944501,-0.707204426923,-0.499930944501));
#5505 = MANIFOLD_SOLID_BREP('',#5506);
#5506 = CLOSED_SHELL('',(#5507,#5552,#5599,#5625,#5683,#5700,#5717,#5734
    ));
#5507 = ADVANCED_FACE('',(#5508),#5547,.F.);
#5508 = FACE_BOUND('',#5509,.F.);
#5509 = EDGE_LOOP('',(#5510,#5520,#5528,#5541));
#5510 = ORIENTED_EDGE('',*,*,#5511,.F.);
#5511 = EDGE_CURVE('',#5512,#5514,#5516,.T.);
#5512 = VERTEX_POINT('',#5513);
#5513 = CARTESIAN_POINT('',(11.890015455926,-1.750414361612,
    7.94465433218));
#5514 = VERTEX_POINT('',#5515);
#5515 = CARTESIAN_POINT('',(12.445585688946,-1.750414361612,
    7.113184719878));
#5516 = LINE('',#5517,#5518);
#5517 = CARTESIAN_POINT('',(11.890015455926,-1.750414361612,
    7.94465433218));
#5518 = VECTOR('',#5519,1.);
#5519 = DIRECTION('',(0.55557023302,-2.650146596974E-16,-0.831469612303)
  );
#5520 = ORIENTED_EDGE('',*,*,#5521,.T.);
#5521 = EDGE_CURVE('',#5512,#5522,#5524,.T.);
#5522 = VERTEX_POINT('',#5523);
#5523 = CARTESIAN_POINT('',(12.493780751538,-1.750414361612,
    8.348077405025));
#5524 = LINE('',#5525,#5526);
#5525 = CARTESIAN_POINT('',(11.890015455926,-1.750414361612,
    7.94465433218));
#5526 = VECTOR('',#5527,1.);
#5527 = DIRECTION('',(0.831469612303,8.039131812654E-17,0.55557023302));
#5528 = ORIENTED_EDGE('',*,*,#5529,.T.);
#5529 = EDGE_CURVE('',#5522,#5530,#5532,.T.);
#5530 = VERTEX_POINT('',#5531);
#5531 = CARTESIAN_POINT('',(13.021652847511,-1.750414361612,
    7.498100489238));
#5532 = B_SPLINE_CURVE_WITH_KNOTS('',7,(#5533,#5534,#5535,#5536,#5537,
    #5538,#5539,#5540),.UNSPECIFIED.,.F.,.F.,(8,8),(0.,1.),
  .PIECEWISE_BEZIER_KNOTS.);
#5533 = CARTESIAN_POINT('',(12.493780751538,-1.750414361612,
    8.348077405025));
#5534 = CARTESIAN_POINT('',(12.573206598177,-1.750414361612,
    8.229208224244));
#5535 = CARTESIAN_POINT('',(12.651313044876,-1.750414361612,
    8.109457386138));
#5536 = CARTESIAN_POINT('',(12.728088282253,-1.750414361612,
    7.988842346286));
#5537 = CARTESIAN_POINT('',(12.803520946553,-1.750414361612,
    7.867381331254));
#5538 = CARTESIAN_POINT('',(12.877599712561,-1.750414361612,
    7.745091605891));
#5539 = CARTESIAN_POINT('',(12.950313915488,-1.750414361612,
    7.621992021746));
#5540 = CARTESIAN_POINT('',(13.021652847511,-1.750414361612,
    7.498100489238));
#5541 = ORIENTED_EDGE('',*,*,#5542,.F.);
#5542 = EDGE_CURVE('',#5514,#5530,#5543,.T.);
#5543 = LINE('',#5544,#5545);
#5544 = CARTESIAN_POINT('',(12.445585688946,-1.750414361612,
    7.113184719878));
#5545 = VECTOR('',#5546,1.);
#5546 = DIRECTION('',(0.831469612303,8.039131812654E-17,0.55557023302));
#5547 = PLANE('',#5548);
#5548 = AXIS2_PLACEMENT_3D('',#5549,#5550,#5551);
#5549 = CARTESIAN_POINT('',(11.890015455926,-1.750414361612,
    7.94465433218));
#5550 = DIRECTION('',(8.039131812654E-17,1.,-2.650146596974E-16));
#5551 = DIRECTION('',(0.55557023302,-2.650146596974E-16,-0.831469612303)
  );
#5552 = ADVANCED_FACE('',(#5553),#5594,.T.);
#5553 = FACE_BOUND('',#5554,.F.);
#5554 = EDGE_LOOP('',(#5555,#5556,#5564,#5572,#5580,#5588));
#5555 = ORIENTED_EDGE('',*,*,#5511,.T.);
#5556 = ORIENTED_EDGE('',*,*,#5557,.T.);
#5557 = EDGE_CURVE('',#5514,#5558,#5560,.T.);
#5558 = VERTEX_POINT('',#5559);
#5559 = CARTESIAN_POINT('',(13.278941038475,4.87059199966E-16,
    5.865980301424));
#5560 = LINE('',#5561,#5562);
#5561 = CARTESIAN_POINT('',(12.445585688946,-1.750414361612,
    7.113184719878));
#5562 = VECTOR('',#5563,1.);
#5563 = DIRECTION('',(0.361510967871,0.759332726909,-0.541039397783));
#5564 = ORIENTED_EDGE('',*,*,#5565,.T.);
#5565 = EDGE_CURVE('',#5558,#5566,#5568,.T.);
#5566 = VERTEX_POINT('',#5567);
#5567 = CARTESIAN_POINT('',(12.445585688946,1.500414361612,
    7.113184719878));
#5568 = LINE('',#5569,#5570);
#5569 = CARTESIAN_POINT('',(13.278941038475,4.87059199966E-16,
    5.865980301424));
#5570 = VECTOR('',#5571,1.);
#5571 = DIRECTION('',(-0.392793222636,0.707204426923,0.587856600534));
#5572 = ORIENTED_EDGE('',*,*,#5573,.T.);
#5573 = EDGE_CURVE('',#5566,#5574,#5576,.T.);
#5574 = VERTEX_POINT('',#5575);
#5575 = CARTESIAN_POINT('',(11.890015455926,1.500414361612,7.94465433218
    ));
#5576 = LINE('',#5577,#5578);
#5577 = CARTESIAN_POINT('',(12.445585688946,1.500414361612,
    7.113184719878));
#5578 = VECTOR('',#5579,1.);
#5579 = DIRECTION('',(-0.55557023302,2.650146596974E-16,0.831469612303)
  );
#5580 = ORIENTED_EDGE('',*,*,#5581,.T.);
#5581 = EDGE_CURVE('',#5574,#5582,#5584,.T.);
#5582 = VERTEX_POINT('',#5583);
#5583 = CARTESIAN_POINT('',(12.723370805456,7.520738596634E-16,
    6.697449913726));
#5584 = LINE('',#5585,#5586);
#5585 = CARTESIAN_POINT('',(11.890015455926,1.500414361612,7.94465433218
    ));
#5586 = VECTOR('',#5587,1.);
#5587 = DIRECTION('',(0.392793222636,-0.707204426923,-0.587856600534));
#5588 = ORIENTED_EDGE('',*,*,#5589,.T.);
#5589 = EDGE_CURVE('',#5582,#5512,#5590,.T.);
#5590 = LINE('',#5591,#5592);
#5591 = CARTESIAN_POINT('',(12.723370805456,7.520738596634E-16,
    6.697449913726));
#5592 = VECTOR('',#5593,1.);
#5593 = DIRECTION('',(-0.361510967871,-0.759332726909,0.541039397783));
#5594 = PLANE('',#5595);
#5595 = AXIS2_PLACEMENT_3D('',#5596,#5597,#5598);
#5596 = CARTESIAN_POINT('',(12.507696977897,-0.101510508611,
    7.020228606907));
#5597 = DIRECTION('',(-0.831469612303,-8.039131812654E-17,-0.55557023302
    ));
#5598 = DIRECTION('',(-0.55557023302,2.650146596974E-16,0.831469612303)
  );
#5599 = ADVANCED_FACE('',(#5600),#5620,.F.);
#5600 = FACE_BOUND('',#5601,.F.);
#5601 = EDGE_LOOP('',(#5602,#5603,#5604,#5614));
#5602 = ORIENTED_EDGE('',*,*,#5557,.F.);
#5603 = ORIENTED_EDGE('',*,*,#5542,.T.);
#5604 = ORIENTED_EDGE('',*,*,#5605,.F.);
#5605 = EDGE_CURVE('',#5606,#5530,#5608,.T.);
#5606 = VERTEX_POINT('',#5607);
#5607 = CARTESIAN_POINT('',(13.763966688833,5.339543008578E-16,
    6.190064079836));
#5608 = B_SPLINE_CURVE_WITH_KNOTS('',4,(#5609,#5610,#5611,#5612,#5613),
  .UNSPECIFIED.,.F.,.F.,(5,5),(0.,1.),.PIECEWISE_BEZIER_KNOTS.);
#5609 = CARTESIAN_POINT('',(13.763966688833,6.661338147751E-16,
    6.190064079836));
#5610 = CARTESIAN_POINT('',(13.608653983071,-0.435774405179,
    6.535410894346));
#5611 = CARTESIAN_POINT('',(13.432820846672,-0.873506546124,
    6.869064102387));
#5612 = CARTESIAN_POINT('',(13.236964411908,-1.312084436222,
    7.190209827117));
#5613 = CARTESIAN_POINT('',(13.021652847511,-1.750414361612,
    7.498100489238));
#5614 = ORIENTED_EDGE('',*,*,#5615,.F.);
#5615 = EDGE_CURVE('',#5558,#5606,#5616,.T.);
#5616 = LINE('',#5617,#5618);
#5617 = CARTESIAN_POINT('',(13.278941038475,4.87059199966E-16,
    5.865980301424));
#5618 = VECTOR('',#5619,1.);
#5619 = DIRECTION('',(0.831469612303,8.039131812654E-17,0.55557023302));
#5620 = PLANE('',#5621);
#5621 = AXIS2_PLACEMENT_3D('',#5622,#5623,#5624);
#5622 = CARTESIAN_POINT('',(12.445585688946,-1.750414361612,
    7.113184719878));
#5623 = DIRECTION('',(-0.421862660028,0.650702550975,0.631362088052));
#5624 = DIRECTION('',(0.361510967871,0.759332726909,-0.541039397783));
#5625 = ADVANCED_FACE('',(#5626),#5674,.T.);
#5626 = FACE_BOUND('',#5627,.T.);
#5627 = EDGE_LOOP('',(#5628,#5641,#5642,#5643,#5653,#5666));
#5628 = ORIENTED_EDGE('',*,*,#5629,.T.);
#5629 = EDGE_CURVE('',#5630,#5522,#5632,.T.);
#5630 = VERTEX_POINT('',#5631);
#5631 = CARTESIAN_POINT('',(13.319628182002,8.097234907913E-16,
    7.095856355437));
#5632 = B_SPLINE_CURVE_WITH_KNOTS('',4,(#5633,#5634,#5635,#5636,#5637,
    #5638,#5639,#5640),.UNSPECIFIED.,.F.,.F.,(5,3,5),(0.,0.859040906687,
    1.),.UNSPECIFIED.);
#5633 = CARTESIAN_POINT('',(13.319628182002,8.097234907913E-16,
    7.095856355437));
#5634 = CARTESIAN_POINT('',(13.167636422652,-0.375362838397,
    7.381160006056));
#5635 = CARTESIAN_POINT('',(13.000861456859,-0.751580097854,
    7.657466428401));
#5636 = CARTESIAN_POINT('',(12.81962087025,-1.127960104082,
    7.924274964113));
#5637 = CARTESIAN_POINT('',(12.592217376612,-1.565489825124,
    8.223261340482));
#5638 = CARTESIAN_POINT('',(12.559782919034,-1.627149502621,
    8.265137822122));
#5639 = CARTESIAN_POINT('',(12.526970174466,-1.688792027003,
    8.306743861913));
#5640 = CARTESIAN_POINT('',(12.493780751538,-1.750414361612,
    8.348077405025));
#5641 = ORIENTED_EDGE('',*,*,#5529,.T.);
#5642 = ORIENTED_EDGE('',*,*,#5605,.F.);
#5643 = ORIENTED_EDGE('',*,*,#5644,.F.);
#5644 = EDGE_CURVE('',#5645,#5606,#5647,.T.);
#5645 = VERTEX_POINT('',#5646);
#5646 = CARTESIAN_POINT('',(13.036189661012,1.500414361612,
    7.507813677483));
#5647 = B_SPLINE_CURVE_WITH_KNOTS('',4,(#5648,#5649,#5650,#5651,#5652),
  .UNSPECIFIED.,.F.,.F.,(5,5),(0.,1.),.PIECEWISE_BEZIER_KNOTS.);
#5648 = CARTESIAN_POINT('',(13.036189661012,1.500414361612,
    7.507813677483));
#5649 = CARTESIAN_POINT('',(13.244371963206,1.124426479542,
    7.194844744565));
#5650 = CARTESIAN_POINT('',(13.435382570642,0.7484591178,6.870426724805)
  );
#5651 = CARTESIAN_POINT('',(13.608725795269,0.373362942798,
    6.535251215291));
#5652 = CARTESIAN_POINT('',(13.763966688833,5.339543008578E-16,
    6.190064079836));
#5653 = ORIENTED_EDGE('',*,*,#5654,.F.);
#5654 = EDGE_CURVE('',#5655,#5645,#5657,.T.);
#5655 = VERTEX_POINT('',#5656);
#5656 = CARTESIAN_POINT('',(12.508285375005,1.500414361612,
    8.357769084577));
#5657 = B_SPLINE_CURVE_WITH_KNOTS('',7,(#5658,#5659,#5660,#5661,#5662,
    #5663,#5664,#5665),.UNSPECIFIED.,.F.,.F.,(8,8),(0.,1.),
  .PIECEWISE_BEZIER_KNOTS.);
#5658 = CARTESIAN_POINT('',(12.508285375005,1.500414361612,
    8.357769084577));
#5659 = CARTESIAN_POINT('',(12.573022193559,1.500414361612,8.26088358806
    ));
#5660 = CARTESIAN_POINT('',(12.652880067466,1.500414361612,
    8.139475528729));
#5661 = CARTESIAN_POINT('',(12.737849840052,1.500414361612,
    8.006816431746));
#5662 = CARTESIAN_POINT('',(12.821038795675,1.500414361612,7.87261319063
    ));
#5663 = CARTESIAN_POINT('',(12.898956208944,1.500414361612,
    7.743401343704));
#5664 = CARTESIAN_POINT('',(12.9703974713,1.500414361612,7.622051969439)
  );
#5665 = CARTESIAN_POINT('',(13.036189661012,1.500414361612,
    7.507813677483));
#5666 = ORIENTED_EDGE('',*,*,#5667,.T.);
#5667 = EDGE_CURVE('',#5655,#5630,#5668,.T.);
#5668 = B_SPLINE_CURVE_WITH_KNOTS('',4,(#5669,#5670,#5671,#5672,#5673),
  .UNSPECIFIED.,.F.,.F.,(5,5),(0.,1.),.PIECEWISE_BEZIER_KNOTS.);
#5669 = CARTESIAN_POINT('',(12.508285375005,1.500414361612,
    8.357769084577));
#5670 = CARTESIAN_POINT('',(12.736614536671,1.125460957613,
    8.059505665384));
#5671 = CARTESIAN_POINT('',(12.948275318438,0.749846014813,
    7.749309384588));
#5672 = CARTESIAN_POINT('',(13.142761372544,0.374410412648,
    7.427852949236));
#5673 = CARTESIAN_POINT('',(13.319628182002,0.,7.095856355437));
#5674 = SURFACE_OF_REVOLUTION('',#5675,#5680);
#5675 = CIRCLE('',#5676,23.350974086829);
#5676 = AXIS2_PLACEMENT_3D('',#5677,#5678,#5679);
#5677 = CARTESIAN_POINT('',(0.,-1.088741204263E-14,-8.259132836545));
#5678 = DIRECTION('',(1.,0.,0.));
#5679 = DIRECTION('',(0.,1.,0.));
#5680 = AXIS1_PLACEMENT('',#5681,#5682);
#5681 = CARTESIAN_POINT('',(0.,0.,0.));
#5682 = DIRECTION('',(-1.110223024625E-16,-1.,1.110223024625E-16));
#5683 = ADVANCED_FACE('',(#5684),#5695,.F.);
#5684 = FACE_BOUND('',#5685,.F.);
#5685 = EDGE_LOOP('',(#5686,#5687,#5693,#5694));
#5686 = ORIENTED_EDGE('',*,*,#5589,.F.);
#5687 = ORIENTED_EDGE('',*,*,#5688,.T.);
#5688 = EDGE_CURVE('',#5582,#5630,#5689,.T.);
#5689 = LINE('',#5690,#5691);
#5690 = CARTESIAN_POINT('',(12.723370805456,7.520738596634E-16,
    6.697449913726));
#5691 = VECTOR('',#5692,1.);
#5692 = DIRECTION('',(0.831469612303,8.039131812654E-17,0.55557023302));
#5693 = ORIENTED_EDGE('',*,*,#5629,.T.);
#5694 = ORIENTED_EDGE('',*,*,#5521,.F.);
#5695 = PLANE('',#5696);
#5696 = AXIS2_PLACEMENT_3D('',#5697,#5698,#5699);
#5697 = CARTESIAN_POINT('',(12.723370805456,7.520738596634E-16,
    6.697449913726));
#5698 = DIRECTION('',(0.421862660028,-0.650702550975,-0.631362088052));
#5699 = DIRECTION('',(-0.361510967871,-0.759332726909,0.541039397783));
#5700 = ADVANCED_FACE('',(#5701),#5712,.F.);
#5701 = FACE_BOUND('',#5702,.F.);
#5702 = EDGE_LOOP('',(#5703,#5704,#5705,#5706));
#5703 = ORIENTED_EDGE('',*,*,#5565,.F.);
#5704 = ORIENTED_EDGE('',*,*,#5615,.T.);
#5705 = ORIENTED_EDGE('',*,*,#5644,.F.);
#5706 = ORIENTED_EDGE('',*,*,#5707,.F.);
#5707 = EDGE_CURVE('',#5566,#5645,#5708,.T.);
#5708 = LINE('',#5709,#5710);
#5709 = CARTESIAN_POINT('',(12.445585688946,1.500414361612,
    7.113184719878));
#5710 = VECTOR('',#5711,1.);
#5711 = DIRECTION('',(0.831469612303,8.039131812654E-17,0.55557023302));
#5712 = PLANE('',#5713);
#5713 = AXIS2_PLACEMENT_3D('',#5714,#5715,#5716);
#5714 = CARTESIAN_POINT('',(13.278941038475,4.87059199966E-16,
    5.865980301424));
#5715 = DIRECTION('',(-0.392901728258,-0.707009121964,0.588018990673));
#5716 = DIRECTION('',(-0.392793222636,0.707204426923,0.587856600534));
#5717 = ADVANCED_FACE('',(#5718),#5729,.F.);
#5718 = FACE_BOUND('',#5719,.F.);
#5719 = EDGE_LOOP('',(#5720,#5721,#5722,#5723));
#5720 = ORIENTED_EDGE('',*,*,#5573,.F.);
#5721 = ORIENTED_EDGE('',*,*,#5707,.T.);
#5722 = ORIENTED_EDGE('',*,*,#5654,.F.);
#5723 = ORIENTED_EDGE('',*,*,#5724,.F.);
#5724 = EDGE_CURVE('',#5574,#5655,#5725,.T.);
#5725 = LINE('',#5726,#5727);
#5726 = CARTESIAN_POINT('',(11.890015455926,1.500414361612,7.94465433218
    ));
#5727 = VECTOR('',#5728,1.);
#5728 = DIRECTION('',(0.831469612303,8.039131812654E-17,0.55557023302));
#5729 = PLANE('',#5730);
#5730 = AXIS2_PLACEMENT_3D('',#5731,#5732,#5733);
#5731 = CARTESIAN_POINT('',(12.445585688946,1.500414361612,
    7.113184719878));
#5732 = DIRECTION('',(-8.039131812654E-17,-1.,2.650146596974E-16));
#5733 = DIRECTION('',(-0.55557023302,2.650146596974E-16,0.831469612303)
  );
#5734 = ADVANCED_FACE('',(#5735),#5741,.F.);
#5735 = FACE_BOUND('',#5736,.F.);
#5736 = EDGE_LOOP('',(#5737,#5738,#5739,#5740));
#5737 = ORIENTED_EDGE('',*,*,#5581,.F.);
#5738 = ORIENTED_EDGE('',*,*,#5724,.T.);
#5739 = ORIENTED_EDGE('',*,*,#5667,.T.);
#5740 = ORIENTED_EDGE('',*,*,#5688,.F.);
#5741 = PLANE('',#5742);
#5742 = AXIS2_PLACEMENT_3D('',#5743,#5744,#5745);
#5743 = CARTESIAN_POINT('',(11.890015455926,1.500414361612,7.94465433218
    ));
#5744 = DIRECTION('',(0.392901728258,0.707009121964,-0.588018990673));
#5745 = DIRECTION('',(0.392793222636,-0.707204426923,-0.587856600534));
#5746 = MANIFOLD_SOLID_BREP('',#5747);
#5747 = CLOSED_SHELL('',(#5748,#5794,#5841,#5867,#5926,#5943,#5960,#5977
    ));
#5748 = ADVANCED_FACE('',(#5749),#5789,.F.);
#5749 = FACE_BOUND('',#5750,.F.);
#5750 = EDGE_LOOP('',(#5751,#5761,#5769,#5783));
#5751 = ORIENTED_EDGE('',*,*,#5752,.F.);
#5752 = EDGE_CURVE('',#5753,#5755,#5757,.T.);
#5753 = VERTEX_POINT('',#5754);
#5754 = CARTESIAN_POINT('',(13.211477314911,-1.750414361612,
    5.472373082821));
#5755 = VERTEX_POINT('',#5756);
#5756 = CARTESIAN_POINT('',(13.594160747276,-1.750414361612,
    4.54849355031));
#5757 = LINE('',#5758,#5759);
#5758 = CARTESIAN_POINT('',(13.211477314911,-1.750414361612,
    5.472373082821));
#5759 = VECTOR('',#5760,1.);
#5760 = DIRECTION('',(0.382683432365,-2.560799311353E-16,-0.923879532511
    ));
#5761 = ORIENTED_EDGE('',*,*,#5762,.T.);
#5762 = EDGE_CURVE('',#5753,#5763,#5765,.T.);
#5763 = VERTEX_POINT('',#5764);
#5764 = CARTESIAN_POINT('',(13.882345366856,-1.750414361612,
    5.750255728499));
#5765 = LINE('',#5766,#5767);
#5766 = CARTESIAN_POINT('',(13.211477314911,-1.750414361612,
    5.472373082821));
#5767 = VECTOR('',#5768,1.);
#5768 = DIRECTION('',(0.923879532511,5.093746534055E-17,0.382683432365)
  );
#5769 = ORIENTED_EDGE('',*,*,#5770,.T.);
#5770 = EDGE_CURVE('',#5763,#5771,#5773,.T.);
#5771 = VERTEX_POINT('',#5772);
#5772 = CARTESIAN_POINT('',(14.234252278314,-1.750414361612,
    4.813628143625));
#5773 = B_SPLINE_CURVE_WITH_KNOTS('',8,(#5774,#5775,#5776,#5777,#5778,
    #5779,#5780,#5781,#5782),.UNSPECIFIED.,.F.,.F.,(9,9),(0.,1.),
  .PIECEWISE_BEZIER_KNOTS.);
#5774 = CARTESIAN_POINT('',(13.882345366856,-1.750414361612,
    5.750255728499));
#5775 = CARTESIAN_POINT('',(13.930216149346,-1.750414361612,
    5.634685436168));
#5776 = CARTESIAN_POINT('',(13.976987390607,-1.750414361612,
    5.51865960134));
#5777 = CARTESIAN_POINT('',(14.022654043832,-1.750414361612,
    5.402190582983));
#5778 = CARTESIAN_POINT('',(14.067211106135,-1.750414361612,
    5.28529033538));
#5779 = CARTESIAN_POINT('',(14.110654039827,-1.750414361612,
    5.167971866849));
#5780 = CARTESIAN_POINT('',(14.152978019184,-1.750414361612,
    5.050246760156));
#5781 = CARTESIAN_POINT('',(14.194178894421,-1.750414361612,
    4.932128132972));
#5782 = CARTESIAN_POINT('',(14.234252278314,-1.750414361612,
    4.813628143625));
#5783 = ORIENTED_EDGE('',*,*,#5784,.F.);
#5784 = EDGE_CURVE('',#5755,#5771,#5785,.T.);
#5785 = LINE('',#5786,#5787);
#5786 = CARTESIAN_POINT('',(13.594160747276,-1.750414361612,
    4.54849355031));
#5787 = VECTOR('',#5788,1.);
#5788 = DIRECTION('',(0.923879532511,5.093746534055E-17,0.382683432365)
  );
#5789 = PLANE('',#5790);
#5790 = AXIS2_PLACEMENT_3D('',#5791,#5792,#5793);
#5791 = CARTESIAN_POINT('',(13.211477314911,-1.750414361612,
    5.472373082821));
#5792 = DIRECTION('',(5.093746534055E-17,1.,-2.560799311353E-16));
#5793 = DIRECTION('',(0.382683432365,-2.560799311353E-16,-0.923879532511
    ));
#5794 = ADVANCED_FACE('',(#5795),#5836,.T.);
#5795 = FACE_BOUND('',#5796,.F.);
#5796 = EDGE_LOOP('',(#5797,#5798,#5806,#5814,#5822,#5830));
#5797 = ORIENTED_EDGE('',*,*,#5752,.T.);
#5798 = ORIENTED_EDGE('',*,*,#5799,.T.);
#5799 = EDGE_CURVE('',#5755,#5800,#5802,.T.);
#5800 = VERTEX_POINT('',#5801);
#5801 = CARTESIAN_POINT('',(14.168185895824,8.820592653152E-17,
    3.162674251543));
#5802 = LINE('',#5803,#5804);
#5803 = CARTESIAN_POINT('',(13.594160747276,-1.750414361612,
    4.54849355031));
#5804 = VECTOR('',#5805,1.);
#5805 = DIRECTION('',(0.249013085656,0.759332726909,-0.601170768598));
#5806 = ORIENTED_EDGE('',*,*,#5807,.T.);
#5807 = EDGE_CURVE('',#5800,#5808,#5810,.T.);
#5808 = VERTEX_POINT('',#5809);
#5809 = CARTESIAN_POINT('',(13.594160747276,1.500414361612,4.54849355031
    ));
#5810 = LINE('',#5811,#5812);
#5811 = CARTESIAN_POINT('',(14.168185895824,8.820592653152E-17,
    3.162674251543));
#5812 = VECTOR('',#5813,1.);
#5813 = DIRECTION('',(-0.270560677507,0.707204426923,0.653191257081));
#5814 = ORIENTED_EDGE('',*,*,#5815,.T.);
#5815 = EDGE_CURVE('',#5808,#5816,#5818,.T.);
#5816 = VERTEX_POINT('',#5817);
#5817 = CARTESIAN_POINT('',(13.211477314911,1.500414361612,
    5.472373082821));
#5818 = LINE('',#5819,#5820);
#5819 = CARTESIAN_POINT('',(13.594160747276,1.500414361612,4.54849355031
    ));
#5820 = VECTOR('',#5821,1.);
#5821 = DIRECTION('',(-0.382683432365,2.560799311353E-16,0.923879532511)
  );
#5822 = ORIENTED_EDGE('',*,*,#5823,.T.);
#5823 = EDGE_CURVE('',#5816,#5824,#5826,.T.);
#5824 = VERTEX_POINT('',#5825);
#5825 = CARTESIAN_POINT('',(13.785502463459,3.442858576669E-16,
    4.086553784054));
#5826 = LINE('',#5827,#5828);
#5827 = CARTESIAN_POINT('',(13.211477314911,1.500414361612,
    5.472373082821));
#5828 = VECTOR('',#5829,1.);
#5829 = DIRECTION('',(0.270560677507,-0.707204426923,-0.653191257081));
#5830 = ORIENTED_EDGE('',*,*,#5831,.T.);
#5831 = EDGE_CURVE('',#5824,#5753,#5832,.T.);
#5832 = LINE('',#5833,#5834);
#5833 = CARTESIAN_POINT('',(13.785502463459,3.442858576669E-16,
    4.086553784054));
#5834 = VECTOR('',#5835,1.);
#5835 = DIRECTION('',(-0.249013085656,-0.759332726909,0.601170768598));
#5836 = PLANE('',#5837);
#5837 = AXIS2_PLACEMENT_3D('',#5838,#5839,#5840);
#5838 = CARTESIAN_POINT('',(13.636943747214,-0.101510508611,
    4.445206251622));
#5839 = DIRECTION('',(-0.923879532511,-5.093746534055E-17,
    -0.382683432365));
#5840 = DIRECTION('',(-0.382683432365,2.560799311353E-16,0.923879532511)
  );
#5841 = ADVANCED_FACE('',(#5842),#5862,.F.);
#5842 = FACE_BOUND('',#5843,.F.);
#5843 = EDGE_LOOP('',(#5844,#5845,#5846,#5856));
#5844 = ORIENTED_EDGE('',*,*,#5799,.F.);
#5845 = ORIENTED_EDGE('',*,*,#5784,.T.);
#5846 = ORIENTED_EDGE('',*,*,#5847,.F.);
#5847 = EDGE_CURVE('',#5848,#5771,#5850,.T.);
#5848 = VERTEX_POINT('',#5849);
#5849 = CARTESIAN_POINT('',(14.707117523003,1.179195527288E-16,
    3.385907040712));
#5850 = B_SPLINE_CURVE_WITH_KNOTS('',4,(#5851,#5852,#5853,#5854,#5855),
  .UNSPECIFIED.,.F.,.F.,(5,5),(0.,1.),.PIECEWISE_BEZIER_KNOTS.);
#5851 = CARTESIAN_POINT('',(14.707117523003,2.22044604925E-16,
    3.385907040712));
#5852 = CARTESIAN_POINT('',(14.622162928582,-0.435774405179,
    3.754918118798));
#5853 = CARTESIAN_POINT('',(14.514800888393,-0.873506546124,
    4.116463617205));
#5854 = CARTESIAN_POINT('',(14.385360202957,-1.312084436222,
    4.469648311812));
#5855 = CARTESIAN_POINT('',(14.234252278314,-1.750414361612,
    4.813628143625));
#5856 = ORIENTED_EDGE('',*,*,#5857,.F.);
#5857 = EDGE_CURVE('',#5800,#5848,#5858,.T.);
#5858 = LINE('',#5859,#5860);
#5859 = CARTESIAN_POINT('',(14.168185895824,8.820592653152E-17,
    3.162674251543));
#5860 = VECTOR('',#5861,1.);
#5861 = DIRECTION('',(0.923879532511,5.093746534055E-17,0.382683432365)
  );
#5862 = PLANE('',#5863);
#5863 = AXIS2_PLACEMENT_3D('',#5864,#5865,#5866);
#5864 = CARTESIAN_POINT('',(13.594160747276,-1.750414361612,
    4.54849355031));
#5865 = DIRECTION('',(-0.290584054241,0.650702550975,0.701531964757));
#5866 = DIRECTION('',(0.249013085656,0.759332726909,-0.601170768598));
#5867 = ADVANCED_FACE('',(#5868),#5917,.T.);
#5868 = FACE_BOUND('',#5869,.T.);
#5869 = EDGE_LOOP('',(#5870,#5883,#5884,#5885,#5895,#5909));
#5870 = ORIENTED_EDGE('',*,*,#5871,.T.);
#5871 = EDGE_CURVE('',#5872,#5763,#5874,.T.);
#5872 = VERTEX_POINT('',#5873);
#5873 = CARTESIAN_POINT('',(14.448028162714,3.808137583893E-16,
    4.360980914106));
#5874 = B_SPLINE_CURVE_WITH_KNOTS('',4,(#5875,#5876,#5877,#5878,#5879,
    #5880,#5881,#5882),.UNSPECIFIED.,.F.,.F.,(5,3,5),(0.,0.859040906687,
    1.),.UNSPECIFIED.);
#5875 = CARTESIAN_POINT('',(14.448028162714,3.808137583893E-16,
    4.360980914106));
#5876 = CARTESIAN_POINT('',(14.354616863472,-0.375362838397,
    4.670454656354));
#5877 = CARTESIAN_POINT('',(14.244951140793,-0.751580097853,
    4.973988110052));
#5878 = CARTESIAN_POINT('',(14.119244804384,-1.127960104082,
    5.271028278968));
#5879 = CARTESIAN_POINT('',(13.954540153556,-1.565489825124,
    5.608633936753));
#5880 = CARTESIAN_POINT('',(13.930898611274,-1.627149502621,
    5.656033422315));
#5881 = CARTESIAN_POINT('',(13.906833290093,-1.688792027003,
    5.703241462621));
#5882 = CARTESIAN_POINT('',(13.882345366856,-1.750414361612,
    5.750255728499));
#5883 = ORIENTED_EDGE('',*,*,#5770,.T.);
#5884 = ORIENTED_EDGE('',*,*,#5847,.F.);
#5885 = ORIENTED_EDGE('',*,*,#5886,.F.);
#5886 = EDGE_CURVE('',#5887,#5848,#5889,.T.);
#5887 = VERTEX_POINT('',#5888);
#5888 = CARTESIAN_POINT('',(14.250404720043,1.500414361612,
    4.820318704055));
#5889 = B_SPLINE_CURVE_WITH_KNOTS('',4,(#5890,#5891,#5892,#5893,#5894),
  .UNSPECIFIED.,.F.,.F.,(5,5),(0.,1.),.PIECEWISE_BEZIER_KNOTS.);
#5890 = CARTESIAN_POINT('',(14.250404720043,1.500414361612,
    4.820318704055));
#5891 = CARTESIAN_POINT('',(14.393529647771,1.124426479542,
    4.472749029052));
#5892 = CARTESIAN_POINT('',(14.517579224002,0.7484591178,4.117300289662)
  );
#5893 = CARTESIAN_POINT('',(14.622202209091,0.373362942798,
    3.754747498067));
#5894 = CARTESIAN_POINT('',(14.707117523003,1.179195527288E-16,
    3.385907040712));
#5895 = ORIENTED_EDGE('',*,*,#5896,.F.);
#5896 = EDGE_CURVE('',#5897,#5887,#5899,.T.);
#5897 = VERTEX_POINT('',#5898);
#5898 = CARTESIAN_POINT('',(13.898462040935,1.500414361612,
    5.756931473483));
#5899 = B_SPLINE_CURVE_WITH_KNOTS('',8,(#5900,#5901,#5902,#5903,#5904,
    #5905,#5906,#5907,#5908),.UNSPECIFIED.,.F.,.F.,(9,9),(0.,1.),
  .PIECEWISE_BEZIER_KNOTS.);
#5900 = CARTESIAN_POINT('',(13.898462040935,1.500414361612,
    5.756931473483));
#5901 = CARTESIAN_POINT('',(13.946332740828,1.500414361612,
    5.641361380561));
#5902 = CARTESIAN_POINT('',(13.993105179297,1.500414361612,
    5.525336275332));
#5903 = CARTESIAN_POINT('',(14.038774317747,1.500414361612,
    5.408868477293));
#5904 = CARTESIAN_POINT('',(14.083335174069,1.500414361612,
    5.291969951976));
#5905 = CARTESIAN_POINT('',(14.126783201297,1.500414361612,
    5.174653604653));
#5906 = CARTESIAN_POINT('',(14.169113611008,1.500414361612,
    5.056931080747));
#5907 = CARTESIAN_POINT('',(14.210322237445,1.500414361612,
    4.938815392097));
#5908 = CARTESIAN_POINT('',(14.250404720043,1.500414361612,
    4.820318704055));
#5909 = ORIENTED_EDGE('',*,*,#5910,.T.);
#5910 = EDGE_CURVE('',#5897,#5872,#5911,.T.);
#5911 = B_SPLINE_CURVE_WITH_KNOTS('',4,(#5912,#5913,#5914,#5915,#5916),
  .UNSPECIFIED.,.F.,.F.,(5,5),(0.,1.),.PIECEWISE_BEZIER_KNOTS.);
#5912 = CARTESIAN_POINT('',(13.898462040935,1.500414361612,
    5.756931473483));
#5913 = CARTESIAN_POINT('',(14.064215615287,1.125460957613,5.41985429258
    ));
#5914 = CARTESIAN_POINT('',(14.211293102175,0.749846014813,
    5.074325376267));
#5915 = CARTESIAN_POINT('',(14.339329121798,0.374410412648,4.72110328926
    ));
#5916 = CARTESIAN_POINT('',(14.448028162714,0.,4.360980914106));
#5917 = SURFACE_OF_REVOLUTION('',#5918,#5923);
#5918 = CIRCLE('',#5919,23.350974086829);
#5919 = AXIS2_PLACEMENT_3D('',#5920,#5921,#5922);
#5920 = CARTESIAN_POINT('',(0.,-1.088741204263E-14,-8.259132836545));
#5921 = DIRECTION('',(1.,0.,0.));
#5922 = DIRECTION('',(0.,1.,0.));
#5923 = AXIS1_PLACEMENT('',#5924,#5925);
#5924 = CARTESIAN_POINT('',(0.,0.,0.));
#5925 = DIRECTION('',(-1.110223024625E-16,-1.,1.110223024625E-16));
#5926 = ADVANCED_FACE('',(#5927),#5938,.F.);
#5927 = FACE_BOUND('',#5928,.F.);
#5928 = EDGE_LOOP('',(#5929,#5930,#5936,#5937));
#5929 = ORIENTED_EDGE('',*,*,#5831,.F.);
#5930 = ORIENTED_EDGE('',*,*,#5931,.T.);
#5931 = EDGE_CURVE('',#5824,#5872,#5932,.T.);
#5932 = LINE('',#5933,#5934);
#5933 = CARTESIAN_POINT('',(13.785502463459,3.442858576669E-16,
    4.086553784054));
#5934 = VECTOR('',#5935,1.);
#5935 = DIRECTION('',(0.923879532511,5.093746534055E-17,0.382683432365)
  );
#5936 = ORIENTED_EDGE('',*,*,#5871,.T.);
#5937 = ORIENTED_EDGE('',*,*,#5762,.F.);
#5938 = PLANE('',#5939);
#5939 = AXIS2_PLACEMENT_3D('',#5940,#5941,#5942);
#5940 = CARTESIAN_POINT('',(13.785502463459,3.442858576669E-16,
    4.086553784054));
#5941 = DIRECTION('',(0.290584054241,-0.650702550975,-0.701531964757));
#5942 = DIRECTION('',(-0.249013085656,-0.759332726909,0.601170768598));
#5943 = ADVANCED_FACE('',(#5944),#5955,.F.);
#5944 = FACE_BOUND('',#5945,.F.);
#5945 = EDGE_LOOP('',(#5946,#5947,#5948,#5949));
#5946 = ORIENTED_EDGE('',*,*,#5807,.F.);
#5947 = ORIENTED_EDGE('',*,*,#5857,.T.);
#5948 = ORIENTED_EDGE('',*,*,#5886,.F.);
#5949 = ORIENTED_EDGE('',*,*,#5950,.F.);
#5950 = EDGE_CURVE('',#5808,#5887,#5951,.T.);
#5951 = LINE('',#5952,#5953);
#5952 = CARTESIAN_POINT('',(13.594160747276,1.500414361612,4.54849355031
    ));
#5953 = VECTOR('',#5954,1.);
#5954 = DIRECTION('',(0.923879532511,5.093746534055E-17,0.382683432365)
  );
#5955 = PLANE('',#5956);
#5956 = AXIS2_PLACEMENT_3D('',#5957,#5958,#5959);
#5957 = CARTESIAN_POINT('',(14.168185895824,8.820592653152E-17,
    3.162674251543));
#5958 = DIRECTION('',(-0.270635417479,-0.707009121964,0.653371695336));
#5959 = DIRECTION('',(-0.270560677507,0.707204426923,0.653191257081));
#5960 = ADVANCED_FACE('',(#5961),#5972,.F.);
#5961 = FACE_BOUND('',#5962,.F.);
#5962 = EDGE_LOOP('',(#5963,#5964,#5965,#5966));
#5963 = ORIENTED_EDGE('',*,*,#5815,.F.);
#5964 = ORIENTED_EDGE('',*,*,#5950,.T.);
#5965 = ORIENTED_EDGE('',*,*,#5896,.F.);
#5966 = ORIENTED_EDGE('',*,*,#5967,.F.);
#5967 = EDGE_CURVE('',#5816,#5897,#5968,.T.);
#5968 = LINE('',#5969,#5970);
#5969 = CARTESIAN_POINT('',(13.211477314911,1.500414361612,
    5.472373082821));
#5970 = VECTOR('',#5971,1.);
#5971 = DIRECTION('',(0.923879532511,5.093746534055E-17,0.382683432365)
  );
#5972 = PLANE('',#5973);
#5973 = AXIS2_PLACEMENT_3D('',#5974,#5975,#5976);
#5974 = CARTESIAN_POINT('',(13.594160747276,1.500414361612,4.54849355031
    ));
#5975 = DIRECTION('',(-5.093746534055E-17,-1.,2.560799311353E-16));
#5976 = DIRECTION('',(-0.382683432365,2.560799311353E-16,0.923879532511)
  );
#5977 = ADVANCED_FACE('',(#5978),#5984,.F.);
#5978 = FACE_BOUND('',#5979,.F.);
#5979 = EDGE_LOOP('',(#5980,#5981,#5982,#5983));
#5980 = ORIENTED_EDGE('',*,*,#5823,.F.);
#5981 = ORIENTED_EDGE('',*,*,#5967,.T.);
#5982 = ORIENTED_EDGE('',*,*,#5910,.T.);
#5983 = ORIENTED_EDGE('',*,*,#5931,.F.);
#5984 = PLANE('',#5985);
#5985 = AXIS2_PLACEMENT_3D('',#5986,#5987,#5988);
#5986 = CARTESIAN_POINT('',(13.211477314911,1.500414361612,
    5.472373082821));
#5987 = DIRECTION('',(0.270635417479,0.707009121964,-0.653371695336));
#5988 = DIRECTION('',(0.270560677507,-0.707204426923,-0.653191257081));
#5989 = MANIFOLD_SOLID_BREP('',#5990);
#5990 = CLOSED_SHELL('',(#5991,#6037,#6084,#6110,#6169,#6186,#6203,#6220
    ));
#5991 = ADVANCED_FACE('',(#5992),#6032,.F.);
#5992 = FACE_BOUND('',#5993,.F.);
#5993 = EDGE_LOOP('',(#5994,#6004,#6012,#6026));
#5994 = ORIENTED_EDGE('',*,*,#5995,.F.);
#5995 = EDGE_CURVE('',#5996,#5998,#6000,.T.);
#5996 = VERTEX_POINT('',#5997);
#5997 = CARTESIAN_POINT('',(14.025229509766,-1.750414361612,
    2.789791604831));
#5998 = VERTEX_POINT('',#5999);
#5999 = CARTESIAN_POINT('',(14.220319831782,-1.750414361612,
    1.809006324427));
#6000 = LINE('',#6001,#6002);
#6001 = CARTESIAN_POINT('',(14.025229509766,-1.750414361612,
    2.789791604831));
#6002 = VECTOR('',#6003,1.);
#6003 = DIRECTION('',(0.195090322016,-2.415707192526E-16,-0.980785280403
    ));
#6004 = ORIENTED_EDGE('',*,*,#6005,.T.);
#6005 = EDGE_CURVE('',#5996,#6006,#6008,.T.);
#6006 = VERTEX_POINT('',#6007);
#6007 = CARTESIAN_POINT('',(14.737419235034,-1.750414361612,
    2.931454949107));
#6008 = LINE('',#6009,#6010);
#6009 = CARTESIAN_POINT('',(14.025229509766,-1.750414361612,
    2.789791604831));
#6010 = VECTOR('',#6011,1.);
#6011 = DIRECTION('',(0.980785280403,2.379263914919E-17,0.195090322016)
  );
#6012 = ORIENTED_EDGE('',*,*,#6013,.T.);
#6013 = EDGE_CURVE('',#6006,#6014,#6016,.T.);
#6014 = VERTEX_POINT('',#6015);
#6015 = CARTESIAN_POINT('',(14.899837376722,-1.750414361612,
    1.944170767967));
#6016 = B_SPLINE_CURVE_WITH_KNOTS('',8,(#6017,#6018,#6019,#6020,#6021,
    #6022,#6023,#6024,#6025),.UNSPECIFIED.,.F.,.F.,(9,9),(0.,1.),
  .PIECEWISE_BEZIER_KNOTS.);
#6017 = CARTESIAN_POINT('',(14.737419235034,-1.750414361612,
    2.931454949107));
#6018 = CARTESIAN_POINT('',(14.748771566071,-1.750414361612,
    2.874382928112));
#6019 = CARTESIAN_POINT('',(14.772334945217,-1.750414361612,
    2.754613440655));
#6020 = CARTESIAN_POINT('',(14.800825796305,-1.750414361612,
    2.603597873493));
#6021 = CARTESIAN_POINT('',(14.828557671658,-1.750414361612,
    2.441541614474));
#6022 = CARTESIAN_POINT('',(14.853555942464,-1.750414361612,
    2.282202674812));
#6023 = CARTESIAN_POINT('',(14.874291983127,-1.750414361612,
    2.136690278481));
#6024 = CARTESIAN_POINT('',(14.890223355454,-1.750414361612,
    2.017851379397));
#6025 = CARTESIAN_POINT('',(14.899837376722,-1.750414361612,
    1.944170767967));
#6026 = ORIENTED_EDGE('',*,*,#6027,.F.);
#6027 = EDGE_CURVE('',#5998,#6014,#6028,.T.);
#6028 = LINE('',#6029,#6030);
#6029 = CARTESIAN_POINT('',(14.220319831782,-1.750414361612,
    1.809006324427));
#6030 = VECTOR('',#6031,1.);
#6031 = DIRECTION('',(0.980785280403,2.379263914919E-17,0.195090322016)
  );
#6032 = PLANE('',#6033);
#6033 = AXIS2_PLACEMENT_3D('',#6034,#6035,#6036);
#6034 = CARTESIAN_POINT('',(14.025229509766,-1.750414361612,
    2.789791604831));
#6035 = DIRECTION('',(2.379263914919E-17,1.,-2.415707192526E-16));
#6036 = DIRECTION('',(0.195090322016,-2.415707192526E-16,-0.980785280403
    ));
#6037 = ADVANCED_FACE('',(#6038),#6079,.T.);
#6038 = FACE_BOUND('',#6039,.F.);
#6039 = EDGE_LOOP('',(#6040,#6041,#6049,#6057,#6065,#6073));
#6040 = ORIENTED_EDGE('',*,*,#5995,.T.);
#6041 = ORIENTED_EDGE('',*,*,#6042,.T.);
#6042 = EDGE_CURVE('',#5998,#6043,#6045,.T.);
#6043 = VERTEX_POINT('',#6044);
#6044 = CARTESIAN_POINT('',(14.512955314807,-2.636920582981E-16,
    0.337828403823));
#6045 = LINE('',#6046,#6047);
#6046 = CARTESIAN_POINT('',(14.220319831782,-1.750414361612,
    1.809006324427));
#6047 = VECTOR('',#6048,1.);
#6048 = DIRECTION('',(0.126945770206,0.759332726909,-0.638199483917));
#6049 = ORIENTED_EDGE('',*,*,#6050,.T.);
#6050 = EDGE_CURVE('',#6043,#6051,#6053,.T.);
#6051 = VERTEX_POINT('',#6052);
#6052 = CARTESIAN_POINT('',(14.220319831782,1.500414361612,
    1.809006324427));
#6053 = LINE('',#6054,#6055);
#6054 = CARTESIAN_POINT('',(14.512955314807,-2.636920582981E-16,
    0.337828403823));
#6055 = VECTOR('',#6056,1.);
#6056 = DIRECTION('',(-0.137930637272,0.707204426923,0.693424139933));
#6057 = ORIENTED_EDGE('',*,*,#6058,.T.);
#6058 = EDGE_CURVE('',#6051,#6059,#6061,.T.);
#6059 = VERTEX_POINT('',#6060);
#6060 = CARTESIAN_POINT('',(14.025229509766,1.500414361612,
    2.789791604831));
#6061 = LINE('',#6062,#6063);
#6062 = CARTESIAN_POINT('',(14.220319831782,1.500414361612,
    1.809006324427));
#6063 = VECTOR('',#6064,1.);
#6064 = DIRECTION('',(-0.195090322016,2.415707192526E-16,0.980785280403)
  );
#6065 = ORIENTED_EDGE('',*,*,#6066,.T.);
#6066 = EDGE_CURVE('',#6059,#6067,#6069,.T.);
#6067 = VERTEX_POINT('',#6068);
#6068 = CARTESIAN_POINT('',(14.31786499279,-2.212133904551E-17,
    1.318613684226));
#6069 = LINE('',#6070,#6071);
#6070 = CARTESIAN_POINT('',(14.025229509766,1.500414361612,
    2.789791604831));
#6071 = VECTOR('',#6072,1.);
#6072 = DIRECTION('',(0.137930637272,-0.707204426923,-0.693424139933));
#6073 = ORIENTED_EDGE('',*,*,#6074,.T.);
#6074 = EDGE_CURVE('',#6067,#5996,#6075,.T.);
#6075 = LINE('',#6076,#6077);
#6076 = CARTESIAN_POINT('',(14.31786499279,-2.212133904551E-17,
    1.318613684226));
#6077 = VECTOR('',#6078,1.);
#6078 = DIRECTION('',(-0.126945770206,-0.759332726909,0.638199483917));
#6079 = PLANE('',#6080);
#6080 = AXIS2_PLACEMENT_3D('',#6081,#6082,#6083);
#6081 = CARTESIAN_POINT('',(14.242130416011,-0.101510508611,
    1.699357112987));
#6082 = DIRECTION('',(-0.980785280403,-2.379263914919E-17,
    -0.195090322016));
#6083 = DIRECTION('',(-0.195090322016,2.415707192526E-16,0.980785280403)
  );
#6084 = ADVANCED_FACE('',(#6085),#6105,.F.);
#6085 = FACE_BOUND('',#6086,.F.);
#6086 = EDGE_LOOP('',(#6087,#6088,#6089,#6099));
#6087 = ORIENTED_EDGE('',*,*,#6042,.F.);
#6088 = ORIENTED_EDGE('',*,*,#6027,.T.);
#6089 = ORIENTED_EDGE('',*,*,#6090,.F.);
#6090 = EDGE_CURVE('',#6091,#6014,#6093,.T.);
#6091 = VERTEX_POINT('',#6092);
#6092 = CARTESIAN_POINT('',(15.085082078611,-2.498129698669E-16,
    0.451631492852));
#6093 = B_SPLINE_CURVE_WITH_KNOTS('',4,(#6094,#6095,#6096,#6097,#6098),
  .UNSPECIFIED.,.F.,.F.,(5,5),(0.,1.),.PIECEWISE_BEZIER_KNOTS.);
#6094 = CARTESIAN_POINT('',(15.085082078611,-2.22044604925E-16,
    0.451631492852));
#6095 = CARTESIAN_POINT('',(15.073750352952,-0.435774405179,
    0.830125945727));
#6096 = CARTESIAN_POINT('',(15.038985271968,-0.873506546124,
    1.205669743753));
#6097 = CARTESIAN_POINT('',(14.980934668809,-1.312084436222,
    1.577320718492));
#6098 = CARTESIAN_POINT('',(14.899837376722,-1.750414361612,
    1.944170767967));
#6099 = ORIENTED_EDGE('',*,*,#6100,.F.);
#6100 = EDGE_CURVE('',#6043,#6091,#6101,.T.);
#6101 = LINE('',#6102,#6103);
#6102 = CARTESIAN_POINT('',(14.512955314807,-2.636920582981E-16,
    0.337828403823));
#6103 = VECTOR('',#6104,1.);
#6104 = DIRECTION('',(0.980785280403,2.379263914919E-17,0.195090322016)
  );
#6105 = PLANE('',#6106);
#6106 = AXIS2_PLACEMENT_3D('',#6107,#6108,#6109);
#6107 = CARTESIAN_POINT('',(14.220319831782,-1.750414361612,
    1.809006324427));
#6108 = DIRECTION('',(-0.14813846621,0.650702550975,0.744742361481));
#6109 = DIRECTION('',(0.126945770206,0.759332726909,-0.638199483917));
#6110 = ADVANCED_FACE('',(#6111),#6160,.T.);
#6111 = FACE_BOUND('',#6112,.T.);
#6112 = EDGE_LOOP('',(#6113,#6126,#6127,#6128,#6138,#6152));
#6113 = ORIENTED_EDGE('',*,*,#6114,.T.);
#6114 = EDGE_CURVE('',#6115,#6006,#6117,.T.);
#6115 = VERTEX_POINT('',#6116);
#6116 = CARTESIAN_POINT('',(15.02119852368,-5.059336549806E-18,
    1.458515421913));
#6117 = B_SPLINE_CURVE_WITH_KNOTS('',4,(#6118,#6119,#6120,#6121,#6122,
    #6123,#6124,#6125),.UNSPECIFIED.,.F.,.F.,(5,3,5),(0.,0.859040906687,
    1.),.UNSPECIFIED.);
#6118 = CARTESIAN_POINT('',(15.02119852368,-5.059336549806E-18,
    1.458515421913));
#6119 = CARTESIAN_POINT('',(14.989957428391,-0.375362838397,
    1.78026635343));
#6120 = CARTESIAN_POINT('',(14.941615341047,-0.751580097853,
    2.099362218078));
#6121 = CARTESIAN_POINT('',(14.87627407885,-1.127960104082,
    2.415218933089));
#6122 = CARTESIAN_POINT('',(14.780597778196,-1.565489825124,
    2.778469876193));
#6123 = CARTESIAN_POINT('',(14.766657682421,-1.627149502621,
    2.829570830027));
#6124 = CARTESIAN_POINT('',(14.752264601423,-1.688792027003,
    2.880566692336));
#6125 = CARTESIAN_POINT('',(14.737419235034,-1.750414361612,
    2.931454949107));
#6126 = ORIENTED_EDGE('',*,*,#6013,.T.);
#6127 = ORIENTED_EDGE('',*,*,#6090,.F.);
#6128 = ORIENTED_EDGE('',*,*,#6129,.F.);
#6129 = EDGE_CURVE('',#6130,#6091,#6132,.T.);
#6130 = VERTEX_POINT('',#6131);
#6131 = CARTESIAN_POINT('',(14.916984717401,1.500414361612,
    1.947581586096));
#6132 = B_SPLINE_CURVE_WITH_KNOTS('',4,(#6133,#6134,#6135,#6136,#6137),
  .UNSPECIFIED.,.F.,.F.,(5,5),(0.,1.),.PIECEWISE_BEZIER_KNOTS.);
#6133 = CARTESIAN_POINT('',(14.916984717401,1.500414361612,
    1.947581586096));
#6134 = CARTESIAN_POINT('',(14.989552059956,1.124426479542,1.5787680767)
  );
#6135 = CARTESIAN_POINT('',(15.041873449337,0.7484591178,1.205948313395)
  );
#6136 = CARTESIAN_POINT('',(15.073755592243,0.373362942798,
    0.829950940178));
#6137 = CARTESIAN_POINT('',(15.085082078611,-2.498129698669E-16,
    0.451631492852));
#6138 = ORIENTED_EDGE('',*,*,#6139,.F.);
#6139 = EDGE_CURVE('',#6140,#6130,#6142,.T.);
#6140 = VERTEX_POINT('',#6141);
#6141 = CARTESIAN_POINT('',(14.754528604978,1.500414361612,
    2.934858214387));
#6142 = B_SPLINE_CURVE_WITH_KNOTS('',8,(#6143,#6144,#6145,#6146,#6147,
    #6148,#6149,#6150,#6151),.UNSPECIFIED.,.F.,.F.,(9,9),(0.,1.),
  .PIECEWISE_BEZIER_KNOTS.);
#6143 = CARTESIAN_POINT('',(14.754528604978,1.500414361612,
    2.934858214387));
#6144 = CARTESIAN_POINT('',(14.765946406709,1.500414361612,
    2.877457049997));
#6145 = CARTESIAN_POINT('',(14.789488727455,1.500414361612,
    2.757778892448));
#6146 = CARTESIAN_POINT('',(14.817952060764,1.500414361612,
    2.606889508548));
#6147 = CARTESIAN_POINT('',(14.845723959054,1.500414361612,
    2.444693734653));
#6148 = CARTESIAN_POINT('',(14.870818976159,1.500414361612,
    2.284841033016));
#6149 = CARTESIAN_POINT('',(14.891632183055,1.500414361612,
    2.138652979103));
#6150 = CARTESIAN_POINT('',(14.907574915942,1.500414361612,
    2.019653631921));
#6151 = CARTESIAN_POINT('',(14.916984717401,1.500414361612,
    1.947581586096));
#6152 = ORIENTED_EDGE('',*,*,#6153,.T.);
#6153 = EDGE_CURVE('',#6140,#6115,#6154,.T.);
#6154 = B_SPLINE_CURVE_WITH_KNOTS('',4,(#6155,#6156,#6157,#6158,#6159),
  .UNSPECIFIED.,.F.,.F.,(5,5),(0.,1.),.PIECEWISE_BEZIER_KNOTS.);
#6155 = CARTESIAN_POINT('',(14.754528604978,1.500414361612,
    2.934858214387));
#6156 = CARTESIAN_POINT('',(14.851336775111,1.125460957613,
    2.571920958803));
#6157 = CARTESIAN_POINT('',(14.928178861779,0.749846014813,2.20433788945
    ));
#6158 = CARTESIAN_POINT('',(14.98484449449,0.374410412648,1.832924277503
    ));
#6159 = CARTESIAN_POINT('',(15.02119852368,0.,1.458515421913));
#6160 = SURFACE_OF_REVOLUTION('',#6161,#6166);
#6161 = CIRCLE('',#6162,23.350974086829);
#6162 = AXIS2_PLACEMENT_3D('',#6163,#6164,#6165);
#6163 = CARTESIAN_POINT('',(0.,-1.088741204263E-14,-8.259132836545));
#6164 = DIRECTION('',(1.,0.,0.));
#6165 = DIRECTION('',(0.,1.,0.));
#6166 = AXIS1_PLACEMENT('',#6167,#6168);
#6167 = CARTESIAN_POINT('',(0.,0.,0.));
#6168 = DIRECTION('',(-1.110223024625E-16,-1.,1.110223024625E-16));
#6169 = ADVANCED_FACE('',(#6170),#6181,.F.);
#6170 = FACE_BOUND('',#6171,.F.);
#6171 = EDGE_LOOP('',(#6172,#6173,#6179,#6180));
#6172 = ORIENTED_EDGE('',*,*,#6074,.F.);
#6173 = ORIENTED_EDGE('',*,*,#6174,.T.);
#6174 = EDGE_CURVE('',#6067,#6115,#6175,.T.);
#6175 = LINE('',#6176,#6177);
#6176 = CARTESIAN_POINT('',(14.31786499279,-2.212133904551E-17,
    1.318613684226));
#6177 = VECTOR('',#6178,1.);
#6178 = DIRECTION('',(0.980785280403,2.379263914919E-17,0.195090322016)
  );
#6179 = ORIENTED_EDGE('',*,*,#6114,.T.);
#6180 = ORIENTED_EDGE('',*,*,#6005,.F.);
#6181 = PLANE('',#6182);
#6182 = AXIS2_PLACEMENT_3D('',#6183,#6184,#6185);
#6183 = CARTESIAN_POINT('',(14.31786499279,-2.212133904551E-17,
    1.318613684226));
#6184 = DIRECTION('',(0.14813846621,-0.650702550975,-0.744742361481));
#6185 = DIRECTION('',(-0.126945770206,-0.759332726909,0.638199483917));
#6186 = ADVANCED_FACE('',(#6187),#6198,.F.);
#6187 = FACE_BOUND('',#6188,.F.);
#6188 = EDGE_LOOP('',(#6189,#6190,#6191,#6192));
#6189 = ORIENTED_EDGE('',*,*,#6050,.F.);
#6190 = ORIENTED_EDGE('',*,*,#6100,.T.);
#6191 = ORIENTED_EDGE('',*,*,#6129,.F.);
#6192 = ORIENTED_EDGE('',*,*,#6193,.F.);
#6193 = EDGE_CURVE('',#6051,#6130,#6194,.T.);
#6194 = LINE('',#6195,#6196);
#6195 = CARTESIAN_POINT('',(14.220319831782,1.500414361612,
    1.809006324427));
#6196 = VECTOR('',#6197,1.);
#6197 = DIRECTION('',(0.980785280403,2.379263914919E-17,0.195090322016)
  );
#6198 = PLANE('',#6199);
#6199 = AXIS2_PLACEMENT_3D('',#6200,#6201,#6202);
#6200 = CARTESIAN_POINT('',(14.512955314807,-2.636920582981E-16,
    0.337828403823));
#6201 = DIRECTION('',(-0.13796873938,-0.707009121964,0.693615692162));
#6202 = DIRECTION('',(-0.137930637272,0.707204426923,0.693424139933));
#6203 = ADVANCED_FACE('',(#6204),#6215,.F.);
#6204 = FACE_BOUND('',#6205,.F.);
#6205 = EDGE_LOOP('',(#6206,#6207,#6208,#6209));
#6206 = ORIENTED_EDGE('',*,*,#6058,.F.);
#6207 = ORIENTED_EDGE('',*,*,#6193,.T.);
#6208 = ORIENTED_EDGE('',*,*,#6139,.F.);
#6209 = ORIENTED_EDGE('',*,*,#6210,.F.);
#6210 = EDGE_CURVE('',#6059,#6140,#6211,.T.);
#6211 = LINE('',#6212,#6213);
#6212 = CARTESIAN_POINT('',(14.025229509766,1.500414361612,
    2.789791604831));
#6213 = VECTOR('',#6214,1.);
#6214 = DIRECTION('',(0.980785280403,2.379263914919E-17,0.195090322016)
  );
#6215 = PLANE('',#6216);
#6216 = AXIS2_PLACEMENT_3D('',#6217,#6218,#6219);
#6217 = CARTESIAN_POINT('',(14.220319831782,1.500414361612,
    1.809006324427));
#6218 = DIRECTION('',(-2.379263914919E-17,-1.,2.415707192526E-16));
#6219 = DIRECTION('',(-0.195090322016,2.415707192526E-16,0.980785280403)
  );
#6220 = ADVANCED_FACE('',(#6221),#6227,.F.);
#6221 = FACE_BOUND('',#6222,.F.);
#6222 = EDGE_LOOP('',(#6223,#6224,#6225,#6226));
#6223 = ORIENTED_EDGE('',*,*,#6066,.F.);
#6224 = ORIENTED_EDGE('',*,*,#6210,.T.);
#6225 = ORIENTED_EDGE('',*,*,#6153,.T.);
#6226 = ORIENTED_EDGE('',*,*,#6174,.F.);
#6227 = PLANE('',#6228);
#6228 = AXIS2_PLACEMENT_3D('',#6229,#6230,#6231);
#6229 = CARTESIAN_POINT('',(14.025229509766,1.500414361612,
    2.789791604831));
#6230 = DIRECTION('',(0.13796873938,0.707009121964,-0.693615692162));
#6231 = DIRECTION('',(0.137930637272,-0.707204426923,-0.693424139933));
#6232 = MANIFOLD_SOLID_BREP('',#6233);
#6233 = CLOSED_SHELL('',(#6234,#6279,#6326,#6352,#6410,#6427,#6444,#6461
    ));
#6234 = ADVANCED_FACE('',(#6235),#6274,.F.);
#6235 = FACE_BOUND('',#6236,.F.);
#6236 = EDGE_LOOP('',(#6237,#6247,#6255,#6268));
#6237 = ORIENTED_EDGE('',*,*,#6238,.F.);
#6238 = EDGE_CURVE('',#6239,#6241,#6243,.T.);
#6239 = VERTEX_POINT('',#6240);
#6240 = CARTESIAN_POINT('',(14.3,-1.750414361612,3.14186330751E-15));
#6241 = VERTEX_POINT('',#6242);
#6242 = CARTESIAN_POINT('',(14.3,-1.750414361612,-1.));
#6243 = LINE('',#6244,#6245);
#6244 = CARTESIAN_POINT('',(14.3,-1.750414361612,3.163907915807E-15));
#6245 = VECTOR('',#6246,1.);
#6246 = DIRECTION('',(2.22044604925E-16,-2.22044604925E-16,-1.));
#6247 = ORIENTED_EDGE('',*,*,#6248,.T.);
#6248 = EDGE_CURVE('',#6239,#6249,#6251,.T.);
#6249 = VERTEX_POINT('',#6250);
#6250 = CARTESIAN_POINT('',(15.02614234685,-1.750414361612,
    3.303099298035E-15));
#6251 = LINE('',#6252,#6253);
#6252 = CARTESIAN_POINT('',(14.3,-1.750414361612,3.14186330751E-15));
#6253 = VECTOR('',#6254,1.);
#6254 = DIRECTION('',(1.,2.465190328816E-32,2.22044604925E-16));
#6255 = ORIENTED_EDGE('',*,*,#6256,.T.);
#6256 = EDGE_CURVE('',#6249,#6257,#6259,.T.);
#6257 = VERTEX_POINT('',#6258);
#6258 = CARTESIAN_POINT('',(14.992830080668,-1.750414361612,-1.));
#6259 = B_SPLINE_CURVE_WITH_KNOTS('',7,(#6260,#6261,#6262,#6263,#6264,
    #6265,#6266,#6267),.UNSPECIFIED.,.F.,.F.,(8,8),(0.,1.),
  .PIECEWISE_BEZIER_KNOTS.);
#6260 = CARTESIAN_POINT('',(15.02614234685,-1.750414361612,
    3.325143906333E-15));
#6261 = CARTESIAN_POINT('',(15.02614234685,-1.750414361612,
    -0.142962838072));
#6262 = CARTESIAN_POINT('',(15.024555493901,-1.750414361612,
    -0.285925594987));
#6263 = CARTESIAN_POINT('',(15.021381582686,-1.750414361612,
    -0.428867405013));
#6264 = CARTESIAN_POINT('',(15.016621552024,-1.750414361612,
    -0.571766543463));
#6265 = CARTESIAN_POINT('',(15.010275127668,-1.750414361612,
    -0.714602852999));
#6266 = CARTESIAN_POINT('',(15.002344391268,-1.750414361612,
    -0.857354232512));
#6267 = CARTESIAN_POINT('',(14.992830080668,-1.750414361612,-1.));
#6268 = ORIENTED_EDGE('',*,*,#6269,.F.);
#6269 = EDGE_CURVE('',#6241,#6257,#6270,.T.);
#6270 = LINE('',#6271,#6272);
#6271 = CARTESIAN_POINT('',(14.3,-1.750414361612,-1.));
#6272 = VECTOR('',#6273,1.);
#6273 = DIRECTION('',(1.,2.465190328816E-32,2.22044604925E-16));
#6274 = PLANE('',#6275);
#6275 = AXIS2_PLACEMENT_3D('',#6276,#6277,#6278);
#6276 = CARTESIAN_POINT('',(14.3,-1.750414361612,3.163907915807E-15));
#6277 = DIRECTION('',(2.465190328816E-32,1.,-2.22044604925E-16));
#6278 = DIRECTION('',(2.22044604925E-16,-2.22044604925E-16,-1.));
#6279 = ADVANCED_FACE('',(#6280),#6321,.T.);
#6280 = FACE_BOUND('',#6281,.F.);
#6281 = EDGE_LOOP('',(#6282,#6283,#6291,#6299,#6307,#6315));
#6282 = ORIENTED_EDGE('',*,*,#6238,.T.);
#6283 = ORIENTED_EDGE('',*,*,#6284,.T.);
#6284 = EDGE_CURVE('',#6241,#6285,#6287,.T.);
#6285 = VERTEX_POINT('',#6286);
#6286 = CARTESIAN_POINT('',(14.3,-5.551115123126E-16,-2.5));
#6287 = LINE('',#6288,#6289);
#6288 = CARTESIAN_POINT('',(14.3,-1.750414361612,-1.));
#6289 = VECTOR('',#6290,1.);
#6290 = DIRECTION('',(1.444849908549E-16,0.759332726909,-0.650702550975)
  );
#6291 = ORIENTED_EDGE('',*,*,#6292,.T.);
#6292 = EDGE_CURVE('',#6285,#6293,#6295,.T.);
#6293 = VERTEX_POINT('',#6294);
#6294 = CARTESIAN_POINT('',(14.3,1.500414361612,-1.));
#6295 = LINE('',#6296,#6297);
#6296 = CARTESIAN_POINT('',(14.3,-5.551115123126E-16,-2.5));
#6297 = VECTOR('',#6298,1.);
#6298 = DIRECTION('',(-1.569875611649E-16,0.707204426923,0.707009121964)
  );
#6299 = ORIENTED_EDGE('',*,*,#6300,.T.);
#6300 = EDGE_CURVE('',#6293,#6301,#6303,.T.);
#6301 = VERTEX_POINT('',#6302);
#6302 = CARTESIAN_POINT('',(14.3,1.500414361612,2.84207893628E-15));
#6303 = LINE('',#6304,#6305);
#6304 = CARTESIAN_POINT('',(14.3,1.500414361612,-1.));
#6305 = VECTOR('',#6306,1.);
#6306 = DIRECTION('',(-2.22044604925E-16,2.22044604925E-16,1.));
#6307 = ORIENTED_EDGE('',*,*,#6308,.T.);
#6308 = EDGE_CURVE('',#6301,#6309,#6311,.T.);
#6309 = VERTEX_POINT('',#6310);
#6310 = CARTESIAN_POINT('',(14.3,-3.330669073875E-16,-1.5));
#6311 = LINE('',#6312,#6313);
#6312 = CARTESIAN_POINT('',(14.3,1.500414361612,2.84207893628E-15));
#6313 = VECTOR('',#6314,1.);
#6314 = DIRECTION('',(1.569875611649E-16,-0.707204426923,-0.707009121964
    ));
#6315 = ORIENTED_EDGE('',*,*,#6316,.T.);
#6316 = EDGE_CURVE('',#6309,#6239,#6317,.T.);
#6317 = LINE('',#6318,#6319);
#6318 = CARTESIAN_POINT('',(14.3,-3.330669073875E-16,-1.5));
#6319 = VECTOR('',#6320,1.);
#6320 = DIRECTION('',(-1.444849908549E-16,-0.759332726909,0.650702550975
    ));
#6321 = PLANE('',#6322);
#6322 = AXIS2_PLACEMENT_3D('',#6323,#6324,#6325);
#6323 = CARTESIAN_POINT('',(14.3,-0.101510508611,-1.111797366489));
#6324 = DIRECTION('',(-1.,-2.465190328816E-32,-2.22044604925E-16));
#6325 = DIRECTION('',(-2.22044604925E-16,2.22044604925E-16,1.));
#6326 = ADVANCED_FACE('',(#6327),#6347,.F.);
#6327 = FACE_BOUND('',#6328,.F.);
#6328 = EDGE_LOOP('',(#6329,#6330,#6331,#6341));
#6329 = ORIENTED_EDGE('',*,*,#6284,.F.);
#6330 = ORIENTED_EDGE('',*,*,#6269,.T.);
#6331 = ORIENTED_EDGE('',*,*,#6332,.F.);
#6332 = EDGE_CURVE('',#6333,#6257,#6335,.T.);
#6333 = VERTEX_POINT('',#6334);
#6334 = CARTESIAN_POINT('',(14.88333538975,-5.551115123126E-16,-2.5));
#6335 = B_SPLINE_CURVE_WITH_KNOTS('',4,(#6336,#6337,#6338,#6339,#6340),
  .UNSPECIFIED.,.F.,.F.,(5,5),(0.,1.),.PIECEWISE_BEZIER_KNOTS.);
#6336 = CARTESIAN_POINT('',(14.88333538975,-6.661338147751E-16,-2.5));
#6337 = CARTESIAN_POINT('',(14.946062004714,-0.435774405179,
    -2.126567501899));
#6338 = CARTESIAN_POINT('',(14.985229885501,-0.873506546124,
    -1.751457341803));
#6339 = CARTESIAN_POINT('',(15.000800216743,-1.312084436222,
    -1.375622425469));
#6340 = CARTESIAN_POINT('',(14.992830080668,-1.750414361612,-1.));
#6341 = ORIENTED_EDGE('',*,*,#6342,.F.);
#6342 = EDGE_CURVE('',#6285,#6333,#6343,.T.);
#6343 = LINE('',#6344,#6345);
#6344 = CARTESIAN_POINT('',(14.3,-5.551115123126E-16,-2.5));
#6345 = VECTOR('',#6346,1.);
#6346 = DIRECTION('',(1.,2.465190328816E-32,2.22044604925E-16));
#6347 = PLANE('',#6348);
#6348 = AXIS2_PLACEMENT_3D('',#6349,#6350,#6351);
#6349 = CARTESIAN_POINT('',(14.3,-1.750414361612,-1.));
#6350 = DIRECTION('',(-1.686057353531E-16,0.650702550975,0.759332726909)
  );
#6351 = DIRECTION('',(1.444849908549E-16,0.759332726909,-0.650702550975)
  );
#6352 = ADVANCED_FACE('',(#6353),#6401,.T.);
#6353 = FACE_BOUND('',#6354,.T.);
#6354 = EDGE_LOOP('',(#6355,#6368,#6369,#6370,#6380,#6393));
#6355 = ORIENTED_EDGE('',*,*,#6356,.T.);
#6356 = EDGE_CURVE('',#6357,#6249,#6359,.T.);
#6357 = VERTEX_POINT('',#6358);
#6358 = CARTESIAN_POINT('',(15.017112649367,-3.330669073875E-16,-1.5));
#6359 = B_SPLINE_CURVE_WITH_KNOTS('',4,(#6360,#6361,#6362,#6363,#6364,
    #6365,#6366,#6367),.UNSPECIFIED.,.F.,.F.,(5,3,5),(0.,0.859040906687,
    1.),.UNSPECIFIED.);
#6360 = CARTESIAN_POINT('',(15.017112649367,-3.330669073875E-16,-1.5));
#6361 = CARTESIAN_POINT('',(15.049242335802,-0.375362838397,
    -1.178336587072));
#6362 = CARTESIAN_POINT('',(15.0640816431,-0.751580097853,-0.8559409866)
  );
#6363 = CARTESIAN_POINT('',(15.061616483176,-1.127960104082,
    -0.533405921918));
#6364 = CARTESIAN_POINT('',(15.038645319274,-1.565489825124,
    -0.158469223525));
#6365 = CARTESIAN_POINT('',(15.034942380069,-1.627149502621,
    -0.105630582416));
#6366 = CARTESIAN_POINT('',(15.030774657286,-1.688792027003,
    -5.280664049624E-02));
#6367 = CARTESIAN_POINT('',(15.02614234685,-1.750414361612,
    3.552713678801E-15));
#6368 = ORIENTED_EDGE('',*,*,#6256,.T.);
#6369 = ORIENTED_EDGE('',*,*,#6332,.F.);
#6370 = ORIENTED_EDGE('',*,*,#6371,.F.);
#6371 = EDGE_CURVE('',#6372,#6333,#6374,.T.);
#6372 = VERTEX_POINT('',#6373);
#6373 = CARTESIAN_POINT('',(15.010313357611,1.500414361612,-1.));
#6374 = B_SPLINE_CURVE_WITH_KNOTS('',4,(#6375,#6376,#6377,#6378,#6379),
  .UNSPECIFIED.,.F.,.F.,(5,5),(0.,1.),.PIECEWISE_BEZIER_KNOTS.);
#6375 = CARTESIAN_POINT('',(15.010313357611,1.500414361612,-1.));
#6376 = CARTESIAN_POINT('',(15.009534392715,1.124426479542,
    -1.375884047456));
#6377 = CARTESIAN_POINT('',(14.988116913592,0.7484591178,-1.751747580252
    ));
#6378 = CARTESIAN_POINT('',(14.946033001445,0.373362942798,-2.1267401669
    ));
#6379 = CARTESIAN_POINT('',(14.88333538975,-5.551115123126E-16,-2.5));
#6380 = ORIENTED_EDGE('',*,*,#6381,.F.);
#6381 = EDGE_CURVE('',#6382,#6372,#6384,.T.);
#6382 = VERTEX_POINT('',#6383);
#6383 = CARTESIAN_POINT('',(15.043586909168,1.500414361612,
    3.007188397754E-15));
#6384 = B_SPLINE_CURVE_WITH_KNOTS('',7,(#6385,#6386,#6387,#6388,#6389,
    #6390,#6391,#6392),.UNSPECIFIED.,.F.,.F.,(8,8),(0.,1.),
  .PIECEWISE_BEZIER_KNOTS.);
#6385 = CARTESIAN_POINT('',(15.043586909168,1.500414361612,
    2.997602166488E-15));
#6386 = CARTESIAN_POINT('',(15.043586909168,1.500414361612,
    -0.142962592918));
#6387 = CARTESIAN_POINT('',(15.042001902032,1.500414361612,
    -0.285925103993));
#6388 = CARTESIAN_POINT('',(15.038831681013,1.500414361612,
    -0.428866718692));
#6389 = CARTESIAN_POINT('',(15.034077187915,1.500414361612,
    -0.571765757151));
#6390 = CARTESIAN_POINT('',(15.027738138768,1.500414361612,
    -0.714602118176));
#6391 = CARTESIAN_POINT('',(15.019816619526,1.500414361612,
    -0.857353742397));
#6392 = CARTESIAN_POINT('',(15.010313357611,1.500414361612,-1.));
#6393 = ORIENTED_EDGE('',*,*,#6394,.T.);
#6394 = EDGE_CURVE('',#6382,#6357,#6395,.T.);
#6395 = B_SPLINE_CURVE_WITH_KNOTS('',4,(#6396,#6397,#6398,#6399,#6400),
  .UNSPECIFIED.,.F.,.F.,(5,5),(0.,1.),.PIECEWISE_BEZIER_KNOTS.);
#6396 = CARTESIAN_POINT('',(15.043586909168,1.500414361612,
    3.007188397754E-15));
#6397 = CARTESIAN_POINT('',(15.067729391393,1.125460957613,
    -0.374849855072));
#6398 = CARTESIAN_POINT('',(15.071383079545,0.749846014813,
    -0.750361066251));
#6399 = CARTESIAN_POINT('',(15.054500696857,0.374410412648,
    -1.125692986323));
#6400 = CARTESIAN_POINT('',(15.017112649367,-4.440892098501E-16,-1.5));
#6401 = SURFACE_OF_REVOLUTION('',#6402,#6407);
#6402 = CIRCLE('',#6403,23.350974086829);
#6403 = AXIS2_PLACEMENT_3D('',#6404,#6405,#6406);
#6404 = CARTESIAN_POINT('',(0.,-1.088741204263E-14,-8.259132836545));
#6405 = DIRECTION('',(1.,0.,0.));
#6406 = DIRECTION('',(0.,1.,0.));
#6407 = AXIS1_PLACEMENT('',#6408,#6409);
#6408 = CARTESIAN_POINT('',(0.,0.,0.));
#6409 = DIRECTION('',(-1.110223024625E-16,-1.,1.110223024625E-16));
#6410 = ADVANCED_FACE('',(#6411),#6422,.F.);
#6411 = FACE_BOUND('',#6412,.F.);
#6412 = EDGE_LOOP('',(#6413,#6414,#6420,#6421));
#6413 = ORIENTED_EDGE('',*,*,#6316,.F.);
#6414 = ORIENTED_EDGE('',*,*,#6415,.T.);
#6415 = EDGE_CURVE('',#6309,#6357,#6416,.T.);
#6416 = LINE('',#6417,#6418);
#6417 = CARTESIAN_POINT('',(14.3,-3.330669073875E-16,-1.5));
#6418 = VECTOR('',#6419,1.);
#6419 = DIRECTION('',(1.,2.465190328816E-32,2.22044604925E-16));
#6420 = ORIENTED_EDGE('',*,*,#6356,.T.);
#6421 = ORIENTED_EDGE('',*,*,#6248,.F.);
#6422 = PLANE('',#6423);
#6423 = AXIS2_PLACEMENT_3D('',#6424,#6425,#6426);
#6424 = CARTESIAN_POINT('',(14.3,-3.330669073875E-16,-1.5));
#6425 = DIRECTION('',(1.686057353531E-16,-0.650702550975,-0.759332726909
    ));
#6426 = DIRECTION('',(-1.444849908549E-16,-0.759332726909,0.650702550975
    ));
#6427 = ADVANCED_FACE('',(#6428),#6439,.F.);
#6428 = FACE_BOUND('',#6429,.F.);
#6429 = EDGE_LOOP('',(#6430,#6431,#6432,#6433));
#6430 = ORIENTED_EDGE('',*,*,#6292,.F.);
#6431 = ORIENTED_EDGE('',*,*,#6342,.T.);
#6432 = ORIENTED_EDGE('',*,*,#6371,.F.);
#6433 = ORIENTED_EDGE('',*,*,#6434,.F.);
#6434 = EDGE_CURVE('',#6293,#6372,#6435,.T.);
#6435 = LINE('',#6436,#6437);
#6436 = CARTESIAN_POINT('',(14.3,1.500414361612,-1.));
#6437 = VECTOR('',#6438,1.);
#6438 = DIRECTION('',(1.,2.465190328816E-32,2.22044604925E-16));
#6439 = PLANE('',#6440);
#6440 = AXIS2_PLACEMENT_3D('',#6441,#6442,#6443);
#6441 = CARTESIAN_POINT('',(14.3,-5.551115123126E-16,-2.5));
#6442 = DIRECTION('',(-1.570309275774E-16,-0.707009121964,0.707204426923
    ));
#6443 = DIRECTION('',(-1.569875611649E-16,0.707204426923,0.707009121964)
  );
#6444 = ADVANCED_FACE('',(#6445),#6456,.F.);
#6445 = FACE_BOUND('',#6446,.F.);
#6446 = EDGE_LOOP('',(#6447,#6448,#6449,#6450));
#6447 = ORIENTED_EDGE('',*,*,#6300,.F.);
#6448 = ORIENTED_EDGE('',*,*,#6434,.T.);
#6449 = ORIENTED_EDGE('',*,*,#6381,.F.);
#6450 = ORIENTED_EDGE('',*,*,#6451,.F.);
#6451 = EDGE_CURVE('',#6301,#6382,#6452,.T.);
#6452 = LINE('',#6453,#6454);
#6453 = CARTESIAN_POINT('',(14.3,1.500414361612,2.84207893628E-15));
#6454 = VECTOR('',#6455,1.);
#6455 = DIRECTION('',(1.,2.465190328816E-32,2.22044604925E-16));
#6456 = PLANE('',#6457);
#6457 = AXIS2_PLACEMENT_3D('',#6458,#6459,#6460);
#6458 = CARTESIAN_POINT('',(14.3,1.500414361612,-1.));
#6459 = DIRECTION('',(-2.465190328816E-32,-1.,2.22044604925E-16));
#6460 = DIRECTION('',(-2.22044604925E-16,2.22044604925E-16,1.));
#6461 = ADVANCED_FACE('',(#6462),#6468,.F.);
#6462 = FACE_BOUND('',#6463,.F.);
#6463 = EDGE_LOOP('',(#6464,#6465,#6466,#6467));
#6464 = ORIENTED_EDGE('',*,*,#6308,.F.);
#6465 = ORIENTED_EDGE('',*,*,#6451,.T.);
#6466 = ORIENTED_EDGE('',*,*,#6394,.T.);
#6467 = ORIENTED_EDGE('',*,*,#6415,.F.);
#6468 = PLANE('',#6469);
#6469 = AXIS2_PLACEMENT_3D('',#6470,#6471,#6472);
#6470 = CARTESIAN_POINT('',(14.3,1.500414361612,2.84207893628E-15));
#6471 = DIRECTION('',(1.570309275774E-16,0.707009121964,-0.707204426923)
  );
#6472 = DIRECTION('',(1.569875611649E-16,-0.707204426923,-0.707009121964
    ));
#6473 = MANIFOLD_SOLID_BREP('',#6474);
#6474 = CLOSED_SHELL('',(#6475,#6520,#6567,#6593,#6651,#6668,#6685,#6702
    ));
#6475 = ADVANCED_FACE('',(#6476),#6515,.F.);
#6476 = FACE_BOUND('',#6477,.F.);
#6477 = EDGE_LOOP('',(#6478,#6488,#6496,#6509));
#6478 = ORIENTED_EDGE('',*,*,#6479,.F.);
#6479 = EDGE_CURVE('',#6480,#6482,#6484,.T.);
#6480 = VERTEX_POINT('',#6481);
#6481 = CARTESIAN_POINT('',(14.025229509766,-1.750414361612,
    -2.789791604831));
#6482 = VERTEX_POINT('',#6483);
#6483 = CARTESIAN_POINT('',(13.83013918775,-1.750414361612,
    -3.770576885234));
#6484 = LINE('',#6485,#6486);
#6485 = CARTESIAN_POINT('',(14.025229509766,-1.750414361612,
    -2.789791604831));
#6486 = VECTOR('',#6487,1.);
#6487 = DIRECTION('',(-0.195090322016,-1.982519657758E-16,
    -0.980785280403));
#6488 = ORIENTED_EDGE('',*,*,#6489,.T.);
#6489 = EDGE_CURVE('',#6480,#6490,#6492,.T.);
#6490 = VERTEX_POINT('',#6491);
#6491 = CARTESIAN_POINT('',(14.737419235034,-1.750414361612,
    -2.931454949107));
#6492 = LINE('',#6493,#6494);
#6493 = CARTESIAN_POINT('',(14.025229509766,-1.750414361612,
    -2.789791604831));
#6494 = VECTOR('',#6495,1.);
#6495 = DIRECTION('',(0.980785280403,-1.952611432758E-17,-0.195090322016
    ));
#6496 = ORIENTED_EDGE('',*,*,#6497,.T.);
#6497 = EDGE_CURVE('',#6490,#6498,#6500,.T.);
#6498 = VERTEX_POINT('',#6499);
#6499 = CARTESIAN_POINT('',(14.50965673269,-1.750414361612,
    -3.905741328774));
#6500 = B_SPLINE_CURVE_WITH_KNOTS('',7,(#6501,#6502,#6503,#6504,#6505,
    #6506,#6507,#6508),.UNSPECIFIED.,.F.,.F.,(8,8),(0.,1.),
  .PIECEWISE_BEZIER_KNOTS.);
#6501 = CARTESIAN_POINT('',(14.737419235034,-1.750414361612,
    -2.931454949107));
#6502 = CARTESIAN_POINT('',(14.709528585989,-1.750414361612,
    -3.071670707671));
#6503 = CARTESIAN_POINT('',(14.680081554427,-1.750414361612,
    -3.211576935464));
#6504 = CARTESIAN_POINT('',(14.649082132811,-1.750414361612,
    -3.351152939034));
#6505 = CARTESIAN_POINT('',(14.616535173882,-1.750414361612,
    -3.490377794862));
#6506 = CARTESIAN_POINT('',(14.582444877594,-1.750414361612,
    -3.629231286722));
#6507 = CARTESIAN_POINT('',(14.546817032863,-1.750414361612,
    -3.76769254341));
#6508 = CARTESIAN_POINT('',(14.50965673269,-1.750414361612,
    -3.905741328774));
#6509 = ORIENTED_EDGE('',*,*,#6510,.F.);
#6510 = EDGE_CURVE('',#6482,#6498,#6511,.T.);
#6511 = LINE('',#6512,#6513);
#6512 = CARTESIAN_POINT('',(13.83013918775,-1.750414361612,
    -3.770576885234));
#6513 = VECTOR('',#6514,1.);
#6514 = DIRECTION('',(0.980785280403,-1.952611432758E-17,-0.195090322016
    ));
#6515 = PLANE('',#6516);
#6516 = AXIS2_PLACEMENT_3D('',#6517,#6518,#6519);
#6517 = CARTESIAN_POINT('',(14.025229509766,-1.750414361612,
    -2.789791604831));
#6518 = DIRECTION('',(-1.952611432758E-17,1.,-1.982519657758E-16));
#6519 = DIRECTION('',(-0.195090322016,-1.982519657758E-16,
    -0.980785280403));
#6520 = ADVANCED_FACE('',(#6521),#6562,.T.);
#6521 = FACE_BOUND('',#6522,.F.);
#6522 = EDGE_LOOP('',(#6523,#6524,#6532,#6540,#6548,#6556));
#6523 = ORIENTED_EDGE('',*,*,#6479,.T.);
#6524 = ORIENTED_EDGE('',*,*,#6525,.T.);
#6525 = EDGE_CURVE('',#6482,#6526,#6528,.T.);
#6526 = VERTEX_POINT('',#6527);
#6527 = CARTESIAN_POINT('',(13.537503704726,-7.74853349324E-16,
    -5.241754805839));
#6528 = LINE('',#6529,#6530);
#6529 = CARTESIAN_POINT('',(13.83013918775,-1.750414361612,
    -3.770576885234));
#6530 = VECTOR('',#6531,1.);
#6531 = DIRECTION('',(-0.126945770206,0.759332726909,-0.638199483917));
#6532 = ORIENTED_EDGE('',*,*,#6533,.T.);
#6533 = EDGE_CURVE('',#6526,#6534,#6536,.T.);
#6534 = VERTEX_POINT('',#6535);
#6535 = CARTESIAN_POINT('',(13.83013918775,1.500414361612,
    -3.770576885234));
#6536 = LINE('',#6537,#6538);
#6537 = CARTESIAN_POINT('',(13.537503704726,-7.74853349324E-16,
    -5.241754805839));
#6538 = VECTOR('',#6539,1.);
#6539 = DIRECTION('',(0.137930637272,0.707204426923,0.693424139933));
#6540 = ORIENTED_EDGE('',*,*,#6541,.T.);
#6541 = EDGE_CURVE('',#6534,#6542,#6544,.T.);
#6542 = VERTEX_POINT('',#6543);
#6543 = CARTESIAN_POINT('',(14.025229509766,1.500414361612,
    -2.789791604831));
#6544 = LINE('',#6545,#6546);
#6545 = CARTESIAN_POINT('',(13.83013918775,1.500414361612,
    -3.770576885234));
#6546 = VECTOR('',#6547,1.);
#6547 = DIRECTION('',(0.195090322016,1.982519657758E-16,0.980785280403)
  );
#6548 = ORIENTED_EDGE('',*,*,#6549,.T.);
#6549 = EDGE_CURVE('',#6542,#6550,#6552,.T.);
#6550 = VERTEX_POINT('',#6551);
#6551 = CARTESIAN_POINT('',(13.732594026742,-5.766013835481E-16,
    -4.260969525435));
#6552 = LINE('',#6553,#6554);
#6553 = CARTESIAN_POINT('',(14.025229509766,1.500414361612,
    -2.789791604831));
#6554 = VECTOR('',#6555,1.);
#6555 = DIRECTION('',(-0.137930637272,-0.707204426923,-0.693424139933));
#6556 = ORIENTED_EDGE('',*,*,#6557,.T.);
#6557 = EDGE_CURVE('',#6550,#6480,#6558,.T.);
#6558 = LINE('',#6559,#6560);
#6559 = CARTESIAN_POINT('',(13.732594026742,-5.766013835481E-16,
    -4.260969525435));
#6560 = VECTOR('',#6561,1.);
#6561 = DIRECTION('',(0.126945770206,-0.759332726909,0.638199483917));
#6562 = PLANE('',#6563);
#6563 = AXIS2_PLACEMENT_3D('',#6564,#6565,#6566);
#6564 = CARTESIAN_POINT('',(13.808328603521,-0.101510508611,
    -3.880226096674));
#6565 = DIRECTION('',(-0.980785280403,1.952611432758E-17,0.195090322016)
  );
#6566 = DIRECTION('',(0.195090322016,1.982519657758E-16,0.980785280403)
  );
#6567 = ADVANCED_FACE('',(#6568),#6588,.F.);
#6568 = FACE_BOUND('',#6569,.F.);
#6569 = EDGE_LOOP('',(#6570,#6571,#6572,#6582));
#6570 = ORIENTED_EDGE('',*,*,#6525,.F.);
#6571 = ORIENTED_EDGE('',*,*,#6510,.T.);
#6572 = ORIENTED_EDGE('',*,*,#6573,.F.);
#6573 = EDGE_CURVE('',#6574,#6498,#6576,.T.);
#6574 = VERTEX_POINT('',#6575);
#6575 = CARTESIAN_POINT('',(14.109630468531,-7.862436228356E-16,
    -5.355557894868));
#6576 = B_SPLINE_CURVE_WITH_KNOTS('',4,(#6577,#6578,#6579,#6580,#6581),
  .UNSPECIFIED.,.F.,.F.,(5,5),(0.,1.),.PIECEWISE_BEZIER_KNOTS.);
#6577 = CARTESIAN_POINT('',(14.109630468531,-4.440892098501E-16,
    -5.355557894868));
#6578 = CARTESIAN_POINT('',(14.244004875483,-0.435774405179,
    -5.001538153019));
#6579 = CARTESIAN_POINT('',(14.355600518348,-0.873506546124,
    -4.641276903943));
#6580 = CARTESIAN_POINT('',(14.444193424894,-1.312084436222,
    -4.275701171077));
#6581 = CARTESIAN_POINT('',(14.50965673269,-1.750414361612,
    -3.905741328774));
#6582 = ORIENTED_EDGE('',*,*,#6583,.F.);
#6583 = EDGE_CURVE('',#6526,#6574,#6584,.T.);
#6584 = LINE('',#6585,#6586);
#6585 = CARTESIAN_POINT('',(13.537503704726,-7.74853349324E-16,
    -5.241754805839));
#6586 = VECTOR('',#6587,1.);
#6587 = DIRECTION('',(0.980785280403,-1.952611432758E-17,-0.195090322016
    ));
#6588 = PLANE('',#6589);
#6589 = AXIS2_PLACEMENT_3D('',#6590,#6591,#6592);
#6590 = CARTESIAN_POINT('',(13.83013918775,-1.750414361612,
    -3.770576885234));
#6591 = DIRECTION('',(0.14813846621,0.650702550975,0.744742361481));
#6592 = DIRECTION('',(-0.126945770206,0.759332726909,-0.638199483917));
#6593 = ADVANCED_FACE('',(#6594),#6642,.T.);
#6594 = FACE_BOUND('',#6595,.T.);
#6595 = EDGE_LOOP('',(#6596,#6609,#6610,#6611,#6621,#6634));
#6596 = ORIENTED_EDGE('',*,*,#6597,.T.);
#6597 = EDGE_CURVE('',#6598,#6490,#6600,.T.);
#6598 = VERTEX_POINT('',#6599);
#6599 = CARTESIAN_POINT('',(14.435927557632,-5.906038071254E-16,
    -4.400871263122));
#6600 = B_SPLINE_CURVE_WITH_KNOTS('',4,(#6601,#6602,#6603,#6604,#6605,
    #6606,#6607,#6608),.UNSPECIFIED.,.F.,.F.,(5,3,5),(0.,0.859040906687,
    1.),.UNSPECIFIED.);
#6601 = CARTESIAN_POINT('',(14.435927557632,-5.906038071254E-16,
    -4.400871263122));
#6602 = CARTESIAN_POINT('',(14.530193299961,-0.375362838397,
    -4.091656713351));
#6603 = CARTESIAN_POINT('',(14.607643735642,-0.751580097853,
    -3.778350859181));
#6604 = CARTESIAN_POINT('',(14.668149412705,-1.127960104082,
    -3.461532286484));
#6605 = CARTESIAN_POINT('',(14.718766154501,-1.565489825124,
    -3.089318439854));
#6606 = CARTESIAN_POINT('',(14.725442673744,-1.627149502621,
    -3.036772670816));
#6607 = CARTESIAN_POINT('',(14.731660472425,-1.688792027003,
    -2.984150643748));
#6608 = CARTESIAN_POINT('',(14.737419235034,-1.750414361612,
    -2.931454949107));
#6609 = ORIENTED_EDGE('',*,*,#6497,.T.);
#6610 = ORIENTED_EDGE('',*,*,#6573,.F.);
#6611 = ORIENTED_EDGE('',*,*,#6612,.F.);
#6612 = EDGE_CURVE('',#6613,#6574,#6615,.T.);
#6613 = VERTEX_POINT('',#6614);
#6614 = CARTESIAN_POINT('',(14.526804073369,1.500414361612,
    -3.909152146903));
#6615 = B_SPLINE_CURVE_WITH_KNOTS('',4,(#6616,#6617,#6618,#6619,#6620),
  .UNSPECIFIED.,.F.,.F.,(5,5),(0.,1.),.PIECEWISE_BEZIER_KNOTS.);
#6616 = CARTESIAN_POINT('',(14.526804073369,1.500414361612,
    -3.909152146903));
#6617 = CARTESIAN_POINT('',(14.452708736206,1.124426479542,
    -4.277661719274));
#6618 = CARTESIAN_POINT('',(14.358375450292,0.7484591178,-4.642124796782
    ));
#6619 = CARTESIAN_POINT('',(14.243942744233,0.373362942798,
    -5.001701842053));
#6620 = CARTESIAN_POINT('',(14.109630468531,-7.862436228356E-16,
    -5.355557894868));
#6621 = ORIENTED_EDGE('',*,*,#6622,.F.);
#6622 = EDGE_CURVE('',#6623,#6613,#6625,.T.);
#6623 = VERTEX_POINT('',#6624);
#6624 = CARTESIAN_POINT('',(14.754528604978,1.500414361612,
    -2.934858214387));
#6625 = B_SPLINE_CURVE_WITH_KNOTS('',7,(#6626,#6627,#6628,#6629,#6630,
    #6631,#6632,#6633),.UNSPECIFIED.,.F.,.F.,(8,8),(0.,1.),
  .PIECEWISE_BEZIER_KNOTS.);
#6626 = CARTESIAN_POINT('',(14.754528604978,1.500414361612,
    -2.934858214387));
#6627 = CARTESIAN_POINT('',(14.731796056785,1.500414361612,
    -3.049142449363));
#6628 = CARTESIAN_POINT('',(14.702415638911,1.500414361612,
    -3.191458955579));
#6629 = CARTESIAN_POINT('',(14.66869419424,1.500414361612,
    -3.345345805033));
#6630 = CARTESIAN_POINT('',(14.63262164703,1.500414361612,
    -3.499065301524));
#6631 = CARTESIAN_POINT('',(14.596351005155,1.500414361612,
    -3.64552780599));
#6632 = CARTESIAN_POINT('',(14.561060640788,1.500414361612,
    -3.781851372493));
#6633 = CARTESIAN_POINT('',(14.526804073369,1.500414361612,
    -3.909152146903));
#6634 = ORIENTED_EDGE('',*,*,#6635,.T.);
#6635 = EDGE_CURVE('',#6623,#6598,#6636,.T.);
#6636 = B_SPLINE_CURVE_WITH_KNOTS('',4,(#6637,#6638,#6639,#6640,#6641),
  .UNSPECIFIED.,.F.,.F.,(5,5),(0.,1.),.PIECEWISE_BEZIER_KNOTS.);
#6637 = CARTESIAN_POINT('',(14.754528604978,1.500414361612,
    -2.934858214387));
#6638 = CARTESIAN_POINT('',(14.705077617243,1.125460957613,
    -3.307215399235));
#6639 = CARTESIAN_POINT('',(14.635402497693,0.749846014813,
    -3.676224066984));
#6640 = CARTESIAN_POINT('',(14.545620880104,0.374410412648,
    -4.041050499981));
#6641 = CARTESIAN_POINT('',(14.435927557632,-4.440892098501E-16,
    -4.400871263122));
#6642 = SURFACE_OF_REVOLUTION('',#6643,#6648);
#6643 = CIRCLE('',#6644,23.350974086829);
#6644 = AXIS2_PLACEMENT_3D('',#6645,#6646,#6647);
#6645 = CARTESIAN_POINT('',(0.,-1.088741204263E-14,-8.259132836545));
#6646 = DIRECTION('',(1.,0.,0.));
#6647 = DIRECTION('',(0.,1.,0.));
#6648 = AXIS1_PLACEMENT('',#6649,#6650);
#6649 = CARTESIAN_POINT('',(0.,0.,0.));
#6650 = DIRECTION('',(-1.110223024625E-16,-1.,1.110223024625E-16));
#6651 = ADVANCED_FACE('',(#6652),#6663,.F.);
#6652 = FACE_BOUND('',#6653,.F.);
#6653 = EDGE_LOOP('',(#6654,#6655,#6661,#6662));
#6654 = ORIENTED_EDGE('',*,*,#6557,.F.);
#6655 = ORIENTED_EDGE('',*,*,#6656,.T.);
#6656 = EDGE_CURVE('',#6550,#6598,#6657,.T.);
#6657 = LINE('',#6658,#6659);
#6658 = CARTESIAN_POINT('',(13.732594026742,-5.766013835481E-16,
    -4.260969525435));
#6659 = VECTOR('',#6660,1.);
#6660 = DIRECTION('',(0.980785280403,-1.952611432758E-17,-0.195090322016
    ));
#6661 = ORIENTED_EDGE('',*,*,#6597,.T.);
#6662 = ORIENTED_EDGE('',*,*,#6489,.F.);
#6663 = PLANE('',#6664);
#6664 = AXIS2_PLACEMENT_3D('',#6665,#6666,#6667);
#6665 = CARTESIAN_POINT('',(13.732594026742,-5.766013835481E-16,
    -4.260969525435));
#6666 = DIRECTION('',(-0.14813846621,-0.650702550975,-0.744742361481));
#6667 = DIRECTION('',(0.126945770206,-0.759332726909,0.638199483917));
#6668 = ADVANCED_FACE('',(#6669),#6680,.F.);
#6669 = FACE_BOUND('',#6670,.F.);
#6670 = EDGE_LOOP('',(#6671,#6672,#6673,#6674));
#6671 = ORIENTED_EDGE('',*,*,#6533,.F.);
#6672 = ORIENTED_EDGE('',*,*,#6583,.T.);
#6673 = ORIENTED_EDGE('',*,*,#6612,.F.);
#6674 = ORIENTED_EDGE('',*,*,#6675,.F.);
#6675 = EDGE_CURVE('',#6534,#6613,#6676,.T.);
#6676 = LINE('',#6677,#6678);
#6677 = CARTESIAN_POINT('',(13.83013918775,1.500414361612,
    -3.770576885234));
#6678 = VECTOR('',#6679,1.);
#6679 = DIRECTION('',(0.980785280403,-1.952611432758E-17,-0.195090322016
    ));
#6680 = PLANE('',#6681);
#6681 = AXIS2_PLACEMENT_3D('',#6682,#6683,#6684);
#6682 = CARTESIAN_POINT('',(13.537503704726,-7.74853349324E-16,
    -5.241754805839));
#6683 = DIRECTION('',(0.13796873938,-0.707009121964,0.693615692162));
#6684 = DIRECTION('',(0.137930637272,0.707204426923,0.693424139933));
#6685 = ADVANCED_FACE('',(#6686),#6697,.F.);
#6686 = FACE_BOUND('',#6687,.F.);
#6687 = EDGE_LOOP('',(#6688,#6689,#6690,#6691));
#6688 = ORIENTED_EDGE('',*,*,#6541,.F.);
#6689 = ORIENTED_EDGE('',*,*,#6675,.T.);
#6690 = ORIENTED_EDGE('',*,*,#6622,.F.);
#6691 = ORIENTED_EDGE('',*,*,#6692,.F.);
#6692 = EDGE_CURVE('',#6542,#6623,#6693,.T.);
#6693 = LINE('',#6694,#6695);
#6694 = CARTESIAN_POINT('',(14.025229509766,1.500414361612,
    -2.789791604831));
#6695 = VECTOR('',#6696,1.);
#6696 = DIRECTION('',(0.980785280403,-1.952611432758E-17,-0.195090322016
    ));
#6697 = PLANE('',#6698);
#6698 = AXIS2_PLACEMENT_3D('',#6699,#6700,#6701);
#6699 = CARTESIAN_POINT('',(13.83013918775,1.500414361612,
    -3.770576885234));
#6700 = DIRECTION('',(1.952611432758E-17,-1.,1.982519657758E-16));
#6701 = DIRECTION('',(0.195090322016,1.982519657758E-16,0.980785280403)
  );
#6702 = ADVANCED_FACE('',(#6703),#6709,.F.);
#6703 = FACE_BOUND('',#6704,.F.);
#6704 = EDGE_LOOP('',(#6705,#6706,#6707,#6708));
#6705 = ORIENTED_EDGE('',*,*,#6549,.F.);
#6706 = ORIENTED_EDGE('',*,*,#6692,.T.);
#6707 = ORIENTED_EDGE('',*,*,#6635,.T.);
#6708 = ORIENTED_EDGE('',*,*,#6656,.F.);
#6709 = PLANE('',#6710);
#6710 = AXIS2_PLACEMENT_3D('',#6711,#6712,#6713);
#6711 = CARTESIAN_POINT('',(14.025229509766,1.500414361612,
    -2.789791604831));
#6712 = DIRECTION('',(-0.13796873938,0.707009121964,-0.693615692162));
#6713 = DIRECTION('',(-0.137930637272,-0.707204426923,-0.693424139933));
#6714 = MANIFOLD_SOLID_BREP('',#6715);
#6715 = CLOSED_SHELL('',(#6716,#6762,#6809,#6835,#6894,#6911,#6928,#6945
    ));
#6716 = ADVANCED_FACE('',(#6717),#6757,.F.);
#6717 = FACE_BOUND('',#6718,.F.);
#6718 = EDGE_LOOP('',(#6719,#6729,#6737,#6751));
#6719 = ORIENTED_EDGE('',*,*,#6720,.F.);
#6720 = EDGE_CURVE('',#6721,#6723,#6725,.T.);
#6721 = VERTEX_POINT('',#6722);
#6722 = CARTESIAN_POINT('',(13.211477314911,-1.750414361612,
    -5.472373082821));
#6723 = VERTEX_POINT('',#6724);
#6724 = CARTESIAN_POINT('',(12.828793882546,-1.750414361612,
    -6.396252615332));
#6725 = LINE('',#6726,#6727);
#6726 = CARTESIAN_POINT('',(13.211477314911,-1.750414361612,
    -5.472373082821));
#6727 = VECTOR('',#6728,1.);
#6728 = DIRECTION('',(-0.382683432365,-1.711071395845E-16,
    -0.923879532511));
#6729 = ORIENTED_EDGE('',*,*,#6730,.T.);
#6730 = EDGE_CURVE('',#6721,#6731,#6733,.T.);
#6731 = VERTEX_POINT('',#6732);
#6732 = CARTESIAN_POINT('',(13.882345366856,-1.750414361612,
    -5.750255728499));
#6733 = LINE('',#6734,#6735);
#6734 = CARTESIAN_POINT('',(13.211477314911,-1.750414361612,
    -5.472373082821));
#6735 = VECTOR('',#6736,1.);
#6736 = DIRECTION('',(0.923879532511,-3.403532621031E-17,-0.382683432365
    ));
#6737 = ORIENTED_EDGE('',*,*,#6738,.T.);
#6738 = EDGE_CURVE('',#6731,#6739,#6741,.T.);
#6739 = VERTEX_POINT('',#6740);
#6740 = CARTESIAN_POINT('',(13.468885413584,-1.750414361612,
    -6.661387208648));
#6741 = B_SPLINE_CURVE_WITH_KNOTS('',8,(#6742,#6743,#6744,#6745,#6746,
    #6747,#6748,#6749,#6750),.UNSPECIFIED.,.F.,.F.,(9,9),(0.,1.),
  .PIECEWISE_BEZIER_KNOTS.);
#6742 = CARTESIAN_POINT('',(13.882345366856,-1.750414361612,
    -5.750255728499));
#6743 = CARTESIAN_POINT('',(13.834474584365,-1.750414361612,
    -5.865826020829));
#6744 = CARTESIAN_POINT('',(13.785504191625,-1.750414361612,
    -5.980940937289));
#6745 = CARTESIAN_POINT('',(13.735439359116,-1.750414361612,
    -6.095588170137));
#6746 = CARTESIAN_POINT('',(13.684285002218,-1.750414361612,
    -6.209755728844));
#6747 = CARTESIAN_POINT('',(13.632047110569,-1.750414361612,
    -6.323431206509));
#6748 = CARTESIAN_POINT('',(13.57873046212,-1.750414361612,
    -6.436603000577));
#6749 = CARTESIAN_POINT('',(13.524341398126,-1.750414361612,
    -6.549258901115));
#6750 = CARTESIAN_POINT('',(13.468885413584,-1.750414361612,
    -6.661387208648));
#6751 = ORIENTED_EDGE('',*,*,#6752,.F.);
#6752 = EDGE_CURVE('',#6723,#6739,#6753,.T.);
#6753 = LINE('',#6754,#6755);
#6754 = CARTESIAN_POINT('',(12.828793882546,-1.750414361612,
    -6.396252615332));
#6755 = VECTOR('',#6756,1.);
#6756 = DIRECTION('',(0.923879532511,-3.403532621031E-17,-0.382683432365
    ));
#6757 = PLANE('',#6758);
#6758 = AXIS2_PLACEMENT_3D('',#6759,#6760,#6761);
#6759 = CARTESIAN_POINT('',(13.211477314911,-1.750414361612,
    -5.472373082821));
#6760 = DIRECTION('',(-3.403532621031E-17,1.,-1.711071395845E-16));
#6761 = DIRECTION('',(-0.382683432365,-1.711071395845E-16,
    -0.923879532511));
#6762 = ADVANCED_FACE('',(#6763),#6804,.T.);
#6763 = FACE_BOUND('',#6764,.F.);
#6764 = EDGE_LOOP('',(#6765,#6766,#6774,#6782,#6790,#6798));
#6765 = ORIENTED_EDGE('',*,*,#6720,.T.);
#6766 = ORIENTED_EDGE('',*,*,#6767,.T.);
#6767 = EDGE_CURVE('',#6723,#6768,#6770,.T.);
#6768 = VERTEX_POINT('',#6769);
#6769 = CARTESIAN_POINT('',(12.254768733999,-9.144730137686E-16,
    -7.782071914099));
#6770 = LINE('',#6771,#6772);
#6771 = CARTESIAN_POINT('',(12.828793882546,-1.750414361612,
    -6.396252615332));
#6772 = VECTOR('',#6773,1.);
#6773 = DIRECTION('',(-0.249013085656,0.759332726909,-0.601170768598));
#6774 = ORIENTED_EDGE('',*,*,#6775,.T.);
#6775 = EDGE_CURVE('',#6768,#6776,#6778,.T.);
#6776 = VERTEX_POINT('',#6777);
#6777 = CARTESIAN_POINT('',(12.828793882546,1.500414361612,
    -6.396252615332));
#6778 = LINE('',#6779,#6780);
#6779 = CARTESIAN_POINT('',(12.254768733999,-9.144730137686E-16,
    -7.782071914099));
#6780 = VECTOR('',#6781,1.);
#6781 = DIRECTION('',(0.270560677507,0.707204426923,0.653191257081));
#6782 = ORIENTED_EDGE('',*,*,#6783,.T.);
#6783 = EDGE_CURVE('',#6776,#6784,#6786,.T.);
#6784 = VERTEX_POINT('',#6785);
#6785 = CARTESIAN_POINT('',(13.211477314911,1.500414361612,
    -5.472373082821));
#6786 = LINE('',#6787,#6788);
#6787 = CARTESIAN_POINT('',(12.828793882546,1.500414361612,
    -6.396252615332));
#6788 = VECTOR('',#6789,1.);
#6789 = DIRECTION('',(0.382683432365,1.711071395845E-16,0.923879532511)
  );
#6790 = ORIENTED_EDGE('',*,*,#6791,.T.);
#6791 = EDGE_CURVE('',#6784,#6792,#6794,.T.);
#6792 = VERTEX_POINT('',#6793);
#6793 = CARTESIAN_POINT('',(12.637452166364,-7.433658741842E-16,
    -6.858192381588));
#6794 = LINE('',#6795,#6796);
#6795 = CARTESIAN_POINT('',(13.211477314911,1.500414361612,
    -5.472373082821));
#6796 = VECTOR('',#6797,1.);
#6797 = DIRECTION('',(-0.270560677507,-0.707204426923,-0.653191257081));
#6798 = ORIENTED_EDGE('',*,*,#6799,.T.);
#6799 = EDGE_CURVE('',#6792,#6721,#6800,.T.);
#6800 = LINE('',#6801,#6802);
#6801 = CARTESIAN_POINT('',(12.637452166364,-7.433658741842E-16,
    -6.858192381588));
#6802 = VECTOR('',#6803,1.);
#6803 = DIRECTION('',(0.249013085656,-0.759332726909,0.601170768598));
#6804 = PLANE('',#6805);
#6805 = AXIS2_PLACEMENT_3D('',#6806,#6807,#6808);
#6806 = CARTESIAN_POINT('',(12.786010882609,-0.101510508611,
    -6.49953991402));
#6807 = DIRECTION('',(-0.923879532511,3.403532621031E-17,0.382683432365)
  );
#6808 = DIRECTION('',(0.382683432365,1.711071395845E-16,0.923879532511)
  );
#6809 = ADVANCED_FACE('',(#6810),#6830,.F.);
#6810 = FACE_BOUND('',#6811,.F.);
#6811 = EDGE_LOOP('',(#6812,#6813,#6814,#6824));
#6812 = ORIENTED_EDGE('',*,*,#6767,.F.);
#6813 = ORIENTED_EDGE('',*,*,#6752,.T.);
#6814 = ORIENTED_EDGE('',*,*,#6815,.F.);
#6815 = EDGE_CURVE('',#6816,#6739,#6818,.T.);
#6816 = VERTEX_POINT('',#6817);
#6817 = CARTESIAN_POINT('',(12.793700361178,-9.343270240488E-16,
    -8.005304703268));
#6818 = B_SPLINE_CURVE_WITH_KNOTS('',4,(#6819,#6820,#6821,#6822,#6823),
  .UNSPECIFIED.,.F.,.F.,(5,5),(0.,1.),.PIECEWISE_BEZIER_KNOTS.);
#6819 = CARTESIAN_POINT('',(12.793700361178,-6.661338147751E-16,
    -8.005304703268));
#6820 = CARTESIAN_POINT('',(12.994558627017,-0.435774405179,
    -7.684302497813));
#6821 = CARTESIAN_POINT('',(13.174293473989,-0.873506546124,
    -7.352734797522));
#6822 = CARTESIAN_POINT('',(13.332504380123,-1.312084436222,
    -7.011467118521));
#6823 = CARTESIAN_POINT('',(13.468885413584,-1.750414361612,
    -6.661387208648));
#6824 = ORIENTED_EDGE('',*,*,#6825,.F.);
#6825 = EDGE_CURVE('',#6768,#6816,#6826,.T.);
#6826 = LINE('',#6827,#6828);
#6827 = CARTESIAN_POINT('',(12.254768733999,-9.144730137686E-16,
    -7.782071914099));
#6828 = VECTOR('',#6829,1.);
#6829 = DIRECTION('',(0.923879532511,-3.403532621031E-17,-0.382683432365
    ));
#6830 = PLANE('',#6831);
#6831 = AXIS2_PLACEMENT_3D('',#6832,#6833,#6834);
#6832 = CARTESIAN_POINT('',(12.828793882546,-1.750414361612,
    -6.396252615332));
#6833 = DIRECTION('',(0.290584054241,0.650702550975,0.701531964757));
#6834 = DIRECTION('',(-0.249013085656,0.759332726909,-0.601170768598));
#6835 = ADVANCED_FACE('',(#6836),#6885,.T.);
#6836 = FACE_BOUND('',#6837,.T.);
#6837 = EDGE_LOOP('',(#6838,#6851,#6852,#6853,#6863,#6877));
#6838 = ORIENTED_EDGE('',*,*,#6839,.T.);
#6839 = EDGE_CURVE('',#6840,#6731,#6842,.T.);
#6840 = VERTEX_POINT('',#6841);
#6841 = CARTESIAN_POINT('',(13.299977865619,-7.677730371349E-16,
    -7.13261951164));
#6842 = B_SPLINE_CURVE_WITH_KNOTS('',4,(#6843,#6844,#6845,#6846,#6847,
    #6848,#6849,#6850),.UNSPECIFIED.,.F.,.F.,(5,3,5),(0.,0.859040906687,
    1.),.UNSPECIFIED.);
#6843 = CARTESIAN_POINT('',(13.299977865619,-7.677730371349E-16,
    -7.13261951164));
#6844 = CARTESIAN_POINT('',(13.452757084228,-0.375362838397,
    -6.847736766764));
#6845 = CARTESIAN_POINT('',(13.589842271485,-0.751580097853,
    -6.555560827167));
#6846 = CARTESIAN_POINT('',(13.710993586297,-1.127960104082,
    -6.256633906529));
#6847 = CARTESIAN_POINT('',(13.833253060791,-1.565489825124,
    -5.901446881049));
#6848 = CARTESIAN_POINT('',(13.850052463591,-1.627149502621,
    -5.851213288518));
#6849 = CARTESIAN_POINT('',(13.866416837219,-1.688792027003,
    -5.800815411292));
#6850 = CARTESIAN_POINT('',(13.882345366856,-1.750414361612,
    -5.750255728499));
#6851 = ORIENTED_EDGE('',*,*,#6738,.T.);
#6852 = ORIENTED_EDGE('',*,*,#6815,.F.);
#6853 = ORIENTED_EDGE('',*,*,#6854,.F.);
#6854 = EDGE_CURVE('',#6855,#6816,#6857,.T.);
#6855 = VERTEX_POINT('',#6856);
#6856 = CARTESIAN_POINT('',(13.485037855313,1.500414361612,
    -6.668077769078));
#6857 = B_SPLINE_CURVE_WITH_KNOTS('',4,(#6858,#6859,#6860,#6861,#6862),
  .UNSPECIFIED.,.F.,.F.,(5,5),(0.,1.),.PIECEWISE_BEZIER_KNOTS.);
#6858 = CARTESIAN_POINT('',(13.485037855313,1.500414361612,
    -6.668077769078));
#6859 = CARTESIAN_POINT('',(13.340473588137,1.124426479542,
    -7.01505125016));
#6860 = CARTESIAN_POINT('',(13.176849670706,0.7484591178,-7.354107760704
    ));
#6861 = CARTESIAN_POINT('',(12.994465755456,0.373362942798,
    -7.684450920403));
#6862 = CARTESIAN_POINT('',(12.793700361178,-9.343270240488E-16,
    -8.005304703268));
#6863 = ORIENTED_EDGE('',*,*,#6864,.F.);
#6864 = EDGE_CURVE('',#6865,#6855,#6867,.T.);
#6865 = VERTEX_POINT('',#6866);
#6866 = CARTESIAN_POINT('',(13.898462040935,1.500414361612,
    -5.756931473483));
#6867 = B_SPLINE_CURVE_WITH_KNOTS('',8,(#6868,#6869,#6870,#6871,#6872,
    #6873,#6874,#6875,#6876),.UNSPECIFIED.,.F.,.F.,(9,9),(0.,1.),
  .PIECEWISE_BEZIER_KNOTS.);
#6868 = CARTESIAN_POINT('',(13.898462040935,1.500414361612,
    -5.756931473483));
#6869 = CARTESIAN_POINT('',(13.850591341042,1.500414361612,
    -5.872501566405));
#6870 = CARTESIAN_POINT('',(13.80162231076,1.500414361612,
    -5.987616813514));
#6871 = CARTESIAN_POINT('',(13.751560098466,1.500414361612,
    -6.102264940787));
#6872 = CARTESIAN_POINT('',(13.700409642185,1.500414361612,
    -6.216433964429));
#6873 = CARTESIAN_POINT('',(13.648176852131,1.500414361612,
    -6.330111543847));
#6874 = CARTESIAN_POINT('',(13.594866576936,1.500414361612,
    -6.443286058557));
#6875 = CARTESIAN_POINT('',(13.540485071723,1.500414361612,
    -6.555945362163));
#6876 = CARTESIAN_POINT('',(13.485037855313,1.500414361612,
    -6.668077769078));
#6877 = ORIENTED_EDGE('',*,*,#6878,.T.);
#6878 = EDGE_CURVE('',#6865,#6840,#6879,.T.);
#6879 = B_SPLINE_CURVE_WITH_KNOTS('',4,(#6880,#6881,#6882,#6883,#6884),
  .UNSPECIFIED.,.F.,.F.,(5,5),(0.,1.),.PIECEWISE_BEZIER_KNOTS.);
#6880 = CARTESIAN_POINT('',(13.898462040935,1.500414361612,
    -5.756931473483));
#6881 = CARTESIAN_POINT('',(13.777317956966,1.125460957613,
    -6.112486510313));
#6882 = CARTESIAN_POINT('',(13.636991605482,0.749846014813,
    -6.460811838472));
#6883 = CARTESIAN_POINT('',(13.477761010207,0.374410412648,
    -6.801112709171));
#6884 = CARTESIAN_POINT('',(13.299977865619,-6.661338147751E-16,
    -7.13261951164));
#6885 = SURFACE_OF_REVOLUTION('',#6886,#6891);
#6886 = CIRCLE('',#6887,23.350974086829);
#6887 = AXIS2_PLACEMENT_3D('',#6888,#6889,#6890);
#6888 = CARTESIAN_POINT('',(0.,-1.088741204263E-14,-8.259132836545));
#6889 = DIRECTION('',(1.,0.,0.));
#6890 = DIRECTION('',(0.,1.,0.));
#6891 = AXIS1_PLACEMENT('',#6892,#6893);
#6892 = CARTESIAN_POINT('',(0.,0.,0.));
#6893 = DIRECTION('',(-1.110223024625E-16,-1.,1.110223024625E-16));
#6894 = ADVANCED_FACE('',(#6895),#6906,.F.);
#6895 = FACE_BOUND('',#6896,.F.);
#6896 = EDGE_LOOP('',(#6897,#6898,#6904,#6905));
#6897 = ORIENTED_EDGE('',*,*,#6799,.F.);
#6898 = ORIENTED_EDGE('',*,*,#6899,.T.);
#6899 = EDGE_CURVE('',#6792,#6840,#6900,.T.);
#6900 = LINE('',#6901,#6902);
#6901 = CARTESIAN_POINT('',(12.637452166364,-7.433658741842E-16,
    -6.858192381588));
#6902 = VECTOR('',#6903,1.);
#6903 = DIRECTION('',(0.923879532511,-3.403532621031E-17,-0.382683432365
    ));
#6904 = ORIENTED_EDGE('',*,*,#6839,.T.);
#6905 = ORIENTED_EDGE('',*,*,#6730,.F.);
#6906 = PLANE('',#6907);
#6907 = AXIS2_PLACEMENT_3D('',#6908,#6909,#6910);
#6908 = CARTESIAN_POINT('',(12.637452166364,-7.433658741842E-16,
    -6.858192381588));
#6909 = DIRECTION('',(-0.290584054241,-0.650702550975,-0.701531964757));
#6910 = DIRECTION('',(0.249013085656,-0.759332726909,0.601170768598));
#6911 = ADVANCED_FACE('',(#6912),#6923,.F.);
#6912 = FACE_BOUND('',#6913,.F.);
#6913 = EDGE_LOOP('',(#6914,#6915,#6916,#6917));
#6914 = ORIENTED_EDGE('',*,*,#6775,.F.);
#6915 = ORIENTED_EDGE('',*,*,#6825,.T.);
#6916 = ORIENTED_EDGE('',*,*,#6854,.F.);
#6917 = ORIENTED_EDGE('',*,*,#6918,.F.);
#6918 = EDGE_CURVE('',#6776,#6855,#6919,.T.);
#6919 = LINE('',#6920,#6921);
#6920 = CARTESIAN_POINT('',(12.828793882546,1.500414361612,
    -6.396252615332));
#6921 = VECTOR('',#6922,1.);
#6922 = DIRECTION('',(0.923879532511,-3.403532621031E-17,-0.382683432365
    ));
#6923 = PLANE('',#6924);
#6924 = AXIS2_PLACEMENT_3D('',#6925,#6926,#6927);
#6925 = CARTESIAN_POINT('',(12.254768733999,-9.144730137686E-16,
    -7.782071914099));
#6926 = DIRECTION('',(0.270635417479,-0.707009121964,0.653371695336));
#6927 = DIRECTION('',(0.270560677507,0.707204426923,0.653191257081));
#6928 = ADVANCED_FACE('',(#6929),#6940,.F.);
#6929 = FACE_BOUND('',#6930,.F.);
#6930 = EDGE_LOOP('',(#6931,#6932,#6933,#6934));
#6931 = ORIENTED_EDGE('',*,*,#6783,.F.);
#6932 = ORIENTED_EDGE('',*,*,#6918,.T.);
#6933 = ORIENTED_EDGE('',*,*,#6864,.F.);
#6934 = ORIENTED_EDGE('',*,*,#6935,.F.);
#6935 = EDGE_CURVE('',#6784,#6865,#6936,.T.);
#6936 = LINE('',#6937,#6938);
#6937 = CARTESIAN_POINT('',(13.211477314911,1.500414361612,
    -5.472373082821));
#6938 = VECTOR('',#6939,1.);
#6939 = DIRECTION('',(0.923879532511,-3.403532621031E-17,-0.382683432365
    ));
#6940 = PLANE('',#6941);
#6941 = AXIS2_PLACEMENT_3D('',#6942,#6943,#6944);
#6942 = CARTESIAN_POINT('',(12.828793882546,1.500414361612,
    -6.396252615332));
#6943 = DIRECTION('',(3.403532621031E-17,-1.,1.711071395845E-16));
#6944 = DIRECTION('',(0.382683432365,1.711071395845E-16,0.923879532511)
  );
#6945 = ADVANCED_FACE('',(#6946),#6952,.F.);
#6946 = FACE_BOUND('',#6947,.F.);
#6947 = EDGE_LOOP('',(#6948,#6949,#6950,#6951));
#6948 = ORIENTED_EDGE('',*,*,#6791,.F.);
#6949 = ORIENTED_EDGE('',*,*,#6935,.T.);
#6950 = ORIENTED_EDGE('',*,*,#6878,.T.);
#6951 = ORIENTED_EDGE('',*,*,#6899,.F.);
#6952 = PLANE('',#6953);
#6953 = AXIS2_PLACEMENT_3D('',#6954,#6955,#6956);
#6954 = CARTESIAN_POINT('',(13.211477314911,1.500414361612,
    -5.472373082821));
#6955 = DIRECTION('',(-0.270635417479,0.707009121964,-0.653371695336));
#6956 = DIRECTION('',(-0.270560677507,-0.707204426923,-0.653191257081));
#6957 = MANIFOLD_SOLID_BREP('',#6958);
#6958 = CLOSED_SHELL('',(#6959,#7005,#7052,#7078,#7137,#7154,#7171,#7188
    ));
#6959 = ADVANCED_FACE('',(#6960),#7000,.F.);
#6960 = FACE_BOUND('',#6961,.F.);
#6961 = EDGE_LOOP('',(#6962,#6972,#6980,#6994));
#6962 = ORIENTED_EDGE('',*,*,#6963,.F.);
#6963 = EDGE_CURVE('',#6964,#6966,#6968,.T.);
#6964 = VERTEX_POINT('',#6965);
#6965 = CARTESIAN_POINT('',(11.890015455926,-1.750414361612,
    -7.94465433218));
#6966 = VERTEX_POINT('',#6967);
#6967 = CARTESIAN_POINT('',(11.334445222907,-1.750414361612,
    -8.776123944483));
#6968 = LINE('',#6969,#6970);
#6969 = CARTESIAN_POINT('',(11.890015455926,-1.750414361612,
    -7.94465433218));
#6970 = VECTOR('',#6971,1.);
#6971 = DIRECTION('',(-0.55557023302,-1.416532867985E-16,-0.831469612303
    ));
#6972 = ORIENTED_EDGE('',*,*,#6973,.T.);
#6973 = EDGE_CURVE('',#6964,#6974,#6976,.T.);
#6974 = VERTEX_POINT('',#6975);
#6975 = CARTESIAN_POINT('',(12.493780751538,-1.750414361612,
    -8.348077405025));
#6976 = LINE('',#6977,#6978);
#6977 = CARTESIAN_POINT('',(11.890015455926,-1.750414361612,
    -7.94465433218));
#6978 = VECTOR('',#6979,1.);
#6979 = DIRECTION('',(0.831469612303,-4.29700547724E-17,-0.55557023302)
  );
#6980 = ORIENTED_EDGE('',*,*,#6981,.T.);
#6981 = EDGE_CURVE('',#6974,#6982,#6984,.T.);
#6982 = VERTEX_POINT('',#6983);
#6983 = CARTESIAN_POINT('',(11.910512381472,-1.750414361612,
    -9.161039713843));
#6984 = B_SPLINE_CURVE_WITH_KNOTS('',8,(#6985,#6986,#6987,#6988,#6989,
    #6990,#6991,#6992,#6993),.UNSPECIFIED.,.F.,.F.,(9,9),(0.,1.),
  .PIECEWISE_BEZIER_KNOTS.);
#6985 = CARTESIAN_POINT('',(12.493780751538,-1.750414361612,
    -8.348077405025));
#6986 = CARTESIAN_POINT('',(12.461452048736,-1.750414361612,
    -8.396460728344));
#6987 = CARTESIAN_POINT('',(12.393424057158,-1.750414361612,
    -8.497812370286));
#6988 = CARTESIAN_POINT('',(12.306785999558,-1.750414361612,
    -8.624742575898));
#6989 = CARTESIAN_POINT('',(12.211804316989,-1.750414361612,
    -8.758943052701));
#6990 = CARTESIAN_POINT('',(12.116811119052,-1.750414361612,
    -8.889289144248));
#6991 = CARTESIAN_POINT('',(12.028580911827,-1.750414361612,
    -9.006844541408));
#6992 = CARTESIAN_POINT('',(11.955814301823,-1.750414361612,
    -9.102141514225));
#6993 = CARTESIAN_POINT('',(11.910512381472,-1.750414361612,
    -9.161039713843));
#6994 = ORIENTED_EDGE('',*,*,#6995,.F.);
#6995 = EDGE_CURVE('',#6966,#6982,#6996,.T.);
#6996 = LINE('',#6997,#6998);
#6997 = CARTESIAN_POINT('',(11.334445222907,-1.750414361612,
    -8.776123944483));
#6998 = VECTOR('',#6999,1.);
#6999 = DIRECTION('',(0.831469612303,-4.29700547724E-17,-0.55557023302)
  );
#7000 = PLANE('',#7001);
#7001 = AXIS2_PLACEMENT_3D('',#7002,#7003,#7004);
#7002 = CARTESIAN_POINT('',(11.890015455926,-1.750414361612,
    -7.94465433218));
#7003 = DIRECTION('',(-4.29700547724E-17,1.,-1.416532867985E-16));
#7004 = DIRECTION('',(-0.55557023302,-1.416532867985E-16,-0.831469612303
    ));
#7005 = ADVANCED_FACE('',(#7006),#7047,.T.);
#7006 = FACE_BOUND('',#7007,.F.);
#7007 = EDGE_LOOP('',(#7008,#7009,#7017,#7025,#7033,#7041));
#7008 = ORIENTED_EDGE('',*,*,#6963,.T.);
#7009 = ORIENTED_EDGE('',*,*,#7010,.T.);
#7010 = EDGE_CURVE('',#6966,#7011,#7013,.T.);
#7011 = VERTEX_POINT('',#7012);
#7012 = CARTESIAN_POINT('',(10.501089873377,-9.686050002415E-16,
    -10.02332836293));
#7013 = LINE('',#7014,#7015);
#7014 = CARTESIAN_POINT('',(11.334445222907,-1.750414361612,
    -8.776123944483));
#7015 = VECTOR('',#7016,1.);
#7016 = DIRECTION('',(-0.361510967871,0.759332726909,-0.541039397783));
#7017 = ORIENTED_EDGE('',*,*,#7018,.T.);
#7018 = EDGE_CURVE('',#7011,#7019,#7021,.T.);
#7019 = VERTEX_POINT('',#7020);
#7020 = CARTESIAN_POINT('',(11.334445222907,1.500414361612,
    -8.776123944483));
#7021 = LINE('',#7022,#7023);
#7022 = CARTESIAN_POINT('',(10.501089873377,-9.686050002415E-16,
    -10.02332836293));
#7023 = VECTOR('',#7024,1.);
#7024 = DIRECTION('',(0.392793222636,0.707204426923,0.587856600534));
#7025 = ORIENTED_EDGE('',*,*,#7026,.T.);
#7026 = EDGE_CURVE('',#7019,#7027,#7029,.T.);
#7027 = VERTEX_POINT('',#7028);
#7028 = CARTESIAN_POINT('',(11.890015455926,1.500414361612,
    -7.94465433218));
#7029 = LINE('',#7030,#7031);
#7030 = CARTESIAN_POINT('',(11.334445222907,1.500414361612,
    -8.776123944483));
#7031 = VECTOR('',#7032,1.);
#7032 = DIRECTION('',(0.55557023302,1.416532867985E-16,0.831469612303));
#7033 = ORIENTED_EDGE('',*,*,#7034,.T.);
#7034 = EDGE_CURVE('',#7027,#7035,#7037,.T.);
#7035 = VERTEX_POINT('',#7036);
#7036 = CARTESIAN_POINT('',(11.056660106397,-8.269517134431E-16,
    -9.191858750634));
#7037 = LINE('',#7038,#7039);
#7038 = CARTESIAN_POINT('',(11.890015455926,1.500414361612,
    -7.94465433218));
#7039 = VECTOR('',#7040,1.);
#7040 = DIRECTION('',(-0.392793222636,-0.707204426923,-0.587856600534));
#7041 = ORIENTED_EDGE('',*,*,#7042,.T.);
#7042 = EDGE_CURVE('',#7035,#6964,#7043,.T.);
#7043 = LINE('',#7044,#7045);
#7044 = CARTESIAN_POINT('',(11.056660106397,-8.269517134431E-16,
    -9.191858750634));
#7045 = VECTOR('',#7046,1.);
#7046 = DIRECTION('',(0.361510967871,-0.759332726909,0.541039397783));
#7047 = PLANE('',#7048);
#7048 = AXIS2_PLACEMENT_3D('',#7049,#7050,#7051);
#7049 = CARTESIAN_POINT('',(11.272333933956,-0.101510508611,
    -8.869080057454));
#7050 = DIRECTION('',(-0.831469612303,4.29700547724E-17,0.55557023302));
#7051 = DIRECTION('',(0.55557023302,1.416532867985E-16,0.831469612303));
#7052 = ADVANCED_FACE('',(#7053),#7073,.F.);
#7053 = FACE_BOUND('',#7054,.F.);
#7054 = EDGE_LOOP('',(#7055,#7056,#7057,#7067));
#7055 = ORIENTED_EDGE('',*,*,#7010,.F.);
#7056 = ORIENTED_EDGE('',*,*,#6995,.T.);
#7057 = ORIENTED_EDGE('',*,*,#7058,.F.);
#7058 = EDGE_CURVE('',#7059,#6982,#7061,.T.);
#7059 = VERTEX_POINT('',#7060);
#7060 = CARTESIAN_POINT('',(10.986115523735,-9.936709538898E-16,
    -10.34741214134));
#7061 = B_SPLINE_CURVE_WITH_KNOTS('',4,(#7062,#7063,#7064,#7065,#7066),
  .UNSPECIFIED.,.F.,.F.,(5,5),(0.,1.),.PIECEWISE_BEZIER_KNOTS.);
#7062 = CARTESIAN_POINT('',(10.986115523735,-8.881784197001E-16,
    -10.34741214134));
#7063 = CARTESIAN_POINT('',(11.245738777948,-0.435774405179,
    -10.07176340702));
#7064 = CARTESIAN_POINT('',(11.486705719653,-0.873506546124,
    -9.781631216294));
#7065 = CARTESIAN_POINT('',(11.708454668979,-1.312084436222,
    -9.477786316676));
#7066 = CARTESIAN_POINT('',(11.910512381472,-1.750414361612,
    -9.161039713843));
#7067 = ORIENTED_EDGE('',*,*,#7068,.F.);
#7068 = EDGE_CURVE('',#7011,#7059,#7069,.T.);
#7069 = LINE('',#7070,#7071);
#7070 = CARTESIAN_POINT('',(10.501089873377,-9.686050002415E-16,
    -10.02332836293));
#7071 = VECTOR('',#7072,1.);
#7072 = DIRECTION('',(0.831469612303,-4.29700547724E-17,-0.55557023302)
  );
#7073 = PLANE('',#7074);
#7074 = AXIS2_PLACEMENT_3D('',#7075,#7076,#7077);
#7075 = CARTESIAN_POINT('',(11.334445222907,-1.750414361612,
    -8.776123944483));
#7076 = DIRECTION('',(0.421862660028,0.650702550975,0.631362088052));
#7077 = DIRECTION('',(-0.361510967871,0.759332726909,-0.541039397783));
#7078 = ADVANCED_FACE('',(#7079),#7128,.T.);
#7079 = FACE_BOUND('',#7080,.T.);
#7080 = EDGE_LOOP('',(#7081,#7094,#7095,#7096,#7106,#7120));
#7081 = ORIENTED_EDGE('',*,*,#7082,.T.);
#7082 = EDGE_CURVE('',#7083,#6974,#7085,.T.);
#7083 = VERTEX_POINT('',#7084);
#7084 = CARTESIAN_POINT('',(11.652917482943,-8.577660832643E-16,
    -9.590265192344));
#7085 = B_SPLINE_CURVE_WITH_KNOTS('',4,(#7086,#7087,#7088,#7089,#7090,
    #7091,#7092,#7093),.UNSPECIFIED.,.F.,.F.,(5,3,5),(0.,0.859040906687,
    1.),.UNSPECIFIED.);
#7086 = CARTESIAN_POINT('',(11.652917482943,-8.577660832643E-16,
    -9.590265192344));
#7087 = CARTESIAN_POINT('',(11.858338958142,-0.375362838397,
    -9.340662136485));
#7088 = CARTESIAN_POINT('',(12.049790790105,-0.751580097854,
    -9.080844268966));
#7089 = CARTESIAN_POINT('',(12.226931965582,-1.127960104082,
    -8.811296594307));
#7090 = CARTESIAN_POINT('',(12.416135809732,-1.565489825124,
    -8.486786028174));
#7091 = CARTESIAN_POINT('',(12.44241250446,-1.627149502621,
    -8.44079506094));
#7092 = CARTESIAN_POINT('',(12.468294579335,-1.688792027003,
    -8.394558095714));
#7093 = CARTESIAN_POINT('',(12.493780751538,-1.750414361612,
    -8.348077405025));
#7094 = ORIENTED_EDGE('',*,*,#6981,.T.);
#7095 = ORIENTED_EDGE('',*,*,#7058,.F.);
#7096 = ORIENTED_EDGE('',*,*,#7097,.F.);
#7097 = EDGE_CURVE('',#7098,#7059,#7100,.T.);
#7098 = VERTEX_POINT('',#7099);
#7099 = CARTESIAN_POINT('',(11.925049194973,1.500414361612,
    -9.170752902088));
#7100 = B_SPLINE_CURVE_WITH_KNOTS('',4,(#7101,#7102,#7103,#7104,#7105),
  .UNSPECIFIED.,.F.,.F.,(5,5),(0.,1.),.PIECEWISE_BEZIER_KNOTS.);
#7101 = CARTESIAN_POINT('',(11.925049194973,1.500414361612,
    -9.170752902088));
#7102 = CARTESIAN_POINT('',(11.715571521499,1.124426479542,
    -9.482856295588));
#7103 = CARTESIAN_POINT('',(11.488944947938,0.7484591178,-9.783476487614
    ));
#7104 = CARTESIAN_POINT('',(11.245618735076,0.373362942798,
    -10.07189085937));
#7105 = CARTESIAN_POINT('',(10.986115523735,-9.936709538898E-16,
    -10.34741214134));
#7106 = ORIENTED_EDGE('',*,*,#7107,.F.);
#7107 = EDGE_CURVE('',#7108,#7098,#7110,.T.);
#7108 = VERTEX_POINT('',#7109);
#7109 = CARTESIAN_POINT('',(12.508285375005,1.500414361612,
    -8.357769084577));
#7110 = B_SPLINE_CURVE_WITH_KNOTS('',8,(#7111,#7112,#7113,#7114,#7115,
    #7116,#7117,#7118,#7119),.UNSPECIFIED.,.F.,.F.,(9,9),(0.,1.),
  .PIECEWISE_BEZIER_KNOTS.);
#7111 = CARTESIAN_POINT('',(12.508285375005,1.500414361612,
    -8.357769084577));
#7112 = CARTESIAN_POINT('',(12.475770227448,1.500414361612,
    -8.406431442194));
#7113 = CARTESIAN_POINT('',(12.407791925329,1.500414361612,
    -8.507703613601));
#7114 = CARTESIAN_POINT('',(12.321223634762,1.500414361612,
    -8.634525136164));
#7115 = CARTESIAN_POINT('',(12.226171600768,1.500414361612,
    -8.768852565373));
#7116 = CARTESIAN_POINT('',(12.130883528219,1.500414361612,
    -8.899630351461));
#7117 = CARTESIAN_POINT('',(12.042230123703,1.500414361612,
    -9.017718075445));
#7118 = CARTESIAN_POINT('',(11.96935809289,1.500414361612,
    -9.113136535329));
#7119 = CARTESIAN_POINT('',(11.925049194973,1.500414361612,
    -9.170752902088));
#7120 = ORIENTED_EDGE('',*,*,#7121,.T.);
#7121 = EDGE_CURVE('',#7108,#7083,#7122,.T.);
#7122 = B_SPLINE_CURVE_WITH_KNOTS('',4,(#7123,#7124,#7125,#7126,#7127),
  .UNSPECIFIED.,.F.,.F.,(5,5),(0.,1.),.PIECEWISE_BEZIER_KNOTS.);
#7123 = CARTESIAN_POINT('',(12.508285375005,1.500414361612,
    -8.357769084577));
#7124 = CARTESIAN_POINT('',(12.320103694011,1.125460957613,
    -8.682858192721));
#7125 = CARTESIAN_POINT('',(12.114518773586,0.749846014813,
    -8.997114234273));
#7126 = CARTESIAN_POINT('',(11.891958343104,0.374410412648,
    -9.299811971056));
#7127 = CARTESIAN_POINT('',(11.652917482943,-8.881784197001E-16,
    -9.590265192344));
#7128 = SURFACE_OF_REVOLUTION('',#7129,#7134);
#7129 = CIRCLE('',#7130,23.350974086829);
#7130 = AXIS2_PLACEMENT_3D('',#7131,#7132,#7133);
#7131 = CARTESIAN_POINT('',(0.,-1.088741204263E-14,-8.259132836545));
#7132 = DIRECTION('',(1.,0.,0.));
#7133 = DIRECTION('',(0.,1.,0.));
#7134 = AXIS1_PLACEMENT('',#7135,#7136);
#7135 = CARTESIAN_POINT('',(0.,0.,0.));
#7136 = DIRECTION('',(-1.110223024625E-16,-1.,1.110223024625E-16));
#7137 = ADVANCED_FACE('',(#7138),#7149,.F.);
#7138 = FACE_BOUND('',#7139,.F.);
#7139 = EDGE_LOOP('',(#7140,#7141,#7147,#7148));
#7140 = ORIENTED_EDGE('',*,*,#7042,.F.);
#7141 = ORIENTED_EDGE('',*,*,#7142,.T.);
#7142 = EDGE_CURVE('',#7035,#7083,#7143,.T.);
#7143 = LINE('',#7144,#7145);
#7144 = CARTESIAN_POINT('',(11.056660106397,-8.269517134431E-16,
    -9.191858750634));
#7145 = VECTOR('',#7146,1.);
#7146 = DIRECTION('',(0.831469612303,-4.29700547724E-17,-0.55557023302)
  );
#7147 = ORIENTED_EDGE('',*,*,#7082,.T.);
#7148 = ORIENTED_EDGE('',*,*,#6973,.F.);
#7149 = PLANE('',#7150);
#7150 = AXIS2_PLACEMENT_3D('',#7151,#7152,#7153);
#7151 = CARTESIAN_POINT('',(11.056660106397,-8.269517134431E-16,
    -9.191858750634));
#7152 = DIRECTION('',(-0.421862660028,-0.650702550975,-0.631362088052));
#7153 = DIRECTION('',(0.361510967871,-0.759332726909,0.541039397783));
#7154 = ADVANCED_FACE('',(#7155),#7166,.F.);
#7155 = FACE_BOUND('',#7156,.F.);
#7156 = EDGE_LOOP('',(#7157,#7158,#7159,#7160));
#7157 = ORIENTED_EDGE('',*,*,#7018,.F.);
#7158 = ORIENTED_EDGE('',*,*,#7068,.T.);
#7159 = ORIENTED_EDGE('',*,*,#7097,.F.);
#7160 = ORIENTED_EDGE('',*,*,#7161,.F.);
#7161 = EDGE_CURVE('',#7019,#7098,#7162,.T.);
#7162 = LINE('',#7163,#7164);
#7163 = CARTESIAN_POINT('',(11.334445222907,1.500414361612,
    -8.776123944483));
#7164 = VECTOR('',#7165,1.);
#7165 = DIRECTION('',(0.831469612303,-4.29700547724E-17,-0.55557023302)
  );
#7166 = PLANE('',#7167);
#7167 = AXIS2_PLACEMENT_3D('',#7168,#7169,#7170);
#7168 = CARTESIAN_POINT('',(10.501089873377,-9.686050002415E-16,
    -10.02332836293));
#7169 = DIRECTION('',(0.392901728258,-0.707009121964,0.588018990673));
#7170 = DIRECTION('',(0.392793222636,0.707204426923,0.587856600534));
#7171 = ADVANCED_FACE('',(#7172),#7183,.F.);
#7172 = FACE_BOUND('',#7173,.F.);
#7173 = EDGE_LOOP('',(#7174,#7175,#7176,#7177));
#7174 = ORIENTED_EDGE('',*,*,#7026,.F.);
#7175 = ORIENTED_EDGE('',*,*,#7161,.T.);
#7176 = ORIENTED_EDGE('',*,*,#7107,.F.);
#7177 = ORIENTED_EDGE('',*,*,#7178,.F.);
#7178 = EDGE_CURVE('',#7027,#7108,#7179,.T.);
#7179 = LINE('',#7180,#7181);
#7180 = CARTESIAN_POINT('',(11.890015455926,1.500414361612,
    -7.94465433218));
#7181 = VECTOR('',#7182,1.);
#7182 = DIRECTION('',(0.831469612303,-4.29700547724E-17,-0.55557023302)
  );
#7183 = PLANE('',#7184);
#7184 = AXIS2_PLACEMENT_3D('',#7185,#7186,#7187);
#7185 = CARTESIAN_POINT('',(11.334445222907,1.500414361612,
    -8.776123944483));
#7186 = DIRECTION('',(4.29700547724E-17,-1.,1.416532867985E-16));
#7187 = DIRECTION('',(0.55557023302,1.416532867985E-16,0.831469612303));
#7188 = ADVANCED_FACE('',(#7189),#7195,.F.);
#7189 = FACE_BOUND('',#7190,.F.);
#7190 = EDGE_LOOP('',(#7191,#7192,#7193,#7194));
#7191 = ORIENTED_EDGE('',*,*,#7034,.F.);
#7192 = ORIENTED_EDGE('',*,*,#7178,.T.);
#7193 = ORIENTED_EDGE('',*,*,#7121,.T.);
#7194 = ORIENTED_EDGE('',*,*,#7142,.F.);
#7195 = PLANE('',#7196);
#7196 = AXIS2_PLACEMENT_3D('',#7197,#7198,#7199);
#7197 = CARTESIAN_POINT('',(11.890015455926,1.500414361612,
    -7.94465433218));
#7198 = DIRECTION('',(-0.392901728258,0.707009121964,-0.588018990673));
#7199 = DIRECTION('',(-0.392793222636,-0.707204426923,-0.587856600534));
#7200 = MANIFOLD_SOLID_BREP('',#7201);
#7201 = CLOSED_SHELL('',(#7202,#7247,#7294,#7320,#7378,#7395,#7412,#7429
    ));
#7202 = ADVANCED_FACE('',(#7203),#7242,.F.);
#7203 = FACE_BOUND('',#7204,.F.);
#7204 = EDGE_LOOP('',(#7205,#7215,#7223,#7236));
#7205 = ORIENTED_EDGE('',*,*,#7206,.F.);
#7206 = EDGE_CURVE('',#7207,#7209,#7211,.T.);
#7207 = VERTEX_POINT('',#7208);
#7208 = CARTESIAN_POINT('',(10.111626970968,-1.750414361612,
    -10.11162697096));
#7209 = VERTEX_POINT('',#7210);
#7210 = CARTESIAN_POINT('',(9.404520189781,-1.750414361612,
    -10.81873375215));
#7211 = LINE('',#7212,#7213);
#7212 = CARTESIAN_POINT('',(10.111626970968,-1.750414361612,
    -10.11162697096));
#7213 = VECTOR('',#7214,1.);
#7214 = DIRECTION('',(-0.707106781187,-1.110223024625E-16,
    -0.707106781187));
#7215 = ORIENTED_EDGE('',*,*,#7216,.T.);
#7216 = EDGE_CURVE('',#7207,#7217,#7219,.T.);
#7217 = VERTEX_POINT('',#7218);
#7218 = CARTESIAN_POINT('',(10.625087148532,-1.750414361612,
    -10.62508714853));
#7219 = LINE('',#7220,#7221);
#7220 = CARTESIAN_POINT('',(10.111626970968,-1.750414361612,
    -10.11162697096));
#7221 = VECTOR('',#7222,1.);
#7222 = DIRECTION('',(0.707106781187,-4.598694340586E-17,-0.707106781187
    ));
#7223 = ORIENTED_EDGE('',*,*,#7224,.T.);
#7224 = EDGE_CURVE('',#7217,#7225,#7227,.T.);
#7225 = VERTEX_POINT('',#7226);
#7226 = CARTESIAN_POINT('',(9.894425038032,-1.750414361612,
    -11.3086386004));
#7227 = B_SPLINE_CURVE_WITH_KNOTS('',7,(#7228,#7229,#7230,#7231,#7232,
    #7233,#7234,#7235),.UNSPECIFIED.,.F.,.F.,(8,8),(0.,1.),
  .PIECEWISE_BEZIER_KNOTS.);
#7228 = CARTESIAN_POINT('',(10.625087148532,-1.750414361612,
    -10.62508714853));
#7229 = CARTESIAN_POINT('',(10.523997156273,-1.750414361612,
    -10.72617714079));
#7230 = CARTESIAN_POINT('',(10.42178514692,-1.750414361612,
    -10.82614500118));
#7231 = CARTESIAN_POINT('',(10.318465729594,-1.750414361612,
    -10.92497583022));
#7232 = CARTESIAN_POINT('',(10.21405492981,-1.750414361612,
    -11.02265493008));
#7233 = CARTESIAN_POINT('',(10.108566807039,-1.750414361612,
    -11.11916785346));
#7234 = CARTESIAN_POINT('',(10.002018461073,-1.750414361612,
    -11.21450044445));
#7235 = CARTESIAN_POINT('',(9.894425038032,-1.750414361612,
    -11.3086386004));
#7236 = ORIENTED_EDGE('',*,*,#7237,.F.);
#7237 = EDGE_CURVE('',#7209,#7225,#7238,.T.);
#7238 = LINE('',#7239,#7240);
#7239 = CARTESIAN_POINT('',(9.404520189781,-1.750414361612,
    -10.81873375215));
#7240 = VECTOR('',#7241,1.);
#7241 = DIRECTION('',(0.707106781187,-4.598694340586E-17,-0.707106781187
    ));
#7242 = PLANE('',#7243);
#7243 = AXIS2_PLACEMENT_3D('',#7244,#7245,#7246);
#7244 = CARTESIAN_POINT('',(10.111626970968,-1.750414361612,
    -10.11162697096));
#7245 = DIRECTION('',(-4.598694340586E-17,1.,-1.110223024625E-16));
#7246 = DIRECTION('',(-0.707106781187,-1.110223024625E-16,
    -0.707106781187));
#7247 = ADVANCED_FACE('',(#7248),#7289,.T.);
#7248 = FACE_BOUND('',#7249,.F.);
#7249 = EDGE_LOOP('',(#7250,#7251,#7259,#7267,#7275,#7283));
#7250 = ORIENTED_EDGE('',*,*,#7206,.T.);
#7251 = ORIENTED_EDGE('',*,*,#7252,.T.);
#7252 = EDGE_CURVE('',#7209,#7253,#7255,.T.);
#7253 = VERTEX_POINT('',#7254);
#7254 = CARTESIAN_POINT('',(8.343860018001,-9.351690468601E-16,
    -11.87939392393));
#7255 = LINE('',#7256,#7257);
#7256 = CARTESIAN_POINT('',(9.404520189781,-1.750414361612,
    -10.81873375215));
#7257 = VECTOR('',#7258,1.);
#7258 = DIRECTION('',(-0.46011618633,0.759332726909,-0.46011618633));
#7259 = ORIENTED_EDGE('',*,*,#7260,.T.);
#7260 = EDGE_CURVE('',#7253,#7261,#7263,.T.);
#7261 = VERTEX_POINT('',#7262);
#7262 = CARTESIAN_POINT('',(9.404520189781,1.500414361612,
    -10.81873375215));
#7263 = LINE('',#7264,#7265);
#7264 = CARTESIAN_POINT('',(8.343860018001,-9.351690468601E-16,
    -11.87939392393));
#7265 = VECTOR('',#7266,1.);
#7266 = DIRECTION('',(0.499930944501,0.707204426923,0.499930944501));
#7267 = ORIENTED_EDGE('',*,*,#7268,.T.);
#7268 = EDGE_CURVE('',#7261,#7269,#7271,.T.);
#7269 = VERTEX_POINT('',#7270);
#7270 = CARTESIAN_POINT('',(10.111626970968,1.500414361612,
    -10.11162697096));
#7271 = LINE('',#7272,#7273);
#7272 = CARTESIAN_POINT('',(9.404520189781,1.500414361612,
    -10.81873375215));
#7273 = VECTOR('',#7274,1.);
#7274 = DIRECTION('',(0.707106781187,1.110223024625E-16,0.707106781187)
  );
#7275 = ORIENTED_EDGE('',*,*,#7276,.T.);
#7276 = EDGE_CURVE('',#7269,#7277,#7279,.T.);
#7277 = VERTEX_POINT('',#7278);
#7278 = CARTESIAN_POINT('',(9.050966799188,-8.241467443976E-16,
    -11.17228714274));
#7279 = LINE('',#7280,#7281);
#7280 = CARTESIAN_POINT('',(10.111626970968,1.500414361612,
    -10.11162697096));
#7281 = VECTOR('',#7282,1.);
#7282 = DIRECTION('',(-0.499930944501,-0.707204426923,-0.499930944501));
#7283 = ORIENTED_EDGE('',*,*,#7284,.T.);
#7284 = EDGE_CURVE('',#7277,#7207,#7285,.T.);
#7285 = LINE('',#7286,#7287);
#7286 = CARTESIAN_POINT('',(9.050966799188,-8.241467443976E-16,
    -11.17228714274));
#7287 = VECTOR('',#7288,1.);
#7288 = DIRECTION('',(0.46011618633,-0.759332726909,0.46011618633));
#7289 = PLANE('',#7290);
#7290 = AXIS2_PLACEMENT_3D('',#7291,#7292,#7293);
#7291 = CARTESIAN_POINT('',(9.325467513818,-0.101510508611,
    -10.89778642811));
#7292 = DIRECTION('',(-0.707106781187,4.598694340586E-17,0.707106781187)
  );
#7293 = DIRECTION('',(0.707106781187,1.110223024625E-16,0.707106781187)
  );
#7294 = ADVANCED_FACE('',(#7295),#7315,.F.);
#7295 = FACE_BOUND('',#7296,.F.);
#7296 = EDGE_LOOP('',(#7297,#7298,#7299,#7309));
#7297 = ORIENTED_EDGE('',*,*,#7252,.F.);
#7298 = ORIENTED_EDGE('',*,*,#7237,.T.);
#7299 = ORIENTED_EDGE('',*,*,#7300,.F.);
#7300 = EDGE_CURVE('',#7301,#7225,#7303,.T.);
#7301 = VERTEX_POINT('',#7302);
#7302 = CARTESIAN_POINT('',(8.756340427799,-9.619948584152E-16,
    -12.29187433373));
#7303 = B_SPLINE_CURVE_WITH_KNOTS('',4,(#7304,#7305,#7306,#7307,#7308),
  .UNSPECIFIED.,.F.,.F.,(5,5),(0.,1.),.PIECEWISE_BEZIER_KNOTS.);
#7304 = CARTESIAN_POINT('',(8.756340427799,-8.881784197001E-16,
    -12.29187433373));
#7305 = CARTESIAN_POINT('',(9.064751494324,-0.435774405179,
    -12.07217209681));
#7306 = CARTESIAN_POINT('',(9.357690306329,-0.873506546124,
    -11.83462503302));
#7307 = CARTESIAN_POINT('',(9.634455611083,-1.312084436222,
    -11.57987950188));
#7308 = CARTESIAN_POINT('',(9.894425038032,-1.750414361612,
    -11.3086386004));
#7309 = ORIENTED_EDGE('',*,*,#7310,.F.);
#7310 = EDGE_CURVE('',#7253,#7301,#7311,.T.);
#7311 = LINE('',#7312,#7313);
#7312 = CARTESIAN_POINT('',(8.343860018001,-9.351690468601E-16,
    -11.87939392393));
#7313 = VECTOR('',#7314,1.);
#7314 = DIRECTION('',(0.707106781187,-4.598694340586E-17,-0.707106781187
    ));
#7315 = PLANE('',#7316);
#7316 = AXIS2_PLACEMENT_3D('',#7317,#7318,#7319);
#7317 = CARTESIAN_POINT('',(9.404520189781,-1.750414361612,
    -10.81873375215));
#7318 = DIRECTION('',(0.536929320374,0.650702550975,0.536929320374));
#7319 = DIRECTION('',(-0.46011618633,0.759332726909,-0.46011618633));
#7320 = ADVANCED_FACE('',(#7321),#7369,.T.);
#7321 = FACE_BOUND('',#7322,.T.);
#7322 = EDGE_LOOP('',(#7323,#7336,#7337,#7338,#7348,#7361));
#7323 = ORIENTED_EDGE('',*,*,#7324,.T.);
#7324 = EDGE_CURVE('',#7325,#7217,#7327,.T.);
#7325 = VERTEX_POINT('',#7326);
#7326 = CARTESIAN_POINT('',(9.55804201643,-8.571245632197E-16,
    -11.67936235998));
#7327 = B_SPLINE_CURVE_WITH_KNOTS('',4,(#7328,#7329,#7330,#7331,#7332,
    #7333,#7334,#7335),.UNSPECIFIED.,.F.,.F.,(5,3,5),(0.,0.859040906687,
    1.),.UNSPECIFIED.);
#7328 = CARTESIAN_POINT('',(9.55804201643,-8.571245632197E-16,
    -11.67936235998));
#7329 = CARTESIAN_POINT('',(9.808211516127,-0.375362838397,
    -11.4746310986));
#7330 = CARTESIAN_POINT('',(10.046672606263,-0.751580097853,
    -11.2571559581));
#7331 = CARTESIAN_POINT('',(10.272996206371,-1.127960104082,
    -11.02734609539));
#7332 = CARTESIAN_POINT('',(10.521873422554,-1.565489825124,
    -10.74598274768));
#7333 = CARTESIAN_POINT('',(10.556617610569,-1.627149502621,
    -10.70600181282));
#7334 = CARTESIAN_POINT('',(10.591022753067,-1.688792027003,
    -10.66570262024));
#7335 = CARTESIAN_POINT('',(10.625087148532,-1.750414361612,
    -10.62508714853));
#7336 = ORIENTED_EDGE('',*,*,#7224,.T.);
#7337 = ORIENTED_EDGE('',*,*,#7300,.F.);
#7338 = ORIENTED_EDGE('',*,*,#7339,.F.);
#7339 = EDGE_CURVE('',#7340,#7301,#7342,.T.);
#7340 = VERTEX_POINT('',#7341);
#7341 = CARTESIAN_POINT('',(9.906787581715,1.500414361612,
    -11.32100114408));
#7342 = B_SPLINE_CURVE_WITH_KNOTS('',4,(#7343,#7344,#7345,#7346,#7347),
  .UNSPECIFIED.,.F.,.F.,(5,5),(0.,1.),.PIECEWISE_BEZIER_KNOTS.);
#7343 = CARTESIAN_POINT('',(9.906787581715,1.500414361612,
    -11.32100114408));
#7344 = CARTESIAN_POINT('',(9.640446611459,1.124426479542,
    -11.58624049162));
#7345 = CARTESIAN_POINT('',(9.359526513895,0.7484591178,-11.83687169974)
  );
#7346 = CARTESIAN_POINT('',(9.064608893323,0.373362942798,
    -12.07227368099));
#7347 = CARTESIAN_POINT('',(8.756340427799,-9.619948584152E-16,
    -12.29187433373));
#7348 = ORIENTED_EDGE('',*,*,#7349,.F.);
#7349 = EDGE_CURVE('',#7350,#7340,#7352,.T.);
#7350 = VERTEX_POINT('',#7351);
#7351 = CARTESIAN_POINT('',(10.637422316842,1.500414361612,
    -10.63742231684));
#7352 = B_SPLINE_CURVE_WITH_KNOTS('',7,(#7353,#7354,#7355,#7356,#7357,
    #7358,#7359,#7360),.UNSPECIFIED.,.F.,.F.,(8,8),(0.,1.),
  .PIECEWISE_BEZIER_KNOTS.);
#7353 = CARTESIAN_POINT('',(10.637422316842,1.500414361612,
    -10.63742231684));
#7354 = CARTESIAN_POINT('',(10.536332497933,1.500414361612,
    -10.73851213575));
#7355 = CARTESIAN_POINT('',(10.434121967603,1.500414361612,
    -10.83848112749));
#7356 = CARTESIAN_POINT('',(10.330805297755,1.500414361612,
    -10.93731442778));
#7357 = CARTESIAN_POINT('',(10.226398484326,1.500414361612,
    -11.03499737258));
#7358 = CARTESIAN_POINT('',(10.120915540207,1.500414361612,
    -11.13151554743));
#7359 = CARTESIAN_POINT('',(10.014373538721,1.500414361612,
    -11.22685482897));
#7360 = CARTESIAN_POINT('',(9.906787581715,1.500414361612,
    -11.32100114408));
#7361 = ORIENTED_EDGE('',*,*,#7362,.T.);
#7362 = EDGE_CURVE('',#7350,#7325,#7363,.T.);
#7363 = B_SPLINE_CURVE_WITH_KNOTS('',4,(#7364,#7365,#7366,#7367,#7368),
  .UNSPECIFIED.,.F.,.F.,(5,5),(0.,1.),.PIECEWISE_BEZIER_KNOTS.);
#7364 = CARTESIAN_POINT('',(10.637422316842,1.500414361612,
    -10.63742231684));
#7365 = CARTESIAN_POINT('',(10.389434755289,1.125460957613,
    -10.91955250418));
#7366 = CARTESIAN_POINT('',(10.126491779122,0.749846014813,
    -11.18766257569));
#7367 = CARTESIAN_POINT('',(9.849154385962,0.374410412648,
    -11.44112467428));
#7368 = CARTESIAN_POINT('',(9.55804201643,-8.881784197001E-16,
    -11.67936235998));
#7369 = SURFACE_OF_REVOLUTION('',#7370,#7375);
#7370 = CIRCLE('',#7371,23.350974086829);
#7371 = AXIS2_PLACEMENT_3D('',#7372,#7373,#7374);
#7372 = CARTESIAN_POINT('',(0.,-1.088741204263E-14,-8.259132836545));
#7373 = DIRECTION('',(1.,0.,0.));
#7374 = DIRECTION('',(0.,1.,0.));
#7375 = AXIS1_PLACEMENT('',#7376,#7377);
#7376 = CARTESIAN_POINT('',(0.,0.,0.));
#7377 = DIRECTION('',(-1.110223024625E-16,-1.,1.110223024625E-16));
#7378 = ADVANCED_FACE('',(#7379),#7390,.F.);
#7379 = FACE_BOUND('',#7380,.F.);
#7380 = EDGE_LOOP('',(#7381,#7382,#7388,#7389));
#7381 = ORIENTED_EDGE('',*,*,#7284,.F.);
#7382 = ORIENTED_EDGE('',*,*,#7383,.T.);
#7383 = EDGE_CURVE('',#7277,#7325,#7384,.T.);
#7384 = LINE('',#7385,#7386);
#7385 = CARTESIAN_POINT('',(9.050966799188,-8.241467443976E-16,
    -11.17228714274));
#7386 = VECTOR('',#7387,1.);
#7387 = DIRECTION('',(0.707106781187,-4.598694340586E-17,-0.707106781187
    ));
#7388 = ORIENTED_EDGE('',*,*,#7324,.T.);
#7389 = ORIENTED_EDGE('',*,*,#7216,.F.);
#7390 = PLANE('',#7391);
#7391 = AXIS2_PLACEMENT_3D('',#7392,#7393,#7394);
#7392 = CARTESIAN_POINT('',(9.050966799188,-8.241467443976E-16,
    -11.17228714274));
#7393 = DIRECTION('',(-0.536929320374,-0.650702550975,-0.536929320374));
#7394 = DIRECTION('',(0.46011618633,-0.759332726909,0.46011618633));
#7395 = ADVANCED_FACE('',(#7396),#7407,.F.);
#7396 = FACE_BOUND('',#7397,.F.);
#7397 = EDGE_LOOP('',(#7398,#7399,#7400,#7401));
#7398 = ORIENTED_EDGE('',*,*,#7260,.F.);
#7399 = ORIENTED_EDGE('',*,*,#7310,.T.);
#7400 = ORIENTED_EDGE('',*,*,#7339,.F.);
#7401 = ORIENTED_EDGE('',*,*,#7402,.F.);
#7402 = EDGE_CURVE('',#7261,#7340,#7403,.T.);
#7403 = LINE('',#7404,#7405);
#7404 = CARTESIAN_POINT('',(9.404520189781,1.500414361612,
    -10.81873375215));
#7405 = VECTOR('',#7406,1.);
#7406 = DIRECTION('',(0.707106781187,-4.598694340586E-17,-0.707106781187
    ));
#7407 = PLANE('',#7408);
#7408 = AXIS2_PLACEMENT_3D('',#7409,#7410,#7411);
#7409 = CARTESIAN_POINT('',(8.343860018001,-9.351690468601E-16,
    -11.87939392393));
#7410 = DIRECTION('',(0.500069045963,-0.707009121964,0.500069045963));
#7411 = DIRECTION('',(0.499930944501,0.707204426923,0.499930944501));
#7412 = ADVANCED_FACE('',(#7413),#7424,.F.);
#7413 = FACE_BOUND('',#7414,.F.);
#7414 = EDGE_LOOP('',(#7415,#7416,#7417,#7418));
#7415 = ORIENTED_EDGE('',*,*,#7268,.F.);
#7416 = ORIENTED_EDGE('',*,*,#7402,.T.);
#7417 = ORIENTED_EDGE('',*,*,#7349,.F.);
#7418 = ORIENTED_EDGE('',*,*,#7419,.F.);
#7419 = EDGE_CURVE('',#7269,#7350,#7420,.T.);
#7420 = LINE('',#7421,#7422);
#7421 = CARTESIAN_POINT('',(10.111626970968,1.500414361612,
    -10.11162697096));
#7422 = VECTOR('',#7423,1.);
#7423 = DIRECTION('',(0.707106781187,-4.598694340586E-17,-0.707106781187
    ));
#7424 = PLANE('',#7425);
#7425 = AXIS2_PLACEMENT_3D('',#7426,#7427,#7428);
#7426 = CARTESIAN_POINT('',(9.404520189781,1.500414361612,
    -10.81873375215));
#7427 = DIRECTION('',(4.598694340586E-17,-1.,1.110223024625E-16));
#7428 = DIRECTION('',(0.707106781187,1.110223024625E-16,0.707106781187)
  );
#7429 = ADVANCED_FACE('',(#7430),#7436,.F.);
#7430 = FACE_BOUND('',#7431,.F.);
#7431 = EDGE_LOOP('',(#7432,#7433,#7434,#7435));
#7432 = ORIENTED_EDGE('',*,*,#7276,.F.);
#7433 = ORIENTED_EDGE('',*,*,#7419,.T.);
#7434 = ORIENTED_EDGE('',*,*,#7362,.T.);
#7435 = ORIENTED_EDGE('',*,*,#7383,.F.);
#7436 = PLANE('',#7437);
#7437 = AXIS2_PLACEMENT_3D('',#7438,#7439,#7440);
#7438 = CARTESIAN_POINT('',(10.111626970968,1.500414361612,
    -10.11162697096));
#7439 = DIRECTION('',(-0.500069045963,0.707009121964,-0.500069045963));
#7440 = DIRECTION('',(-0.499930944501,-0.707204426923,-0.499930944501));
#7441 = MANIFOLD_SOLID_BREP('',#7442);
#7442 = CLOSED_SHELL('',(#7443,#7488,#7535,#7561,#7619,#7636,#7653,#7670
    ));
#7443 = ADVANCED_FACE('',(#7444),#7483,.F.);
#7444 = FACE_BOUND('',#7445,.F.);
#7445 = EDGE_LOOP('',(#7446,#7456,#7464,#7477));
#7446 = ORIENTED_EDGE('',*,*,#7447,.F.);
#7447 = EDGE_CURVE('',#7448,#7450,#7452,.T.);
#7448 = VERTEX_POINT('',#7449);
#7449 = CARTESIAN_POINT('',(7.94465433218,-1.750414361612,
    -11.89001545592));
#7450 = VERTEX_POINT('',#7451);
#7451 = CARTESIAN_POINT('',(7.113184719878,-1.750414361612,
    -12.44558568894));
#7452 = LINE('',#7453,#7454);
#7453 = CARTESIAN_POINT('',(7.94465433218,-1.750414361612,
    -11.89001545592));
#7454 = VECTOR('',#7455,1.);
#7455 = DIRECTION('',(-0.831469612303,-8.039131812654E-17,-0.55557023302
    ));
#7456 = ORIENTED_EDGE('',*,*,#7457,.T.);
#7457 = EDGE_CURVE('',#7448,#7458,#7460,.T.);
#7458 = VERTEX_POINT('',#7459);
#7459 = CARTESIAN_POINT('',(8.348077405025,-1.750414361612,
    -12.49378075153));
#7460 = LINE('',#7461,#7462);
#7461 = CARTESIAN_POINT('',(7.94465433218,-1.750414361612,
    -11.89001545592));
#7462 = VECTOR('',#7463,1.);
#7463 = DIRECTION('',(0.55557023302,-4.29700547724E-17,-0.831469612303)
  );
#7464 = ORIENTED_EDGE('',*,*,#7465,.T.);
#7465 = EDGE_CURVE('',#7458,#7466,#7468,.T.);
#7466 = VERTEX_POINT('',#7467);
#7467 = CARTESIAN_POINT('',(7.498100489238,-1.750414361612,
    -13.02165284751));
#7468 = B_SPLINE_CURVE_WITH_KNOTS('',7,(#7469,#7470,#7471,#7472,#7473,
    #7474,#7475,#7476),.UNSPECIFIED.,.F.,.F.,(8,8),(0.,1.),
  .PIECEWISE_BEZIER_KNOTS.);
#7469 = CARTESIAN_POINT('',(8.348077405025,-1.750414361612,
    -12.49378075153));
#7470 = CARTESIAN_POINT('',(8.229208224244,-1.750414361612,
    -12.57320659817));
#7471 = CARTESIAN_POINT('',(8.109457386138,-1.750414361612,
    -12.65131304487));
#7472 = CARTESIAN_POINT('',(7.988842346285,-1.750414361612,
    -12.72808828225));
#7473 = CARTESIAN_POINT('',(7.867381331254,-1.750414361612,
    -12.80352094655));
#7474 = CARTESIAN_POINT('',(7.745091605891,-1.750414361612,
    -12.87759971256));
#7475 = CARTESIAN_POINT('',(7.621992021746,-1.750414361612,
    -12.95031391548));
#7476 = CARTESIAN_POINT('',(7.498100489238,-1.750414361612,
    -13.02165284751));
#7477 = ORIENTED_EDGE('',*,*,#7478,.F.);
#7478 = EDGE_CURVE('',#7450,#7466,#7479,.T.);
#7479 = LINE('',#7480,#7481);
#7480 = CARTESIAN_POINT('',(7.113184719878,-1.750414361612,
    -12.44558568894));
#7481 = VECTOR('',#7482,1.);
#7482 = DIRECTION('',(0.55557023302,-4.29700547724E-17,-0.831469612303)
  );
#7483 = PLANE('',#7484);
#7484 = AXIS2_PLACEMENT_3D('',#7485,#7486,#7487);
#7485 = CARTESIAN_POINT('',(7.94465433218,-1.750414361612,
    -11.89001545592));
#7486 = DIRECTION('',(-4.29700547724E-17,1.,-8.039131812654E-17));
#7487 = DIRECTION('',(-0.831469612303,-8.039131812654E-17,-0.55557023302
    ));
#7488 = ADVANCED_FACE('',(#7489),#7530,.T.);
#7489 = FACE_BOUND('',#7490,.F.);
#7490 = EDGE_LOOP('',(#7491,#7492,#7500,#7508,#7516,#7524));
#7491 = ORIENTED_EDGE('',*,*,#7447,.T.);
#7492 = ORIENTED_EDGE('',*,*,#7493,.T.);
#7493 = EDGE_CURVE('',#7450,#7494,#7496,.T.);
#7494 = VERTEX_POINT('',#7495);
#7495 = CARTESIAN_POINT('',(5.865980301424,-8.154500785617E-16,
    -13.27894103847));
#7496 = LINE('',#7497,#7498);
#7497 = CARTESIAN_POINT('',(7.113184719878,-1.750414361612,
    -12.44558568894));
#7498 = VECTOR('',#7499,1.);
#7499 = DIRECTION('',(-0.541039397783,0.759332726909,-0.361510967871));
#7500 = ORIENTED_EDGE('',*,*,#7501,.T.);
#7501 = EDGE_CURVE('',#7494,#7502,#7504,.T.);
#7502 = VERTEX_POINT('',#7503);
#7503 = CARTESIAN_POINT('',(7.113184719878,1.500414361612,
    -12.44558568894));
#7504 = LINE('',#7505,#7506);
#7505 = CARTESIAN_POINT('',(5.865980301424,-8.154500785617E-16,
    -13.27894103847));
#7506 = VECTOR('',#7507,1.);
#7507 = DIRECTION('',(0.587856600534,0.707204426923,0.392793222636));
#7508 = ORIENTED_EDGE('',*,*,#7509,.T.);
#7509 = EDGE_CURVE('',#7502,#7510,#7512,.T.);
#7510 = VERTEX_POINT('',#7511);
#7511 = CARTESIAN_POINT('',(7.94465433218,1.500414361612,-11.89001545592
    ));
#7512 = LINE('',#7513,#7514);
#7513 = CARTESIAN_POINT('',(7.113184719878,1.500414361612,
    -12.44558568894));
#7514 = VECTOR('',#7515,1.);
#7515 = DIRECTION('',(0.831469612303,8.039131812654E-17,0.55557023302));
#7516 = ORIENTED_EDGE('',*,*,#7517,.T.);
#7517 = EDGE_CURVE('',#7510,#7518,#7520,.T.);
#7518 = VERTEX_POINT('',#7519);
#7519 = CARTESIAN_POINT('',(6.697449913726,-7.350587604351E-16,
    -12.72337080545));
#7520 = LINE('',#7521,#7522);
#7521 = CARTESIAN_POINT('',(7.94465433218,1.500414361612,-11.89001545592
    ));
#7522 = VECTOR('',#7523,1.);
#7523 = DIRECTION('',(-0.587856600534,-0.707204426923,-0.392793222636));
#7524 = ORIENTED_EDGE('',*,*,#7525,.T.);
#7525 = EDGE_CURVE('',#7518,#7448,#7526,.T.);
#7526 = LINE('',#7527,#7528);
#7527 = CARTESIAN_POINT('',(6.697449913726,-7.350587604351E-16,
    -12.72337080545));
#7528 = VECTOR('',#7529,1.);
#7529 = DIRECTION('',(0.541039397783,-0.759332726909,0.361510967871));
#7530 = PLANE('',#7531);
#7531 = AXIS2_PLACEMENT_3D('',#7532,#7533,#7534);
#7532 = CARTESIAN_POINT('',(7.020228606907,-0.101510508611,
    -12.50769697789));
#7533 = DIRECTION('',(-0.55557023302,4.29700547724E-17,0.831469612303));
#7534 = DIRECTION('',(0.831469612303,8.039131812654E-17,0.55557023302));
#7535 = ADVANCED_FACE('',(#7536),#7556,.F.);
#7536 = FACE_BOUND('',#7537,.F.);
#7537 = EDGE_LOOP('',(#7538,#7539,#7540,#7550));
#7538 = ORIENTED_EDGE('',*,*,#7493,.F.);
#7539 = ORIENTED_EDGE('',*,*,#7478,.T.);
#7540 = ORIENTED_EDGE('',*,*,#7541,.F.);
#7541 = EDGE_CURVE('',#7542,#7466,#7544,.T.);
#7542 = VERTEX_POINT('',#7543);
#7543 = CARTESIAN_POINT('',(6.190064079836,-8.405160322099E-16,
    -13.76396668883));
#7544 = B_SPLINE_CURVE_WITH_KNOTS('',4,(#7545,#7546,#7547,#7548,#7549),
  .UNSPECIFIED.,.F.,.F.,(5,5),(0.,1.),.PIECEWISE_BEZIER_KNOTS.);
#7545 = CARTESIAN_POINT('',(6.190064079836,-4.440892098501E-16,
    -13.76396668883));
#7546 = CARTESIAN_POINT('',(6.535410894346,-0.435774405179,
    -13.60865398307));
#7547 = CARTESIAN_POINT('',(6.869064102386,-0.873506546124,
    -13.43282084667));
#7548 = CARTESIAN_POINT('',(7.190209827117,-1.312084436222,
    -13.2369644119));
#7549 = CARTESIAN_POINT('',(7.498100489238,-1.750414361612,
    -13.02165284751));
#7550 = ORIENTED_EDGE('',*,*,#7551,.F.);
#7551 = EDGE_CURVE('',#7494,#7542,#7552,.T.);
#7552 = LINE('',#7553,#7554);
#7553 = CARTESIAN_POINT('',(5.865980301424,-8.154500785617E-16,
    -13.27894103847));
#7554 = VECTOR('',#7555,1.);
#7555 = DIRECTION('',(0.55557023302,-4.29700547724E-17,-0.831469612303)
  );
#7556 = PLANE('',#7557);
#7557 = AXIS2_PLACEMENT_3D('',#7558,#7559,#7560);
#7558 = CARTESIAN_POINT('',(7.113184719878,-1.750414361612,
    -12.44558568894));
#7559 = DIRECTION('',(0.631362088052,0.650702550975,0.421862660028));
#7560 = DIRECTION('',(-0.541039397783,0.759332726909,-0.361510967871));
#7561 = ADVANCED_FACE('',(#7562),#7610,.T.);
#7562 = FACE_BOUND('',#7563,.T.);
#7563 = EDGE_LOOP('',(#7564,#7577,#7578,#7579,#7589,#7602));
#7564 = ORIENTED_EDGE('',*,*,#7565,.T.);
#7565 = EDGE_CURVE('',#7566,#7458,#7568,.T.);
#7566 = VERTEX_POINT('',#7567);
#7567 = CARTESIAN_POINT('',(7.095856355437,-7.658731302564E-16,
    -13.319628182));
#7568 = B_SPLINE_CURVE_WITH_KNOTS('',4,(#7569,#7570,#7571,#7572,#7573,
    #7574,#7575,#7576),.UNSPECIFIED.,.F.,.F.,(5,3,5),(0.,0.859040906687,
    1.),.UNSPECIFIED.);
#7569 = CARTESIAN_POINT('',(7.095856355437,-7.658731302564E-16,
    -13.319628182));
#7570 = CARTESIAN_POINT('',(7.381160006056,-0.375362838397,
    -13.16763642265));
#7571 = CARTESIAN_POINT('',(7.657466428401,-0.751580097853,
    -13.00086145685));
#7572 = CARTESIAN_POINT('',(7.924274964113,-1.127960104082,
    -12.81962087025));
#7573 = CARTESIAN_POINT('',(8.223261340482,-1.565489825124,
    -12.59221737661));
#7574 = CARTESIAN_POINT('',(8.265137822122,-1.627149502621,
    -12.55978291903));
#7575 = CARTESIAN_POINT('',(8.306743861913,-1.688792027003,
    -12.52697017446));
#7576 = CARTESIAN_POINT('',(8.348077405025,-1.750414361612,
    -12.49378075153));
#7577 = ORIENTED_EDGE('',*,*,#7465,.T.);
#7578 = ORIENTED_EDGE('',*,*,#7541,.F.);
#7579 = ORIENTED_EDGE('',*,*,#7580,.F.);
#7580 = EDGE_CURVE('',#7581,#7542,#7583,.T.);
#7581 = VERTEX_POINT('',#7582);
#7582 = CARTESIAN_POINT('',(7.507813677483,1.500414361612,
    -13.03618966101));
#7583 = B_SPLINE_CURVE_WITH_KNOTS('',4,(#7584,#7585,#7586,#7587,#7588),
  .UNSPECIFIED.,.F.,.F.,(5,5),(0.,1.),.PIECEWISE_BEZIER_KNOTS.);
#7584 = CARTESIAN_POINT('',(7.507813677483,1.500414361612,
    -13.03618966101));
#7585 = CARTESIAN_POINT('',(7.194844744565,1.124426479542,-13.2443719632
    ));
#7586 = CARTESIAN_POINT('',(6.870426724805,0.7484591178,-13.43538257064)
  );
#7587 = CARTESIAN_POINT('',(6.535251215291,0.373362942798,
    -13.60872579526));
#7588 = CARTESIAN_POINT('',(6.190064079836,-8.405160322099E-16,
    -13.76396668883));
#7589 = ORIENTED_EDGE('',*,*,#7590,.F.);
#7590 = EDGE_CURVE('',#7591,#7581,#7593,.T.);
#7591 = VERTEX_POINT('',#7592);
#7592 = CARTESIAN_POINT('',(8.357769084577,1.500414361612,-12.508285375)
  );
#7593 = B_SPLINE_CURVE_WITH_KNOTS('',7,(#7594,#7595,#7596,#7597,#7598,
    #7599,#7600,#7601),.UNSPECIFIED.,.F.,.F.,(8,8),(0.,1.),
  .PIECEWISE_BEZIER_KNOTS.);
#7594 = CARTESIAN_POINT('',(8.357769084577,1.500414361612,-12.508285375)
  );
#7595 = CARTESIAN_POINT('',(8.260883588062,1.500414361612,
    -12.57302219355));
#7596 = CARTESIAN_POINT('',(8.13947552873,1.500414361612,-12.65288006746
    ));
#7597 = CARTESIAN_POINT('',(8.006816431746,1.500414361612,
    -12.73784984005));
#7598 = CARTESIAN_POINT('',(7.87261319063,1.500414361612,-12.82103879567
    ));
#7599 = CARTESIAN_POINT('',(7.743401343705,1.500414361612,
    -12.89895620894));
#7600 = CARTESIAN_POINT('',(7.622051969441,1.500414361612,
    -12.97039747129));
#7601 = CARTESIAN_POINT('',(7.507813677483,1.500414361612,
    -13.03618966101));
#7602 = ORIENTED_EDGE('',*,*,#7603,.T.);
#7603 = EDGE_CURVE('',#7591,#7566,#7604,.T.);
#7604 = B_SPLINE_CURVE_WITH_KNOTS('',4,(#7605,#7606,#7607,#7608,#7609),
  .UNSPECIFIED.,.F.,.F.,(5,5),(0.,1.),.PIECEWISE_BEZIER_KNOTS.);
#7605 = CARTESIAN_POINT('',(8.357769084577,1.500414361612,-12.508285375)
  );
#7606 = CARTESIAN_POINT('',(8.059505665384,1.125460957613,
    -12.73661453667));
#7607 = CARTESIAN_POINT('',(7.749309384588,0.749846014813,
    -12.94827531843));
#7608 = CARTESIAN_POINT('',(7.427852949236,0.374410412648,
    -13.14276137254));
#7609 = CARTESIAN_POINT('',(7.095856355437,-1.33226762955E-15,
    -13.319628182));
#7610 = SURFACE_OF_REVOLUTION('',#7611,#7616);
#7611 = CIRCLE('',#7612,23.350974086829);
#7612 = AXIS2_PLACEMENT_3D('',#7613,#7614,#7615);
#7613 = CARTESIAN_POINT('',(0.,-1.088741204263E-14,-8.259132836545));
#7614 = DIRECTION('',(1.,0.,0.));
#7615 = DIRECTION('',(0.,1.,0.));
#7616 = AXIS1_PLACEMENT('',#7617,#7618);
#7617 = CARTESIAN_POINT('',(0.,0.,0.));
#7618 = DIRECTION('',(-1.110223024625E-16,-1.,1.110223024625E-16));
#7619 = ADVANCED_FACE('',(#7620),#7631,.F.);
#7620 = FACE_BOUND('',#7621,.F.);
#7621 = EDGE_LOOP('',(#7622,#7623,#7629,#7630));
#7622 = ORIENTED_EDGE('',*,*,#7525,.F.);
#7623 = ORIENTED_EDGE('',*,*,#7624,.T.);
#7624 = EDGE_CURVE('',#7518,#7566,#7625,.T.);
#7625 = LINE('',#7626,#7627);
#7626 = CARTESIAN_POINT('',(6.697449913726,-7.350587604351E-16,
    -12.72337080545));
#7627 = VECTOR('',#7628,1.);
#7628 = DIRECTION('',(0.55557023302,-4.29700547724E-17,-0.831469612303)
  );
#7629 = ORIENTED_EDGE('',*,*,#7565,.T.);
#7630 = ORIENTED_EDGE('',*,*,#7457,.F.);
#7631 = PLANE('',#7632);
#7632 = AXIS2_PLACEMENT_3D('',#7633,#7634,#7635);
#7633 = CARTESIAN_POINT('',(6.697449913726,-7.350587604351E-16,
    -12.72337080545));
#7634 = DIRECTION('',(-0.631362088052,-0.650702550975,-0.421862660028));
#7635 = DIRECTION('',(0.541039397783,-0.759332726909,0.361510967871));
#7636 = ADVANCED_FACE('',(#7637),#7648,.F.);
#7637 = FACE_BOUND('',#7638,.F.);
#7638 = EDGE_LOOP('',(#7639,#7640,#7641,#7642));
#7639 = ORIENTED_EDGE('',*,*,#7501,.F.);
#7640 = ORIENTED_EDGE('',*,*,#7551,.T.);
#7641 = ORIENTED_EDGE('',*,*,#7580,.F.);
#7642 = ORIENTED_EDGE('',*,*,#7643,.F.);
#7643 = EDGE_CURVE('',#7502,#7581,#7644,.T.);
#7644 = LINE('',#7645,#7646);
#7645 = CARTESIAN_POINT('',(7.113184719878,1.500414361612,
    -12.44558568894));
#7646 = VECTOR('',#7647,1.);
#7647 = DIRECTION('',(0.55557023302,-4.29700547724E-17,-0.831469612303)
  );
#7648 = PLANE('',#7649);
#7649 = AXIS2_PLACEMENT_3D('',#7650,#7651,#7652);
#7650 = CARTESIAN_POINT('',(5.865980301424,-8.154500785617E-16,
    -13.27894103847));
#7651 = DIRECTION('',(0.588018990673,-0.707009121964,0.392901728258));
#7652 = DIRECTION('',(0.587856600534,0.707204426923,0.392793222636));
#7653 = ADVANCED_FACE('',(#7654),#7665,.F.);
#7654 = FACE_BOUND('',#7655,.F.);
#7655 = EDGE_LOOP('',(#7656,#7657,#7658,#7659));
#7656 = ORIENTED_EDGE('',*,*,#7509,.F.);
#7657 = ORIENTED_EDGE('',*,*,#7643,.T.);
#7658 = ORIENTED_EDGE('',*,*,#7590,.F.);
#7659 = ORIENTED_EDGE('',*,*,#7660,.F.);
#7660 = EDGE_CURVE('',#7510,#7591,#7661,.T.);
#7661 = LINE('',#7662,#7663);
#7662 = CARTESIAN_POINT('',(7.94465433218,1.500414361612,-11.89001545592
    ));
#7663 = VECTOR('',#7664,1.);
#7664 = DIRECTION('',(0.55557023302,-4.29700547724E-17,-0.831469612303)
  );
#7665 = PLANE('',#7666);
#7666 = AXIS2_PLACEMENT_3D('',#7667,#7668,#7669);
#7667 = CARTESIAN_POINT('',(7.113184719878,1.500414361612,
    -12.44558568894));
#7668 = DIRECTION('',(4.29700547724E-17,-1.,8.039131812654E-17));
#7669 = DIRECTION('',(0.831469612303,8.039131812654E-17,0.55557023302));
#7670 = ADVANCED_FACE('',(#7671),#7677,.F.);
#7671 = FACE_BOUND('',#7672,.F.);
#7672 = EDGE_LOOP('',(#7673,#7674,#7675,#7676));
#7673 = ORIENTED_EDGE('',*,*,#7517,.F.);
#7674 = ORIENTED_EDGE('',*,*,#7660,.T.);
#7675 = ORIENTED_EDGE('',*,*,#7603,.T.);
#7676 = ORIENTED_EDGE('',*,*,#7624,.F.);
#7677 = PLANE('',#7678);
#7678 = AXIS2_PLACEMENT_3D('',#7679,#7680,#7681);
#7679 = CARTESIAN_POINT('',(7.94465433218,1.500414361612,-11.89001545592
    ));
#7680 = DIRECTION('',(-0.588018990673,0.707009121964,-0.392901728258));
#7681 = DIRECTION('',(-0.587856600534,-0.707204426923,-0.392793222636));
#7682 = MANIFOLD_SOLID_BREP('',#7683);
#7683 = CLOSED_SHELL('',(#7684,#7730,#7777,#7803,#7862,#7879,#7896,#7913
    ));
#7684 = ADVANCED_FACE('',(#7685),#7725,.F.);
#7685 = FACE_BOUND('',#7686,.F.);
#7686 = EDGE_LOOP('',(#7687,#7697,#7705,#7719));
#7687 = ORIENTED_EDGE('',*,*,#7688,.F.);
#7688 = EDGE_CURVE('',#7689,#7691,#7693,.T.);
#7689 = VERTEX_POINT('',#7690);
#7690 = CARTESIAN_POINT('',(5.472373082821,-1.750414361612,
    -13.21147731491));
#7691 = VERTEX_POINT('',#7692);
#7692 = CARTESIAN_POINT('',(4.54849355031,-1.750414361612,
    -13.59416074727));
#7693 = LINE('',#7694,#7695);
#7694 = CARTESIAN_POINT('',(5.472373082821,-1.750414361612,
    -13.21147731491));
#7695 = VECTOR('',#7696,1.);
#7696 = DIRECTION('',(-0.923879532511,-5.093746534055E-17,
    -0.382683432365));
#7697 = ORIENTED_EDGE('',*,*,#7698,.T.);
#7698 = EDGE_CURVE('',#7689,#7699,#7701,.T.);
#7699 = VERTEX_POINT('',#7700);
#7700 = CARTESIAN_POINT('',(5.750255728499,-1.750414361612,
    -13.88234536685));
#7701 = LINE('',#7702,#7703);
#7702 = CARTESIAN_POINT('',(5.472373082821,-1.750414361612,
    -13.21147731491));
#7703 = VECTOR('',#7704,1.);
#7704 = DIRECTION('',(0.382683432365,-3.403532621031E-17,-0.923879532511
    ));
#7705 = ORIENTED_EDGE('',*,*,#7706,.T.);
#7706 = EDGE_CURVE('',#7699,#7707,#7709,.T.);
#7707 = VERTEX_POINT('',#7708);
#7708 = CARTESIAN_POINT('',(4.813628143625,-1.750414361612,
    -14.23425227831));
#7709 = B_SPLINE_CURVE_WITH_KNOTS('',8,(#7710,#7711,#7712,#7713,#7714,
    #7715,#7716,#7717,#7718),.UNSPECIFIED.,.F.,.F.,(9,9),(0.,1.),
  .PIECEWISE_BEZIER_KNOTS.);
#7710 = CARTESIAN_POINT('',(5.750255728499,-1.750414361612,
    -13.88234536685));
#7711 = CARTESIAN_POINT('',(5.634685436168,-1.750414361612,
    -13.93021614934));
#7712 = CARTESIAN_POINT('',(5.51865960134,-1.750414361612,-13.9769873906
    ));
#7713 = CARTESIAN_POINT('',(5.402190582984,-1.750414361612,
    -14.02265404383));
#7714 = CARTESIAN_POINT('',(5.285290335379,-1.750414361612,
    -14.06721110613));
#7715 = CARTESIAN_POINT('',(5.16797186685,-1.750414361612,
    -14.11065403982));
#7716 = CARTESIAN_POINT('',(5.050246760155,-1.750414361612,
    -14.15297801918));
#7717 = CARTESIAN_POINT('',(4.932128132972,-1.750414361612,
    -14.19417889442));
#7718 = CARTESIAN_POINT('',(4.813628143625,-1.750414361612,
    -14.23425227831));
#7719 = ORIENTED_EDGE('',*,*,#7720,.F.);
#7720 = EDGE_CURVE('',#7691,#7707,#7721,.T.);
#7721 = LINE('',#7722,#7723);
#7722 = CARTESIAN_POINT('',(4.54849355031,-1.750414361612,
    -13.59416074727));
#7723 = VECTOR('',#7724,1.);
#7724 = DIRECTION('',(0.382683432365,-3.403532621031E-17,-0.923879532511
    ));
#7725 = PLANE('',#7726);
#7726 = AXIS2_PLACEMENT_3D('',#7727,#7728,#7729);
#7727 = CARTESIAN_POINT('',(5.472373082821,-1.750414361612,
    -13.21147731491));
#7728 = DIRECTION('',(-3.403532621031E-17,1.,-5.093746534055E-17));
#7729 = DIRECTION('',(-0.923879532511,-5.093746534055E-17,
    -0.382683432365));
#7730 = ADVANCED_FACE('',(#7731),#7772,.T.);
#7731 = FACE_BOUND('',#7732,.F.);
#7732 = EDGE_LOOP('',(#7733,#7734,#7742,#7750,#7758,#7766));
#7733 = ORIENTED_EDGE('',*,*,#7688,.T.);
#7734 = ORIENTED_EDGE('',*,*,#7735,.T.);
#7735 = EDGE_CURVE('',#7691,#7736,#7738,.T.);
#7736 = VERTEX_POINT('',#7737);
#7737 = CARTESIAN_POINT('',(3.162674251543,-6.140488281588E-16,
    -14.16818589582));
#7738 = LINE('',#7739,#7740);
#7739 = CARTESIAN_POINT('',(4.54849355031,-1.750414361612,
    -13.59416074727));
#7740 = VECTOR('',#7741,1.);
#7741 = DIRECTION('',(-0.601170768598,0.759332726909,-0.249013085656));
#7742 = ORIENTED_EDGE('',*,*,#7743,.T.);
#7743 = EDGE_CURVE('',#7736,#7744,#7746,.T.);
#7744 = VERTEX_POINT('',#7745);
#7745 = CARTESIAN_POINT('',(4.54849355031,1.500414361612,-13.59416074727
    ));
#7746 = LINE('',#7747,#7748);
#7747 = CARTESIAN_POINT('',(3.162674251543,-6.140488281588E-16,
    -14.16818589582));
#7748 = VECTOR('',#7749,1.);
#7749 = DIRECTION('',(0.653191257081,0.707204426923,0.270560677507));
#7750 = ORIENTED_EDGE('',*,*,#7751,.T.);
#7751 = EDGE_CURVE('',#7744,#7752,#7754,.T.);
#7752 = VERTEX_POINT('',#7753);
#7753 = CARTESIAN_POINT('',(5.472373082821,1.500414361612,
    -13.21147731491));
#7754 = LINE('',#7755,#7756);
#7755 = CARTESIAN_POINT('',(4.54849355031,1.500414361612,-13.59416074727
    ));
#7756 = VECTOR('',#7757,1.);
#7757 = DIRECTION('',(0.923879532511,5.093746534055E-17,0.382683432365)
  );
#7758 = ORIENTED_EDGE('',*,*,#7759,.T.);
#7759 = EDGE_CURVE('',#7752,#7760,#7762,.T.);
#7760 = VERTEX_POINT('',#7761);
#7761 = CARTESIAN_POINT('',(4.086553784054,-5.631113628183E-16,
    -13.78550246345));
#7762 = LINE('',#7763,#7764);
#7763 = CARTESIAN_POINT('',(5.472373082821,1.500414361612,
    -13.21147731491));
#7764 = VECTOR('',#7765,1.);
#7765 = DIRECTION('',(-0.653191257081,-0.707204426923,-0.270560677507));
#7766 = ORIENTED_EDGE('',*,*,#7767,.T.);
#7767 = EDGE_CURVE('',#7760,#7689,#7768,.T.);
#7768 = LINE('',#7769,#7770);
#7769 = CARTESIAN_POINT('',(4.086553784054,-5.631113628183E-16,
    -13.78550246345));
#7770 = VECTOR('',#7771,1.);
#7771 = DIRECTION('',(0.601170768598,-0.759332726909,0.249013085656));
#7772 = PLANE('',#7773);
#7773 = AXIS2_PLACEMENT_3D('',#7774,#7775,#7776);
#7774 = CARTESIAN_POINT('',(4.445206251622,-0.101510508611,
    -13.63694374721));
#7775 = DIRECTION('',(-0.382683432365,3.403532621031E-17,0.923879532511)
  );
#7776 = DIRECTION('',(0.923879532511,5.093746534055E-17,0.382683432365)
  );
#7777 = ADVANCED_FACE('',(#7778),#7798,.F.);
#7778 = FACE_BOUND('',#7779,.F.);
#7779 = EDGE_LOOP('',(#7780,#7781,#7782,#7792));
#7780 = ORIENTED_EDGE('',*,*,#7735,.F.);
#7781 = ORIENTED_EDGE('',*,*,#7720,.T.);
#7782 = ORIENTED_EDGE('',*,*,#7783,.F.);
#7783 = EDGE_CURVE('',#7784,#7707,#7786,.T.);
#7784 = VERTEX_POINT('',#7785);
#7785 = CARTESIAN_POINT('',(3.385907040712,-6.33902838439E-16,
    -14.707117523));
#7786 = B_SPLINE_CURVE_WITH_KNOTS('',4,(#7787,#7788,#7789,#7790,#7791),
  .UNSPECIFIED.,.F.,.F.,(5,5),(0.,1.),.PIECEWISE_BEZIER_KNOTS.);
#7787 = CARTESIAN_POINT('',(3.385907040712,-2.22044604925E-16,
    -14.707117523));
#7788 = CARTESIAN_POINT('',(3.754918118798,-0.435774405179,
    -14.62216292858));
#7789 = CARTESIAN_POINT('',(4.116463617205,-0.873506546124,
    -14.51480088839));
#7790 = CARTESIAN_POINT('',(4.469648311812,-1.312084436222,
    -14.38536020295));
#7791 = CARTESIAN_POINT('',(4.813628143625,-1.750414361612,
    -14.23425227831));
#7792 = ORIENTED_EDGE('',*,*,#7793,.F.);
#7793 = EDGE_CURVE('',#7736,#7784,#7794,.T.);
#7794 = LINE('',#7795,#7796);
#7795 = CARTESIAN_POINT('',(3.162674251543,-6.140488281588E-16,
    -14.16818589582));
#7796 = VECTOR('',#7797,1.);
#7797 = DIRECTION('',(0.382683432365,-3.403532621031E-17,-0.923879532511
    ));
#7798 = PLANE('',#7799);
#7799 = AXIS2_PLACEMENT_3D('',#7800,#7801,#7802);
#7800 = CARTESIAN_POINT('',(4.54849355031,-1.750414361612,
    -13.59416074727));
#7801 = DIRECTION('',(0.701531964757,0.650702550975,0.290584054241));
#7802 = DIRECTION('',(-0.601170768598,0.759332726909,-0.249013085656));
#7803 = ADVANCED_FACE('',(#7804),#7853,.T.);
#7804 = FACE_BOUND('',#7805,.T.);
#7805 = EDGE_LOOP('',(#7806,#7819,#7820,#7821,#7831,#7845));
#7806 = ORIENTED_EDGE('',*,*,#7807,.T.);
#7807 = EDGE_CURVE('',#7808,#7699,#7810,.T.);
#7808 = VERTEX_POINT('',#7809);
#7809 = CARTESIAN_POINT('',(4.360980914106,-5.87518525769E-16,
    -14.44802816271));
#7810 = B_SPLINE_CURVE_WITH_KNOTS('',4,(#7811,#7812,#7813,#7814,#7815,
    #7816,#7817,#7818),.UNSPECIFIED.,.F.,.F.,(5,3,5),(0.,0.859040906687,
    1.),.UNSPECIFIED.);
#7811 = CARTESIAN_POINT('',(4.360980914106,-5.87518525769E-16,
    -14.44802816271));
#7812 = CARTESIAN_POINT('',(4.670454656354,-0.375362838397,
    -14.35461686347));
#7813 = CARTESIAN_POINT('',(4.973988110052,-0.751580097853,
    -14.24495114079));
#7814 = CARTESIAN_POINT('',(5.271028278968,-1.127960104082,
    -14.11924480438));
#7815 = CARTESIAN_POINT('',(5.608633936753,-1.565489825124,
    -13.95454015355));
#7816 = CARTESIAN_POINT('',(5.656033422315,-1.627149502621,
    -13.93089861127));
#7817 = CARTESIAN_POINT('',(5.703241462621,-1.688792027003,
    -13.90683329009));
#7818 = CARTESIAN_POINT('',(5.750255728499,-1.750414361612,
    -13.88234536685));
#7819 = ORIENTED_EDGE('',*,*,#7706,.T.);
#7820 = ORIENTED_EDGE('',*,*,#7783,.F.);
#7821 = ORIENTED_EDGE('',*,*,#7822,.F.);
#7822 = EDGE_CURVE('',#7823,#7784,#7825,.T.);
#7823 = VERTEX_POINT('',#7824);
#7824 = CARTESIAN_POINT('',(4.820318704055,1.500414361612,
    -14.25040472004));
#7825 = B_SPLINE_CURVE_WITH_KNOTS('',4,(#7826,#7827,#7828,#7829,#7830),
  .UNSPECIFIED.,.F.,.F.,(5,5),(0.,1.),.PIECEWISE_BEZIER_KNOTS.);
#7826 = CARTESIAN_POINT('',(4.820318704055,1.500414361612,
    -14.25040472004));
#7827 = CARTESIAN_POINT('',(4.472749029052,1.124426479542,
    -14.39352964777));
#7828 = CARTESIAN_POINT('',(4.117300289662,0.7484591178,-14.517579224));
#7829 = CARTESIAN_POINT('',(3.754747498067,0.373362942798,
    -14.62220220909));
#7830 = CARTESIAN_POINT('',(3.385907040712,-6.33902838439E-16,
    -14.707117523));
#7831 = ORIENTED_EDGE('',*,*,#7832,.F.);
#7832 = EDGE_CURVE('',#7833,#7823,#7835,.T.);
#7833 = VERTEX_POINT('',#7834);
#7834 = CARTESIAN_POINT('',(5.756931473483,1.500414361612,
    -13.89846204093));
#7835 = B_SPLINE_CURVE_WITH_KNOTS('',8,(#7836,#7837,#7838,#7839,#7840,
    #7841,#7842,#7843,#7844),.UNSPECIFIED.,.F.,.F.,(9,9),(0.,1.),
  .PIECEWISE_BEZIER_KNOTS.);
#7836 = CARTESIAN_POINT('',(5.756931473483,1.500414361612,
    -13.89846204093));
#7837 = CARTESIAN_POINT('',(5.641361380561,1.500414361612,
    -13.94633274082));
#7838 = CARTESIAN_POINT('',(5.525336275331,1.500414361612,
    -13.99310517929));
#7839 = CARTESIAN_POINT('',(5.408868477293,1.500414361612,
    -14.03877431774));
#7840 = CARTESIAN_POINT('',(5.291969951975,1.500414361612,
    -14.08333517406));
#7841 = CARTESIAN_POINT('',(5.174653604654,1.500414361612,
    -14.12678320129));
#7842 = CARTESIAN_POINT('',(5.056931080747,1.500414361612,-14.169113611)
  );
#7843 = CARTESIAN_POINT('',(4.938815392097,1.500414361612,
    -14.21032223744));
#7844 = CARTESIAN_POINT('',(4.820318704055,1.500414361612,
    -14.25040472004));
#7845 = ORIENTED_EDGE('',*,*,#7846,.T.);
#7846 = EDGE_CURVE('',#7833,#7808,#7847,.T.);
#7847 = B_SPLINE_CURVE_WITH_KNOTS('',4,(#7848,#7849,#7850,#7851,#7852),
  .UNSPECIFIED.,.F.,.F.,(5,5),(0.,1.),.PIECEWISE_BEZIER_KNOTS.);
#7848 = CARTESIAN_POINT('',(5.756931473483,1.500414361612,
    -13.89846204093));
#7849 = CARTESIAN_POINT('',(5.41985429258,1.125460957613,-14.06421561528
    ));
#7850 = CARTESIAN_POINT('',(5.074325376267,0.749846014813,
    -14.21129310217));
#7851 = CARTESIAN_POINT('',(4.72110328926,0.374410412648,-14.33932912179
    ));
#7852 = CARTESIAN_POINT('',(4.360980914106,-6.661338147751E-16,
    -14.44802816271));
#7853 = SURFACE_OF_REVOLUTION('',#7854,#7859);
#7854 = CIRCLE('',#7855,23.350974086829);
#7855 = AXIS2_PLACEMENT_3D('',#7856,#7857,#7858);
#7856 = CARTESIAN_POINT('',(0.,-1.088741204263E-14,-8.259132836545));
#7857 = DIRECTION('',(1.,0.,0.));
#7858 = DIRECTION('',(0.,1.,0.));
#7859 = AXIS1_PLACEMENT('',#7860,#7861);
#7860 = CARTESIAN_POINT('',(0.,0.,0.));
#7861 = DIRECTION('',(-1.110223024625E-16,-1.,1.110223024625E-16));
#7862 = ADVANCED_FACE('',(#7863),#7874,.F.);
#7863 = FACE_BOUND('',#7864,.F.);
#7864 = EDGE_LOOP('',(#7865,#7866,#7872,#7873));
#7865 = ORIENTED_EDGE('',*,*,#7767,.F.);
#7866 = ORIENTED_EDGE('',*,*,#7867,.T.);
#7867 = EDGE_CURVE('',#7760,#7808,#7868,.T.);
#7868 = LINE('',#7869,#7870);
#7869 = CARTESIAN_POINT('',(4.086553784054,-5.631113628183E-16,
    -13.78550246345));
#7870 = VECTOR('',#7871,1.);
#7871 = DIRECTION('',(0.382683432365,-3.403532621031E-17,-0.923879532511
    ));
#7872 = ORIENTED_EDGE('',*,*,#7807,.T.);
#7873 = ORIENTED_EDGE('',*,*,#7698,.F.);
#7874 = PLANE('',#7875);
#7875 = AXIS2_PLACEMENT_3D('',#7876,#7877,#7878);
#7876 = CARTESIAN_POINT('',(4.086553784054,-5.631113628183E-16,
    -13.78550246345));
#7877 = DIRECTION('',(-0.701531964757,-0.650702550975,-0.290584054241));
#7878 = DIRECTION('',(0.601170768598,-0.759332726909,0.249013085656));
#7879 = ADVANCED_FACE('',(#7880),#7891,.F.);
#7880 = FACE_BOUND('',#7881,.F.);
#7881 = EDGE_LOOP('',(#7882,#7883,#7884,#7885));
#7882 = ORIENTED_EDGE('',*,*,#7743,.F.);
#7883 = ORIENTED_EDGE('',*,*,#7793,.T.);
#7884 = ORIENTED_EDGE('',*,*,#7822,.F.);
#7885 = ORIENTED_EDGE('',*,*,#7886,.F.);
#7886 = EDGE_CURVE('',#7744,#7823,#7887,.T.);
#7887 = LINE('',#7888,#7889);
#7888 = CARTESIAN_POINT('',(4.54849355031,1.500414361612,-13.59416074727
    ));
#7889 = VECTOR('',#7890,1.);
#7890 = DIRECTION('',(0.382683432365,-3.403532621031E-17,-0.923879532511
    ));
#7891 = PLANE('',#7892);
#7892 = AXIS2_PLACEMENT_3D('',#7893,#7894,#7895);
#7893 = CARTESIAN_POINT('',(3.162674251543,-6.140488281588E-16,
    -14.16818589582));
#7894 = DIRECTION('',(0.653371695336,-0.707009121964,0.270635417479));
#7895 = DIRECTION('',(0.653191257081,0.707204426923,0.270560677507));
#7896 = ADVANCED_FACE('',(#7897),#7908,.F.);
#7897 = FACE_BOUND('',#7898,.F.);
#7898 = EDGE_LOOP('',(#7899,#7900,#7901,#7902));
#7899 = ORIENTED_EDGE('',*,*,#7751,.F.);
#7900 = ORIENTED_EDGE('',*,*,#7886,.T.);
#7901 = ORIENTED_EDGE('',*,*,#7832,.F.);
#7902 = ORIENTED_EDGE('',*,*,#7903,.F.);
#7903 = EDGE_CURVE('',#7752,#7833,#7904,.T.);
#7904 = LINE('',#7905,#7906);
#7905 = CARTESIAN_POINT('',(5.472373082821,1.500414361612,
    -13.21147731491));
#7906 = VECTOR('',#7907,1.);
#7907 = DIRECTION('',(0.382683432365,-3.403532621031E-17,-0.923879532511
    ));
#7908 = PLANE('',#7909);
#7909 = AXIS2_PLACEMENT_3D('',#7910,#7911,#7912);
#7910 = CARTESIAN_POINT('',(4.54849355031,1.500414361612,-13.59416074727
    ));
#7911 = DIRECTION('',(3.403532621031E-17,-1.,5.093746534055E-17));
#7912 = DIRECTION('',(0.923879532511,5.093746534055E-17,0.382683432365)
  );
#7913 = ADVANCED_FACE('',(#7914),#7920,.F.);
#7914 = FACE_BOUND('',#7915,.F.);
#7915 = EDGE_LOOP('',(#7916,#7917,#7918,#7919));
#7916 = ORIENTED_EDGE('',*,*,#7759,.F.);
#7917 = ORIENTED_EDGE('',*,*,#7903,.T.);
#7918 = ORIENTED_EDGE('',*,*,#7846,.T.);
#7919 = ORIENTED_EDGE('',*,*,#7867,.F.);
#7920 = PLANE('',#7921);
#7921 = AXIS2_PLACEMENT_3D('',#7922,#7923,#7924);
#7922 = CARTESIAN_POINT('',(5.472373082821,1.500414361612,
    -13.21147731491));
#7923 = DIRECTION('',(-0.653371695336,0.707009121964,-0.270635417479));
#7924 = DIRECTION('',(-0.653191257081,-0.707204426923,-0.270560677507));
#7925 = MANIFOLD_SOLID_BREP('',#7926);
#7926 = CLOSED_SHELL('',(#7927,#7973,#8020,#8046,#8105,#8122,#8139,#8156
    ));
#7927 = ADVANCED_FACE('',(#7928),#7968,.F.);
#7928 = FACE_BOUND('',#7929,.F.);
#7929 = EDGE_LOOP('',(#7930,#7940,#7948,#7962));
#7930 = ORIENTED_EDGE('',*,*,#7931,.F.);
#7931 = EDGE_CURVE('',#7932,#7934,#7936,.T.);
#7932 = VERTEX_POINT('',#7933);
#7933 = CARTESIAN_POINT('',(2.789791604831,-1.750414361612,
    -14.02522950976));
#7934 = VERTEX_POINT('',#7935);
#7935 = CARTESIAN_POINT('',(1.809006324427,-1.750414361612,
    -14.22031983178));
#7936 = LINE('',#7937,#7938);
#7937 = CARTESIAN_POINT('',(2.789791604831,-1.750414361612,
    -14.02522950976));
#7938 = VECTOR('',#7939,1.);
#7939 = DIRECTION('',(-0.980785280403,-2.379263914919E-17,
    -0.195090322016));
#7940 = ORIENTED_EDGE('',*,*,#7941,.T.);
#7941 = EDGE_CURVE('',#7932,#7942,#7944,.T.);
#7942 = VERTEX_POINT('',#7943);
#7943 = CARTESIAN_POINT('',(2.931454949107,-1.750414361612,
    -14.73741923503));
#7944 = LINE('',#7945,#7946);
#7945 = CARTESIAN_POINT('',(2.789791604831,-1.750414361612,
    -14.02522950976));
#7946 = VECTOR('',#7947,1.);
#7947 = DIRECTION('',(0.195090322016,-1.952611432758E-17,-0.980785280403
    ));
#7948 = ORIENTED_EDGE('',*,*,#7949,.T.);
#7949 = EDGE_CURVE('',#7942,#7950,#7952,.T.);
#7950 = VERTEX_POINT('',#7951);
#7951 = CARTESIAN_POINT('',(1.944170767967,-1.750414361612,
    -14.89983737672));
#7952 = B_SPLINE_CURVE_WITH_KNOTS('',8,(#7953,#7954,#7955,#7956,#7957,
    #7958,#7959,#7960,#7961),.UNSPECIFIED.,.F.,.F.,(9,9),(0.,1.),
  .PIECEWISE_BEZIER_KNOTS.);
#7953 = CARTESIAN_POINT('',(2.931454949107,-1.750414361612,
    -14.73741923503));
#7954 = CARTESIAN_POINT('',(2.874382928113,-1.750414361612,
    -14.74877156607));
#7955 = CARTESIAN_POINT('',(2.754613440656,-1.750414361612,
    -14.77233494521));
#7956 = CARTESIAN_POINT('',(2.603597873493,-1.750414361612,
    -14.8008257963));
#7957 = CARTESIAN_POINT('',(2.441541614474,-1.750414361612,
    -14.82855767165));
#7958 = CARTESIAN_POINT('',(2.282202674813,-1.750414361612,
    -14.85355594246));
#7959 = CARTESIAN_POINT('',(2.136690278482,-1.750414361612,
    -14.87429198312));
#7960 = CARTESIAN_POINT('',(2.017851379398,-1.750414361612,
    -14.89022335545));
#7961 = CARTESIAN_POINT('',(1.944170767967,-1.750414361612,
    -14.89983737672));
#7962 = ORIENTED_EDGE('',*,*,#7963,.F.);
#7963 = EDGE_CURVE('',#7934,#7950,#7964,.T.);
#7964 = LINE('',#7965,#7966);
#7965 = CARTESIAN_POINT('',(1.809006324427,-1.750414361612,
    -14.22031983178));
#7966 = VECTOR('',#7967,1.);
#7967 = DIRECTION('',(0.195090322016,-1.952611432758E-17,-0.980785280403
    ));
#7968 = PLANE('',#7969);
#7969 = AXIS2_PLACEMENT_3D('',#7970,#7971,#7972);
#7970 = CARTESIAN_POINT('',(2.789791604831,-1.750414361612,
    -14.02522950976));
#7971 = DIRECTION('',(-1.952611432758E-17,1.,-2.379263914919E-17));
#7972 = DIRECTION('',(-0.980785280403,-2.379263914919E-17,
    -0.195090322016));
#7973 = ADVANCED_FACE('',(#7974),#8015,.T.);
#7974 = FACE_BOUND('',#7975,.F.);
#7975 = EDGE_LOOP('',(#7976,#7977,#7985,#7993,#8001,#8009));
#7976 = ORIENTED_EDGE('',*,*,#7931,.T.);
#7977 = ORIENTED_EDGE('',*,*,#7978,.T.);
#7978 = EDGE_CURVE('',#7934,#7979,#7981,.T.);
#7979 = VERTEX_POINT('',#7980);
#7980 = CARTESIAN_POINT('',(0.337828403823,-3.387050327574E-16,
    -14.5129553148));
#7981 = LINE('',#7982,#7983);
#7982 = CARTESIAN_POINT('',(1.809006324427,-1.750414361612,
    -14.22031983178));
#7983 = VECTOR('',#7984,1.);
#7984 = DIRECTION('',(-0.638199483917,0.759332726909,-0.126945770206));
#7985 = ORIENTED_EDGE('',*,*,#7986,.T.);
#7986 = EDGE_CURVE('',#7979,#7987,#7989,.T.);
#7987 = VERTEX_POINT('',#7988);
#7988 = CARTESIAN_POINT('',(1.809006324427,1.500414361612,
    -14.22031983178));
#7989 = LINE('',#7990,#7991);
#7990 = CARTESIAN_POINT('',(0.337828403823,-3.387050327574E-16,
    -14.5129553148));
#7991 = VECTOR('',#7992,1.);
#7992 = DIRECTION('',(0.693424139933,0.707204426923,0.137930637272));
#7993 = ORIENTED_EDGE('',*,*,#7994,.T.);
#7994 = EDGE_CURVE('',#7987,#7995,#7997,.T.);
#7995 = VERTEX_POINT('',#7996);
#7996 = CARTESIAN_POINT('',(2.789791604831,1.500414361612,
    -14.02522950976));
#7997 = LINE('',#7998,#7999);
#7998 = CARTESIAN_POINT('',(1.809006324427,1.500414361612,
    -14.22031983178));
#7999 = VECTOR('',#8000,1.);
#8000 = DIRECTION('',(0.980785280403,2.379263914919E-17,0.195090322016)
  );
#8001 = ORIENTED_EDGE('',*,*,#8002,.T.);
#8002 = EDGE_CURVE('',#7995,#8003,#8005,.T.);
#8003 = VERTEX_POINT('',#8004);
#8004 = CARTESIAN_POINT('',(1.318613684226,-3.149123936082E-16,
    -14.31786499279));
#8005 = LINE('',#8006,#8007);
#8006 = CARTESIAN_POINT('',(2.789791604831,1.500414361612,
    -14.02522950976));
#8007 = VECTOR('',#8008,1.);
#8008 = DIRECTION('',(-0.693424139933,-0.707204426923,-0.137930637272));
#8009 = ORIENTED_EDGE('',*,*,#8010,.T.);
#8010 = EDGE_CURVE('',#8003,#7932,#8011,.T.);
#8011 = LINE('',#8012,#8013);
#8012 = CARTESIAN_POINT('',(1.318613684226,-3.149123936082E-16,
    -14.31786499279));
#8013 = VECTOR('',#8014,1.);
#8014 = DIRECTION('',(0.638199483917,-0.759332726909,0.126945770206));
#8015 = PLANE('',#8016);
#8016 = AXIS2_PLACEMENT_3D('',#8017,#8018,#8019);
#8017 = CARTESIAN_POINT('',(1.699357112987,-0.101510508611,
    -14.24213041601));
#8018 = DIRECTION('',(-0.195090322016,1.952611432758E-17,0.980785280403)
  );
#8019 = DIRECTION('',(0.980785280403,2.379263914919E-17,0.195090322016)
  );
#8020 = ADVANCED_FACE('',(#8021),#8041,.F.);
#8021 = FACE_BOUND('',#8022,.F.);
#8022 = EDGE_LOOP('',(#8023,#8024,#8025,#8035));
#8023 = ORIENTED_EDGE('',*,*,#7978,.F.);
#8024 = ORIENTED_EDGE('',*,*,#7963,.T.);
#8025 = ORIENTED_EDGE('',*,*,#8026,.F.);
#8026 = EDGE_CURVE('',#8027,#7950,#8029,.T.);
#8027 = VERTEX_POINT('',#8028);
#8028 = CARTESIAN_POINT('',(0.451631492852,-3.500953062689E-16,
    -15.08508207861));
#8029 = B_SPLINE_CURVE_WITH_KNOTS('',4,(#8030,#8031,#8032,#8033,#8034),
  .UNSPECIFIED.,.F.,.F.,(5,5),(0.,1.),.PIECEWISE_BEZIER_KNOTS.);
#8030 = CARTESIAN_POINT('',(0.451631492852,0.,-15.08508207861));
#8031 = CARTESIAN_POINT('',(0.830125945727,-0.435774405179,
    -15.07375035295));
#8032 = CARTESIAN_POINT('',(1.205669743753,-0.873506546124,
    -15.03898527196));
#8033 = CARTESIAN_POINT('',(1.577320718492,-1.312084436222,
    -14.9809346688));
#8034 = CARTESIAN_POINT('',(1.944170767967,-1.750414361612,
    -14.89983737672));
#8035 = ORIENTED_EDGE('',*,*,#8036,.F.);
#8036 = EDGE_CURVE('',#7979,#8027,#8037,.T.);
#8037 = LINE('',#8038,#8039);
#8038 = CARTESIAN_POINT('',(0.337828403823,-3.387050327574E-16,
    -14.5129553148));
#8039 = VECTOR('',#8040,1.);
#8040 = DIRECTION('',(0.195090322016,-1.952611432758E-17,-0.980785280403
    ));
#8041 = PLANE('',#8042);
#8042 = AXIS2_PLACEMENT_3D('',#8043,#8044,#8045);
#8043 = CARTESIAN_POINT('',(1.809006324427,-1.750414361612,
    -14.22031983178));
#8044 = DIRECTION('',(0.744742361481,0.650702550975,0.14813846621));
#8045 = DIRECTION('',(-0.638199483917,0.759332726909,-0.126945770206));
#8046 = ADVANCED_FACE('',(#8047),#8096,.T.);
#8047 = FACE_BOUND('',#8048,.T.);
#8048 = EDGE_LOOP('',(#8049,#8062,#8063,#8064,#8074,#8088));
#8049 = ORIENTED_EDGE('',*,*,#8050,.T.);
#8050 = EDGE_CURVE('',#8051,#7942,#8053,.T.);
#8051 = VERTEX_POINT('',#8052);
#8052 = CARTESIAN_POINT('',(1.458515421913,-3.289148171855E-16,
    -15.02119852368));
#8053 = B_SPLINE_CURVE_WITH_KNOTS('',4,(#8054,#8055,#8056,#8057,#8058,
    #8059,#8060,#8061),.UNSPECIFIED.,.F.,.F.,(5,3,5),(0.,0.859040906687,
    1.),.UNSPECIFIED.);
#8054 = CARTESIAN_POINT('',(1.458515421913,-3.289148171855E-16,
    -15.02119852368));
#8055 = CARTESIAN_POINT('',(1.78026635343,-0.375362838397,
    -14.98995742839));
#8056 = CARTESIAN_POINT('',(2.099362218078,-0.751580097854,
    -14.94161534104));
#8057 = CARTESIAN_POINT('',(2.415218933089,-1.127960104082,
    -14.87627407885));
#8058 = CARTESIAN_POINT('',(2.778469876193,-1.565489825124,
    -14.78059777819));
#8059 = CARTESIAN_POINT('',(2.829570830028,-1.627149502621,
    -14.76665768242));
#8060 = CARTESIAN_POINT('',(2.880566692336,-1.688792027003,
    -14.75226460142));
#8061 = CARTESIAN_POINT('',(2.931454949107,-1.750414361612,
    -14.73741923503));
#8062 = ORIENTED_EDGE('',*,*,#7949,.T.);
#8063 = ORIENTED_EDGE('',*,*,#8026,.F.);
#8064 = ORIENTED_EDGE('',*,*,#8065,.F.);
#8065 = EDGE_CURVE('',#8066,#8027,#8068,.T.);
#8066 = VERTEX_POINT('',#8067);
#8067 = CARTESIAN_POINT('',(1.947581586096,1.500414361612,-14.9169847174
    ));
#8068 = B_SPLINE_CURVE_WITH_KNOTS('',4,(#8069,#8070,#8071,#8072,#8073),
  .UNSPECIFIED.,.F.,.F.,(5,5),(0.,1.),.PIECEWISE_BEZIER_KNOTS.);
#8069 = CARTESIAN_POINT('',(1.947581586096,1.500414361612,-14.9169847174
    ));
#8070 = CARTESIAN_POINT('',(1.5787680767,1.124426479542,-14.98955205995)
  );
#8071 = CARTESIAN_POINT('',(1.205948313395,0.7484591178,-15.04187344933)
  );
#8072 = CARTESIAN_POINT('',(0.829950940178,0.373362942798,
    -15.07375559224));
#8073 = CARTESIAN_POINT('',(0.451631492852,-3.500953062689E-16,
    -15.08508207861));
#8074 = ORIENTED_EDGE('',*,*,#8075,.F.);
#8075 = EDGE_CURVE('',#8076,#8066,#8078,.T.);
#8076 = VERTEX_POINT('',#8077);
#8077 = CARTESIAN_POINT('',(2.934858214387,1.500414361612,
    -14.75452860497));
#8078 = B_SPLINE_CURVE_WITH_KNOTS('',8,(#8079,#8080,#8081,#8082,#8083,
    #8084,#8085,#8086,#8087),.UNSPECIFIED.,.F.,.F.,(9,9),(0.,1.),
  .PIECEWISE_BEZIER_KNOTS.);
#8079 = CARTESIAN_POINT('',(2.934858214387,1.500414361612,
    -14.75452860497));
#8080 = CARTESIAN_POINT('',(2.877457049999,1.500414361612,-14.7659464067
    ));
#8081 = CARTESIAN_POINT('',(2.757778892449,1.500414361612,
    -14.78948872745));
#8082 = CARTESIAN_POINT('',(2.60688950855,1.500414361612,-14.81795206076
    ));
#8083 = CARTESIAN_POINT('',(2.444693734652,1.500414361612,
    -14.84572395905));
#8084 = CARTESIAN_POINT('',(2.284841033018,1.500414361612,
    -14.87081897615));
#8085 = CARTESIAN_POINT('',(2.138652979103,1.500414361612,
    -14.89163218305));
#8086 = CARTESIAN_POINT('',(2.019653631923,1.500414361612,
    -14.90757491594));
#8087 = CARTESIAN_POINT('',(1.947581586096,1.500414361612,-14.9169847174
    ));
#8088 = ORIENTED_EDGE('',*,*,#8089,.T.);
#8089 = EDGE_CURVE('',#8076,#8051,#8090,.T.);
#8090 = B_SPLINE_CURVE_WITH_KNOTS('',4,(#8091,#8092,#8093,#8094,#8095),
  .UNSPECIFIED.,.F.,.F.,(5,5),(0.,1.),.PIECEWISE_BEZIER_KNOTS.);
#8091 = CARTESIAN_POINT('',(2.934858214387,1.500414361612,
    -14.75452860497));
#8092 = CARTESIAN_POINT('',(2.571920958803,1.125460957613,
    -14.85133677511));
#8093 = CARTESIAN_POINT('',(2.20433788945,0.749846014813,-14.92817886177
    ));
#8094 = CARTESIAN_POINT('',(1.832924277503,0.374410412648,
    -14.98484449449));
#8095 = CARTESIAN_POINT('',(1.458515421913,-8.881784197001E-16,
    -15.02119852368));
#8096 = SURFACE_OF_REVOLUTION('',#8097,#8102);
#8097 = CIRCLE('',#8098,23.350974086829);
#8098 = AXIS2_PLACEMENT_3D('',#8099,#8100,#8101);
#8099 = CARTESIAN_POINT('',(0.,-1.088741204263E-14,-8.259132836545));
#8100 = DIRECTION('',(1.,0.,0.));
#8101 = DIRECTION('',(0.,1.,0.));
#8102 = AXIS1_PLACEMENT('',#8103,#8104);
#8103 = CARTESIAN_POINT('',(0.,0.,0.));
#8104 = DIRECTION('',(-1.110223024625E-16,-1.,1.110223024625E-16));
#8105 = ADVANCED_FACE('',(#8106),#8117,.F.);
#8106 = FACE_BOUND('',#8107,.F.);
#8107 = EDGE_LOOP('',(#8108,#8109,#8115,#8116));
#8108 = ORIENTED_EDGE('',*,*,#8010,.F.);
#8109 = ORIENTED_EDGE('',*,*,#8110,.T.);
#8110 = EDGE_CURVE('',#8003,#8051,#8111,.T.);
#8111 = LINE('',#8112,#8113);
#8112 = CARTESIAN_POINT('',(1.318613684226,-3.149123936082E-16,
    -14.31786499279));
#8113 = VECTOR('',#8114,1.);
#8114 = DIRECTION('',(0.195090322016,-1.952611432758E-17,-0.980785280403
    ));
#8115 = ORIENTED_EDGE('',*,*,#8050,.T.);
#8116 = ORIENTED_EDGE('',*,*,#7941,.F.);
#8117 = PLANE('',#8118);
#8118 = AXIS2_PLACEMENT_3D('',#8119,#8120,#8121);
#8119 = CARTESIAN_POINT('',(1.318613684226,-3.149123936082E-16,
    -14.31786499279));
#8120 = DIRECTION('',(-0.744742361481,-0.650702550975,-0.14813846621));
#8121 = DIRECTION('',(0.638199483917,-0.759332726909,0.126945770206));
#8122 = ADVANCED_FACE('',(#8123),#8134,.F.);
#8123 = FACE_BOUND('',#8124,.F.);
#8124 = EDGE_LOOP('',(#8125,#8126,#8127,#8128));
#8125 = ORIENTED_EDGE('',*,*,#7986,.F.);
#8126 = ORIENTED_EDGE('',*,*,#8036,.T.);
#8127 = ORIENTED_EDGE('',*,*,#8065,.F.);
#8128 = ORIENTED_EDGE('',*,*,#8129,.F.);
#8129 = EDGE_CURVE('',#7987,#8066,#8130,.T.);
#8130 = LINE('',#8131,#8132);
#8131 = CARTESIAN_POINT('',(1.809006324427,1.500414361612,
    -14.22031983178));
#8132 = VECTOR('',#8133,1.);
#8133 = DIRECTION('',(0.195090322016,-1.952611432758E-17,-0.980785280403
    ));
#8134 = PLANE('',#8135);
#8135 = AXIS2_PLACEMENT_3D('',#8136,#8137,#8138);
#8136 = CARTESIAN_POINT('',(0.337828403823,-3.387050327574E-16,
    -14.5129553148));
#8137 = DIRECTION('',(0.693615692162,-0.707009121964,0.13796873938));
#8138 = DIRECTION('',(0.693424139933,0.707204426923,0.137930637272));
#8139 = ADVANCED_FACE('',(#8140),#8151,.F.);
#8140 = FACE_BOUND('',#8141,.F.);
#8141 = EDGE_LOOP('',(#8142,#8143,#8144,#8145));
#8142 = ORIENTED_EDGE('',*,*,#7994,.F.);
#8143 = ORIENTED_EDGE('',*,*,#8129,.T.);
#8144 = ORIENTED_EDGE('',*,*,#8075,.F.);
#8145 = ORIENTED_EDGE('',*,*,#8146,.F.);
#8146 = EDGE_CURVE('',#7995,#8076,#8147,.T.);
#8147 = LINE('',#8148,#8149);
#8148 = CARTESIAN_POINT('',(2.789791604831,1.500414361612,
    -14.02522950976));
#8149 = VECTOR('',#8150,1.);
#8150 = DIRECTION('',(0.195090322016,-1.952611432758E-17,-0.980785280403
    ));
#8151 = PLANE('',#8152);
#8152 = AXIS2_PLACEMENT_3D('',#8153,#8154,#8155);
#8153 = CARTESIAN_POINT('',(1.809006324427,1.500414361612,
    -14.22031983178));
#8154 = DIRECTION('',(1.952611432758E-17,-1.,2.379263914919E-17));
#8155 = DIRECTION('',(0.980785280403,2.379263914919E-17,0.195090322016)
  );
#8156 = ADVANCED_FACE('',(#8157),#8163,.F.);
#8157 = FACE_BOUND('',#8158,.F.);
#8158 = EDGE_LOOP('',(#8159,#8160,#8161,#8162));
#8159 = ORIENTED_EDGE('',*,*,#8002,.F.);
#8160 = ORIENTED_EDGE('',*,*,#8146,.T.);
#8161 = ORIENTED_EDGE('',*,*,#8089,.T.);
#8162 = ORIENTED_EDGE('',*,*,#8110,.F.);
#8163 = PLANE('',#8164);
#8164 = AXIS2_PLACEMENT_3D('',#8165,#8166,#8167);
#8165 = CARTESIAN_POINT('',(2.789791604831,1.500414361612,
    -14.02522950976));
#8166 = DIRECTION('',(-0.693615692162,0.707009121964,-0.13796873938));
#8167 = DIRECTION('',(-0.693424139933,-0.707204426923,-0.137930637272));
#8168 = ( GEOMETRIC_REPRESENTATION_CONTEXT(3) 
GLOBAL_UNCERTAINTY_ASSIGNED_CONTEXT((#8172)) 
GLOBAL_UNIT_ASSIGNED_CONTEXT((#8169,#8170,#8171)) REPRESENTATION_CONTEXT
('Context #1','3D Context with UNIT and UNCERTAINTY') );
#8169 = ( LENGTH_UNIT() NAMED_UNIT(*) SI_UNIT(.MILLI.,.METRE.) );
#8170 = ( NAMED_UNIT(*) PLANE_ANGLE_UNIT() SI_UNIT($,.RADIAN.) );
#8171 = ( NAMED_UNIT(*) SI_UNIT($,.STERADIAN.) SOLID_ANGLE_UNIT() );
#8172 = UNCERTAINTY_MEASURE_WITH_UNIT(LENGTH_MEASURE(2.E-06),#8169,
  'distance_accuracy_value','confusion accuracy');
#8173 = PRODUCT_RELATED_PRODUCT_CATEGORY('part',$,(#7));
#8174 = MECHANICAL_DESIGN_GEOMETRIC_PRESENTATION_REPRESENTATION('',(
    #8175,#8186,#8195,#8204,#8213,#8222,#8231,#8240,#8249,#8258,#8267,
    #8276,#8285,#8294,#8303,#8312,#8321,#8330,#8339,#8348,#8357,#8366,
    #8375,#8384,#8393,#8402,#8411,#8420,#8429,#8438,#8447,#8456,#8465),
  #8168);
#8175 = STYLED_ITEM('color',(#8176),#15);
#8176 = PRESENTATION_STYLE_ASSIGNMENT((#8177,#8183));
#8177 = SURFACE_STYLE_USAGE(.BOTH.,#8178);
#8178 = SURFACE_SIDE_STYLE('',(#8179));
#8179 = SURFACE_STYLE_FILL_AREA(#8180);
#8180 = FILL_AREA_STYLE('',(#8181));
#8181 = FILL_AREA_STYLE_COLOUR('',#8182);
#8182 = COLOUR_RGB('',0.14117647753,0.14117647753,0.14117647753);
#8183 = CURVE_STYLE('',#8184,POSITIVE_LENGTH_MEASURE(0.1),#8185);
#8184 = DRAUGHTING_PRE_DEFINED_CURVE_FONT('continuous');
#8185 = COLOUR_RGB('',9.803921802644E-02,9.803921802644E-02,
  9.803921802644E-02);
#8186 = STYLED_ITEM('color',(#8187),#418);
#8187 = PRESENTATION_STYLE_ASSIGNMENT((#8188,#8193));
#8188 = SURFACE_STYLE_USAGE(.BOTH.,#8189);
#8189 = SURFACE_SIDE_STYLE('',(#8190));
#8190 = SURFACE_STYLE_FILL_AREA(#8191);
#8191 = FILL_AREA_STYLE('',(#8192));
#8192 = FILL_AREA_STYLE_COLOUR('',#8182);
#8193 = CURVE_STYLE('',#8194,POSITIVE_LENGTH_MEASURE(0.1),#8185);
#8194 = DRAUGHTING_PRE_DEFINED_CURVE_FONT('continuous');
#8195 = STYLED_ITEM('color',(#8196),#659);
#8196 = PRESENTATION_STYLE_ASSIGNMENT((#8197,#8202));
#8197 = SURFACE_STYLE_USAGE(.BOTH.,#8198);
#8198 = SURFACE_SIDE_STYLE('',(#8199));
#8199 = SURFACE_STYLE_FILL_AREA(#8200);
#8200 = FILL_AREA_STYLE('',(#8201));
#8201 = FILL_AREA_STYLE_COLOUR('',#8182);
#8202 = CURVE_STYLE('',#8203,POSITIVE_LENGTH_MEASURE(0.1),#8185);
#8203 = DRAUGHTING_PRE_DEFINED_CURVE_FONT('continuous');
#8204 = STYLED_ITEM('color',(#8205),#900);
#8205 = PRESENTATION_STYLE_ASSIGNMENT((#8206,#8211));
#8206 = SURFACE_STYLE_USAGE(.BOTH.,#8207);
#8207 = SURFACE_SIDE_STYLE('',(#8208));
#8208 = SURFACE_STYLE_FILL_AREA(#8209);
#8209 = FILL_AREA_STYLE('',(#8210));
#8210 = FILL_AREA_STYLE_COLOUR('',#8182);
#8211 = CURVE_STYLE('',#8212,POSITIVE_LENGTH_MEASURE(0.1),#8185);
#8212 = DRAUGHTING_PRE_DEFINED_CURVE_FONT('continuous');
#8213 = STYLED_ITEM('color',(#8214),#1143);
#8214 = PRESENTATION_STYLE_ASSIGNMENT((#8215,#8220));
#8215 = SURFACE_STYLE_USAGE(.BOTH.,#8216);
#8216 = SURFACE_SIDE_STYLE('',(#8217));
#8217 = SURFACE_STYLE_FILL_AREA(#8218);
#8218 = FILL_AREA_STYLE('',(#8219));
#8219 = FILL_AREA_STYLE_COLOUR('',#8182);
#8220 = CURVE_STYLE('',#8221,POSITIVE_LENGTH_MEASURE(0.1),#8185);
#8221 = DRAUGHTING_PRE_DEFINED_CURVE_FONT('continuous');
#8222 = STYLED_ITEM('color',(#8223),#1386);
#8223 = PRESENTATION_STYLE_ASSIGNMENT((#8224,#8229));
#8224 = SURFACE_STYLE_USAGE(.BOTH.,#8225);
#8225 = SURFACE_SIDE_STYLE('',(#8226));
#8226 = SURFACE_STYLE_FILL_AREA(#8227);
#8227 = FILL_AREA_STYLE('',(#8228));
#8228 = FILL_AREA_STYLE_COLOUR('',#8182);
#8229 = CURVE_STYLE('',#8230,POSITIVE_LENGTH_MEASURE(0.1),#8185);
#8230 = DRAUGHTING_PRE_DEFINED_CURVE_FONT('continuous');
#8231 = STYLED_ITEM('color',(#8232),#1627);
#8232 = PRESENTATION_STYLE_ASSIGNMENT((#8233,#8238));
#8233 = SURFACE_STYLE_USAGE(.BOTH.,#8234);
#8234 = SURFACE_SIDE_STYLE('',(#8235));
#8235 = SURFACE_STYLE_FILL_AREA(#8236);
#8236 = FILL_AREA_STYLE('',(#8237));
#8237 = FILL_AREA_STYLE_COLOUR('',#8182);
#8238 = CURVE_STYLE('',#8239,POSITIVE_LENGTH_MEASURE(0.1),#8185);
#8239 = DRAUGHTING_PRE_DEFINED_CURVE_FONT('continuous');
#8240 = STYLED_ITEM('color',(#8241),#1868);
#8241 = PRESENTATION_STYLE_ASSIGNMENT((#8242,#8247));
#8242 = SURFACE_STYLE_USAGE(.BOTH.,#8243);
#8243 = SURFACE_SIDE_STYLE('',(#8244));
#8244 = SURFACE_STYLE_FILL_AREA(#8245);
#8245 = FILL_AREA_STYLE('',(#8246));
#8246 = FILL_AREA_STYLE_COLOUR('',#8182);
#8247 = CURVE_STYLE('',#8248,POSITIVE_LENGTH_MEASURE(0.1),#8185);
#8248 = DRAUGHTING_PRE_DEFINED_CURVE_FONT('continuous');
#8249 = STYLED_ITEM('color',(#8250),#2114);
#8250 = PRESENTATION_STYLE_ASSIGNMENT((#8251,#8256));
#8251 = SURFACE_STYLE_USAGE(.BOTH.,#8252);
#8252 = SURFACE_SIDE_STYLE('',(#8253));
#8253 = SURFACE_STYLE_FILL_AREA(#8254);
#8254 = FILL_AREA_STYLE('',(#8255));
#8255 = FILL_AREA_STYLE_COLOUR('',#8182);
#8256 = CURVE_STYLE('',#8257,POSITIVE_LENGTH_MEASURE(0.1),#8185);
#8257 = DRAUGHTING_PRE_DEFINED_CURVE_FONT('continuous');
#8258 = STYLED_ITEM('color',(#8259),#2357);
#8259 = PRESENTATION_STYLE_ASSIGNMENT((#8260,#8265));
#8260 = SURFACE_STYLE_USAGE(.BOTH.,#8261);
#8261 = SURFACE_SIDE_STYLE('',(#8262));
#8262 = SURFACE_STYLE_FILL_AREA(#8263);
#8263 = FILL_AREA_STYLE('',(#8264));
#8264 = FILL_AREA_STYLE_COLOUR('',#8182);
#8265 = CURVE_STYLE('',#8266,POSITIVE_LENGTH_MEASURE(0.1),#8185);
#8266 = DRAUGHTING_PRE_DEFINED_CURVE_FONT('continuous');
#8267 = STYLED_ITEM('color',(#8268),#2598);
#8268 = PRESENTATION_STYLE_ASSIGNMENT((#8269,#8274));
#8269 = SURFACE_STYLE_USAGE(.BOTH.,#8270);
#8270 = SURFACE_SIDE_STYLE('',(#8271));
#8271 = SURFACE_STYLE_FILL_AREA(#8272);
#8272 = FILL_AREA_STYLE('',(#8273));
#8273 = FILL_AREA_STYLE_COLOUR('',#8182);
#8274 = CURVE_STYLE('',#8275,POSITIVE_LENGTH_MEASURE(0.1),#8185);
#8275 = DRAUGHTING_PRE_DEFINED_CURVE_FONT('continuous');
#8276 = STYLED_ITEM('color',(#8277),#2839);
#8277 = PRESENTATION_STYLE_ASSIGNMENT((#8278,#8283));
#8278 = SURFACE_STYLE_USAGE(.BOTH.,#8279);
#8279 = SURFACE_SIDE_STYLE('',(#8280));
#8280 = SURFACE_STYLE_FILL_AREA(#8281);
#8281 = FILL_AREA_STYLE('',(#8282));
#8282 = FILL_AREA_STYLE_COLOUR('',#8182);
#8283 = CURVE_STYLE('',#8284,POSITIVE_LENGTH_MEASURE(0.1),#8185);
#8284 = DRAUGHTING_PRE_DEFINED_CURVE_FONT('continuous');
#8285 = STYLED_ITEM('color',(#8286),#3082);
#8286 = PRESENTATION_STYLE_ASSIGNMENT((#8287,#8292));
#8287 = SURFACE_STYLE_USAGE(.BOTH.,#8288);
#8288 = SURFACE_SIDE_STYLE('',(#8289));
#8289 = SURFACE_STYLE_FILL_AREA(#8290);
#8290 = FILL_AREA_STYLE('',(#8291));
#8291 = FILL_AREA_STYLE_COLOUR('',#8182);
#8292 = CURVE_STYLE('',#8293,POSITIVE_LENGTH_MEASURE(0.1),#8185);
#8293 = DRAUGHTING_PRE_DEFINED_CURVE_FONT('continuous');
#8294 = STYLED_ITEM('color',(#8295),#3325);
#8295 = PRESENTATION_STYLE_ASSIGNMENT((#8296,#8301));
#8296 = SURFACE_STYLE_USAGE(.BOTH.,#8297);
#8297 = SURFACE_SIDE_STYLE('',(#8298));
#8298 = SURFACE_STYLE_FILL_AREA(#8299);
#8299 = FILL_AREA_STYLE('',(#8300));
#8300 = FILL_AREA_STYLE_COLOUR('',#8182);
#8301 = CURVE_STYLE('',#8302,POSITIVE_LENGTH_MEASURE(0.1),#8185);
#8302 = DRAUGHTING_PRE_DEFINED_CURVE_FONT('continuous');
#8303 = STYLED_ITEM('color',(#8304),#3566);
#8304 = PRESENTATION_STYLE_ASSIGNMENT((#8305,#8310));
#8305 = SURFACE_STYLE_USAGE(.BOTH.,#8306);
#8306 = SURFACE_SIDE_STYLE('',(#8307));
#8307 = SURFACE_STYLE_FILL_AREA(#8308);
#8308 = FILL_AREA_STYLE('',(#8309));
#8309 = FILL_AREA_STYLE_COLOUR('',#8182);
#8310 = CURVE_STYLE('',#8311,POSITIVE_LENGTH_MEASURE(0.1),#8185);
#8311 = DRAUGHTING_PRE_DEFINED_CURVE_FONT('continuous');
#8312 = STYLED_ITEM('color',(#8313),#3807);
#8313 = PRESENTATION_STYLE_ASSIGNMENT((#8314,#8319));
#8314 = SURFACE_STYLE_USAGE(.BOTH.,#8315);
#8315 = SURFACE_SIDE_STYLE('',(#8316));
#8316 = SURFACE_STYLE_FILL_AREA(#8317);
#8317 = FILL_AREA_STYLE('',(#8318));
#8318 = FILL_AREA_STYLE_COLOUR('',#8182);
#8319 = CURVE_STYLE('',#8320,POSITIVE_LENGTH_MEASURE(0.1),#8185);
#8320 = DRAUGHTING_PRE_DEFINED_CURVE_FONT('continuous');
#8321 = STYLED_ITEM('color',(#8322),#4050);
#8322 = PRESENTATION_STYLE_ASSIGNMENT((#8323,#8328));
#8323 = SURFACE_STYLE_USAGE(.BOTH.,#8324);
#8324 = SURFACE_SIDE_STYLE('',(#8325));
#8325 = SURFACE_STYLE_FILL_AREA(#8326);
#8326 = FILL_AREA_STYLE('',(#8327));
#8327 = FILL_AREA_STYLE_COLOUR('',#8182);
#8328 = CURVE_STYLE('',#8329,POSITIVE_LENGTH_MEASURE(0.1),#8185);
#8329 = DRAUGHTING_PRE_DEFINED_CURVE_FONT('continuous');
#8330 = STYLED_ITEM('color',(#8331),#4293);
#8331 = PRESENTATION_STYLE_ASSIGNMENT((#8332,#8337));
#8332 = SURFACE_STYLE_USAGE(.BOTH.,#8333);
#8333 = SURFACE_SIDE_STYLE('',(#8334));
#8334 = SURFACE_STYLE_FILL_AREA(#8335);
#8335 = FILL_AREA_STYLE('',(#8336));
#8336 = FILL_AREA_STYLE_COLOUR('',#8182);
#8337 = CURVE_STYLE('',#8338,POSITIVE_LENGTH_MEASURE(0.1),#8185);
#8338 = DRAUGHTING_PRE_DEFINED_CURVE_FONT('continuous');
#8339 = STYLED_ITEM('color',(#8340),#4537);
#8340 = PRESENTATION_STYLE_ASSIGNMENT((#8341,#8346));
#8341 = SURFACE_STYLE_USAGE(.BOTH.,#8342);
#8342 = SURFACE_SIDE_STYLE('',(#8343));
#8343 = SURFACE_STYLE_FILL_AREA(#8344);
#8344 = FILL_AREA_STYLE('',(#8345));
#8345 = FILL_AREA_STYLE_COLOUR('',#8182);
#8346 = CURVE_STYLE('',#8347,POSITIVE_LENGTH_MEASURE(0.1),#8185);
#8347 = DRAUGHTING_PRE_DEFINED_CURVE_FONT('continuous');
#8348 = STYLED_ITEM('color',(#8349),#4778);
#8349 = PRESENTATION_STYLE_ASSIGNMENT((#8350,#8355));
#8350 = SURFACE_STYLE_USAGE(.BOTH.,#8351);
#8351 = SURFACE_SIDE_STYLE('',(#8352));
#8352 = SURFACE_STYLE_FILL_AREA(#8353);
#8353 = FILL_AREA_STYLE('',(#8354));
#8354 = FILL_AREA_STYLE_COLOUR('',#8182);
#8355 = CURVE_STYLE('',#8356,POSITIVE_LENGTH_MEASURE(0.1),#8185);
#8356 = DRAUGHTING_PRE_DEFINED_CURVE_FONT('continuous');
#8357 = STYLED_ITEM('color',(#8358),#5021);
#8358 = PRESENTATION_STYLE_ASSIGNMENT((#8359,#8364));
#8359 = SURFACE_STYLE_USAGE(.BOTH.,#8360);
#8360 = SURFACE_SIDE_STYLE('',(#8361));
#8361 = SURFACE_STYLE_FILL_AREA(#8362);
#8362 = FILL_AREA_STYLE('',(#8363));
#8363 = FILL_AREA_STYLE_COLOUR('',#8182);
#8364 = CURVE_STYLE('',#8365,POSITIVE_LENGTH_MEASURE(0.1),#8185);
#8365 = DRAUGHTING_PRE_DEFINED_CURVE_FONT('continuous');
#8366 = STYLED_ITEM('color',(#8367),#5264);
#8367 = PRESENTATION_STYLE_ASSIGNMENT((#8368,#8373));
#8368 = SURFACE_STYLE_USAGE(.BOTH.,#8369);
#8369 = SURFACE_SIDE_STYLE('',(#8370));
#8370 = SURFACE_STYLE_FILL_AREA(#8371);
#8371 = FILL_AREA_STYLE('',(#8372));
#8372 = FILL_AREA_STYLE_COLOUR('',#8182);
#8373 = CURVE_STYLE('',#8374,POSITIVE_LENGTH_MEASURE(0.1),#8185);
#8374 = DRAUGHTING_PRE_DEFINED_CURVE_FONT('continuous');
#8375 = STYLED_ITEM('color',(#8376),#5505);
#8376 = PRESENTATION_STYLE_ASSIGNMENT((#8377,#8382));
#8377 = SURFACE_STYLE_USAGE(.BOTH.,#8378);
#8378 = SURFACE_SIDE_STYLE('',(#8379));
#8379 = SURFACE_STYLE_FILL_AREA(#8380);
#8380 = FILL_AREA_STYLE('',(#8381));
#8381 = FILL_AREA_STYLE_COLOUR('',#8182);
#8382 = CURVE_STYLE('',#8383,POSITIVE_LENGTH_MEASURE(0.1),#8185);
#8383 = DRAUGHTING_PRE_DEFINED_CURVE_FONT('continuous');
#8384 = STYLED_ITEM('color',(#8385),#5746);
#8385 = PRESENTATION_STYLE_ASSIGNMENT((#8386,#8391));
#8386 = SURFACE_STYLE_USAGE(.BOTH.,#8387);
#8387 = SURFACE_SIDE_STYLE('',(#8388));
#8388 = SURFACE_STYLE_FILL_AREA(#8389);
#8389 = FILL_AREA_STYLE('',(#8390));
#8390 = FILL_AREA_STYLE_COLOUR('',#8182);
#8391 = CURVE_STYLE('',#8392,POSITIVE_LENGTH_MEASURE(0.1),#8185);
#8392 = DRAUGHTING_PRE_DEFINED_CURVE_FONT('continuous');
#8393 = STYLED_ITEM('color',(#8394),#5989);
#8394 = PRESENTATION_STYLE_ASSIGNMENT((#8395,#8400));
#8395 = SURFACE_STYLE_USAGE(.BOTH.,#8396);
#8396 = SURFACE_SIDE_STYLE('',(#8397));
#8397 = SURFACE_STYLE_FILL_AREA(#8398);
#8398 = FILL_AREA_STYLE('',(#8399));
#8399 = FILL_AREA_STYLE_COLOUR('',#8182);
#8400 = CURVE_STYLE('',#8401,POSITIVE_LENGTH_MEASURE(0.1),#8185);
#8401 = DRAUGHTING_PRE_DEFINED_CURVE_FONT('continuous');
#8402 = STYLED_ITEM('color',(#8403),#6232);
#8403 = PRESENTATION_STYLE_ASSIGNMENT((#8404,#8409));
#8404 = SURFACE_STYLE_USAGE(.BOTH.,#8405);
#8405 = SURFACE_SIDE_STYLE('',(#8406));
#8406 = SURFACE_STYLE_FILL_AREA(#8407);
#8407 = FILL_AREA_STYLE('',(#8408));
#8408 = FILL_AREA_STYLE_COLOUR('',#8182);
#8409 = CURVE_STYLE('',#8410,POSITIVE_LENGTH_MEASURE(0.1),#8185);
#8410 = DRAUGHTING_PRE_DEFINED_CURVE_FONT('continuous');
#8411 = STYLED_ITEM('color',(#8412),#6473);
#8412 = PRESENTATION_STYLE_ASSIGNMENT((#8413,#8418));
#8413 = SURFACE_STYLE_USAGE(.BOTH.,#8414);
#8414 = SURFACE_SIDE_STYLE('',(#8415));
#8415 = SURFACE_STYLE_FILL_AREA(#8416);
#8416 = FILL_AREA_STYLE('',(#8417));
#8417 = FILL_AREA_STYLE_COLOUR('',#8182);
#8418 = CURVE_STYLE('',#8419,POSITIVE_LENGTH_MEASURE(0.1),#8185);
#8419 = DRAUGHTING_PRE_DEFINED_CURVE_FONT('continuous');
#8420 = STYLED_ITEM('color',(#8421),#6714);
#8421 = PRESENTATION_STYLE_ASSIGNMENT((#8422,#8427));
#8422 = SURFACE_STYLE_USAGE(.BOTH.,#8423);
#8423 = SURFACE_SIDE_STYLE('',(#8424));
#8424 = SURFACE_STYLE_FILL_AREA(#8425);
#8425 = FILL_AREA_STYLE('',(#8426));
#8426 = FILL_AREA_STYLE_COLOUR('',#8182);
#8427 = CURVE_STYLE('',#8428,POSITIVE_LENGTH_MEASURE(0.1),#8185);
#8428 = DRAUGHTING_PRE_DEFINED_CURVE_FONT('continuous');
#8429 = STYLED_ITEM('color',(#8430),#6957);
#8430 = PRESENTATION_STYLE_ASSIGNMENT((#8431,#8436));
#8431 = SURFACE_STYLE_USAGE(.BOTH.,#8432);
#8432 = SURFACE_SIDE_STYLE('',(#8433));
#8433 = SURFACE_STYLE_FILL_AREA(#8434);
#8434 = FILL_AREA_STYLE('',(#8435));
#8435 = FILL_AREA_STYLE_COLOUR('',#8182);
#8436 = CURVE_STYLE('',#8437,POSITIVE_LENGTH_MEASURE(0.1),#8185);
#8437 = DRAUGHTING_PRE_DEFINED_CURVE_FONT('continuous');
#8438 = STYLED_ITEM('color',(#8439),#7200);
#8439 = PRESENTATION_STYLE_ASSIGNMENT((#8440,#8445));
#8440 = SURFACE_STYLE_USAGE(.BOTH.,#8441);
#8441 = SURFACE_SIDE_STYLE('',(#8442));
#8442 = SURFACE_STYLE_FILL_AREA(#8443);
#8443 = FILL_AREA_STYLE('',(#8444));
#8444 = FILL_AREA_STYLE_COLOUR('',#8182);
#8445 = CURVE_STYLE('',#8446,POSITIVE_LENGTH_MEASURE(0.1),#8185);
#8446 = DRAUGHTING_PRE_DEFINED_CURVE_FONT('continuous');
#8447 = STYLED_ITEM('color',(#8448),#7441);
#8448 = PRESENTATION_STYLE_ASSIGNMENT((#8449,#8454));
#8449 = SURFACE_STYLE_USAGE(.BOTH.,#8450);
#8450 = SURFACE_SIDE_STYLE('',(#8451));
#8451 = SURFACE_STYLE_FILL_AREA(#8452);
#8452 = FILL_AREA_STYLE('',(#8453));
#8453 = FILL_AREA_STYLE_COLOUR('',#8182);
#8454 = CURVE_STYLE('',#8455,POSITIVE_LENGTH_MEASURE(0.1),#8185);
#8455 = DRAUGHTING_PRE_DEFINED_CURVE_FONT('continuous');
#8456 = STYLED_ITEM('color',(#8457),#7682);
#8457 = PRESENTATION_STYLE_ASSIGNMENT((#8458,#8463));
#8458 = SURFACE_STYLE_USAGE(.BOTH.,#8459);
#8459 = SURFACE_SIDE_STYLE('',(#8460));
#8460 = SURFACE_STYLE_FILL_AREA(#8461);
#8461 = FILL_AREA_STYLE('',(#8462));
#8462 = FILL_AREA_STYLE_COLOUR('',#8182);
#8463 = CURVE_STYLE('',#8464,POSITIVE_LENGTH_MEASURE(0.1),#8185);
#8464 = DRAUGHTING_PRE_DEFINED_CURVE_FONT('continuous');
#8465 = STYLED_ITEM('color',(#8466),#7925);
#8466 = PRESENTATION_STYLE_ASSIGNMENT((#8467,#8472));
#8467 = SURFACE_STYLE_USAGE(.BOTH.,#8468);
#8468 = SURFACE_SIDE_STYLE('',(#8469));
#8469 = SURFACE_STYLE_FILL_AREA(#8470);
#8470 = FILL_AREA_STYLE('',(#8471));
#8471 = FILL_AREA_STYLE_COLOUR('',#8182);
#8472 = CURVE_STYLE('',#8473,POSITIVE_LENGTH_MEASURE(0.1),#8185);
#8473 = DRAUGHTING_PRE_DEFINED_CURVE_FONT('continuous');
ENDSEC;
END-ISO-10303-21;
