ISO-10303-21;
HEADER;
FILE_DESCRIPTION(('FreeCAD Model'),'2;1');
FILE_NAME('Open CASCADE Shape Model','2026-07-14T11:04:06',('Author'),(
    ''),'Open CASCADE STEP processor 7.8','FreeCAD','Unknown');
FILE_SCHEMA(('AUTOMOTIVE_DESIGN { 1 0 10303 214 1 1 1 1 }'));
ENDSEC;
DATA;
#1 = APPLICATION_PROTOCOL_DEFINITION('international standard',
  'automotive_design',2000,#2);
#2 = APPLICATION_CONTEXT(
  'core data for automotive mechanical design processes');
#3 = SHAPE_DEFINITION_REPRESENTATION(#4,#10);
#4 = PRODUCT_DEFINITION_SHAPE('','',#5);
#5 = PRODUCT_DEFINITION('design','',#6,#9);
#6 = PRODUCT_DEFINITION_FORMATION('','',#7);
#7 = PRODUCT('Whells_26d_10l_V1','Whells_26d_10l_V1','',(#8));
#8 = PRODUCT_CONTEXT('',#2,'mechanical');
#9 = PRODUCT_DEFINITION_CONTEXT('part definition',#2,'design');
#10 = ADVANCED_BREP_SHAPE_REPRESENTATION('',(#11,#15),#2268);
#11 = AXIS2_PLACEMENT_3D('',#12,#13,#14);
#12 = CARTESIAN_POINT('',(0.,0.,0.));
#13 = DIRECTION('',(0.,0.,1.));
#14 = DIRECTION('',(1.,0.,-0.));
#15 = MANIFOLD_SOLID_BREP('',#16);
#16 = CLOSED_SHELL('',(#17,#171,#196,#514,#729,#749,#783,#817,#859,#885,
    #919,#961,#987,#1021,#1063,#1089,#1123,#1165,#1191,#1225,#1267,#1293
    ,#1327,#1369,#1395,#1429,#1463,#1497,#1717,#1737,#1762,#1780,#1792,
    #1810,#1822,#1840,#1852,#1870,#1882,#1900,#1912,#1930,#1942,#1960,
    #1972,#1997,#2070,#2095,#2107,#2138,#2162,#2186,#2210,#2234,#2251));
#17 = ADVANCED_FACE('',(#18,#29),#166,.F.);
#18 = FACE_BOUND('',#19,.F.);
#19 = EDGE_LOOP('',(#20));
#20 = ORIENTED_EDGE('',*,*,#21,.T.);
#21 = EDGE_CURVE('',#22,#22,#24,.T.);
#22 = VERTEX_POINT('',#23);
#23 = CARTESIAN_POINT('',(0.,-5.,13.));
#24 = CIRCLE('',#25,13.);
#25 = AXIS2_PLACEMENT_3D('',#26,#27,#28);
#26 = CARTESIAN_POINT('',(-5.551115123126E-16,-5.,5.551115123126E-16));
#27 = DIRECTION('',(1.110223024625E-16,1.,-1.110223024625E-16));
#28 = DIRECTION('',(4.270088556251E-17,1.110223024625E-16,1.));
#29 = FACE_BOUND('',#30,.F.);
#30 = EDGE_LOOP('',(#31,#42,#51,#60,#69,#78,#87,#96,#105,#114,#123,#132,
    #141,#150,#159));
#31 = ORIENTED_EDGE('',*,*,#32,.F.);
#32 = EDGE_CURVE('',#33,#35,#37,.T.);
#33 = VERTEX_POINT('',#34);
#34 = CARTESIAN_POINT('',(0.,-5.,11.));
#35 = VERTEX_POINT('',#36);
#36 = CARTESIAN_POINT('',(1.5,-5.,10.897247358852));
#37 = CIRCLE('',#38,11.);
#38 = AXIS2_PLACEMENT_3D('',#39,#40,#41);
#39 = CARTESIAN_POINT('',(-5.551115123126E-16,-5.,5.551115123126E-16));
#40 = DIRECTION('',(1.110223024625E-16,1.,-1.110223024625E-16));
#41 = DIRECTION('',(5.046468293751E-17,1.110223024625E-16,1.));
#42 = ORIENTED_EDGE('',*,*,#43,.F.);
#43 = EDGE_CURVE('',#44,#33,#46,.T.);
#44 = VERTEX_POINT('',#45);
#45 = CARTESIAN_POINT('',(-1.5,-5.,10.897247358852));
#46 = CIRCLE('',#47,11.);
#47 = AXIS2_PLACEMENT_3D('',#48,#49,#50);
#48 = CARTESIAN_POINT('',(-5.551115123126E-16,-5.,5.551115123126E-16));
#49 = DIRECTION('',(1.110223024625E-16,1.,-1.110223024625E-16));
#50 = DIRECTION('',(5.046468293751E-17,1.110223024625E-16,1.));
#51 = ORIENTED_EDGE('',*,*,#52,.F.);
#52 = EDGE_CURVE('',#53,#44,#55,.T.);
#53 = VERTEX_POINT('',#54);
#54 = CARTESIAN_POINT('',(-7.584576354604,-5.,7.967069820278));
#55 = CIRCLE('',#56,11.);
#56 = AXIS2_PLACEMENT_3D('',#57,#58,#59);
#57 = CARTESIAN_POINT('',(-5.551115123126E-16,-5.,5.551115123126E-16));
#58 = DIRECTION('',(1.110223024625E-16,1.,-1.110223024625E-16));
#59 = DIRECTION('',(5.046468293751E-17,1.110223024625E-16,1.));
#60 = ORIENTED_EDGE('',*,*,#61,.F.);
#61 = EDGE_CURVE('',#62,#53,#64,.T.);
#62 = VERTEX_POINT('',#63);
#63 = CARTESIAN_POINT('',(-9.45504576018,-5.,5.621575372874));
#64 = CIRCLE('',#65,11.);
#65 = AXIS2_PLACEMENT_3D('',#66,#67,#68);
#66 = CARTESIAN_POINT('',(-5.551115123126E-16,-5.,5.551115123126E-16));
#67 = DIRECTION('',(1.110223024625E-16,1.,-1.110223024625E-16));
#68 = DIRECTION('',(5.046468293751E-17,1.110223024625E-16,1.));
#69 = ORIENTED_EDGE('',*,*,#70,.F.);
#70 = EDGE_CURVE('',#71,#62,#73,.T.);
#71 = VERTEX_POINT('',#72);
#72 = CARTESIAN_POINT('',(-10.95781201702,-5.,-0.962473791572));
#73 = CIRCLE('',#74,11.);
#74 = AXIS2_PLACEMENT_3D('',#75,#76,#77);
#75 = CARTESIAN_POINT('',(-5.551115123126E-16,-5.,5.551115123126E-16));
#76 = DIRECTION('',(1.110223024625E-16,1.,-1.110223024625E-16));
#77 = DIRECTION('',(5.046468293751E-17,1.110223024625E-16,1.));
#78 = ORIENTED_EDGE('',*,*,#79,.F.);
#79 = EDGE_CURVE('',#80,#71,#82,.T.);
#80 = VERTEX_POINT('',#81);
#81 = CARTESIAN_POINT('',(-10.29024921516,-5.,-3.887257528117));
#82 = CIRCLE('',#83,11.);
#83 = AXIS2_PLACEMENT_3D('',#84,#85,#86);
#84 = CARTESIAN_POINT('',(-5.551115123126E-16,-5.,5.551115123126E-16));
#85 = DIRECTION('',(1.110223024625E-16,1.,-1.110223024625E-16));
#86 = DIRECTION('',(5.046468293751E-17,1.110223024625E-16,1.));
#87 = ORIENTED_EDGE('',*,*,#88,.F.);
#88 = EDGE_CURVE('',#89,#80,#91,.T.);
#89 = VERTEX_POINT('',#90);
#90 = CARTESIAN_POINT('',(-6.079591732001,-5.,-9.167255007481));
#91 = CIRCLE('',#92,11.);
#92 = AXIS2_PLACEMENT_3D('',#93,#94,#95);
#93 = CARTESIAN_POINT('',(-5.551115123126E-16,-5.,5.551115123126E-16));
#94 = DIRECTION('',(1.110223024625E-16,1.,-1.110223024625E-16));
#95 = DIRECTION('',(5.046468293751E-17,1.110223024625E-16,1.));
#96 = ORIENTED_EDGE('',*,*,#97,.F.);
#97 = EDGE_CURVE('',#98,#89,#100,.T.);
#98 = VERTEX_POINT('',#99);
#99 = CARTESIAN_POINT('',(-3.376685128294,-5.,-10.46890622483));
#100 = CIRCLE('',#101,11.);
#101 = AXIS2_PLACEMENT_3D('',#102,#103,#104);
#102 = CARTESIAN_POINT('',(-5.551115123126E-16,-5.,5.551115123126E-16));
#103 = DIRECTION('',(1.110223024625E-16,1.,-1.110223024625E-16));
#104 = DIRECTION('',(5.046468293751E-17,1.110223024625E-16,1.));
#105 = ORIENTED_EDGE('',*,*,#106,.F.);
#106 = EDGE_CURVE('',#107,#98,#109,.T.);
#107 = VERTEX_POINT('',#108);
#108 = CARTESIAN_POINT('',(3.376685128294,-5.,-10.46890622483));
#109 = CIRCLE('',#110,11.);
#110 = AXIS2_PLACEMENT_3D('',#111,#112,#113);
#111 = CARTESIAN_POINT('',(-5.551115123126E-16,-5.,5.551115123126E-16));
#112 = DIRECTION('',(1.110223024625E-16,1.,-1.110223024625E-16));
#113 = DIRECTION('',(5.046468293751E-17,1.110223024625E-16,1.));
#114 = ORIENTED_EDGE('',*,*,#115,.F.);
#115 = EDGE_CURVE('',#116,#107,#118,.T.);
#116 = VERTEX_POINT('',#117);
#117 = CARTESIAN_POINT('',(6.079591732001,-5.,-9.167255007481));
#118 = CIRCLE('',#119,11.);
#119 = AXIS2_PLACEMENT_3D('',#120,#121,#122);
#120 = CARTESIAN_POINT('',(-5.551115123126E-16,-5.,5.551115123126E-16));
#121 = DIRECTION('',(1.110223024625E-16,1.,-1.110223024625E-16));
#122 = DIRECTION('',(5.046468293751E-17,1.110223024625E-16,1.));
#123 = ORIENTED_EDGE('',*,*,#124,.F.);
#124 = EDGE_CURVE('',#125,#116,#127,.T.);
#125 = VERTEX_POINT('',#126);
#126 = CARTESIAN_POINT('',(10.29024921516,-5.,-3.887257528117));
#127 = CIRCLE('',#128,11.);
#128 = AXIS2_PLACEMENT_3D('',#129,#130,#131);
#129 = CARTESIAN_POINT('',(-5.551115123126E-16,-5.,5.551115123126E-16));
#130 = DIRECTION('',(1.110223024625E-16,1.,-1.110223024625E-16));
#131 = DIRECTION('',(5.046468293751E-17,1.110223024625E-16,1.));
#132 = ORIENTED_EDGE('',*,*,#133,.F.);
#133 = EDGE_CURVE('',#134,#125,#136,.T.);
#134 = VERTEX_POINT('',#135);
#135 = CARTESIAN_POINT('',(10.957812017029,-5.,-0.962473791572));
#136 = CIRCLE('',#137,11.);
#137 = AXIS2_PLACEMENT_3D('',#138,#139,#140);
#138 = CARTESIAN_POINT('',(-5.551115123126E-16,-5.,5.551115123126E-16));
#139 = DIRECTION('',(1.110223024625E-16,1.,-1.110223024625E-16));
#140 = DIRECTION('',(5.046468293751E-17,1.110223024625E-16,1.));
#141 = ORIENTED_EDGE('',*,*,#142,.F.);
#142 = EDGE_CURVE('',#143,#134,#145,.T.);
#143 = VERTEX_POINT('',#144);
#144 = CARTESIAN_POINT('',(9.45504576018,-5.,5.621575372874));
#145 = CIRCLE('',#146,11.);
#146 = AXIS2_PLACEMENT_3D('',#147,#148,#149);
#147 = CARTESIAN_POINT('',(-5.551115123126E-16,-5.,5.551115123126E-16));
#148 = DIRECTION('',(1.110223024625E-16,1.,-1.110223024625E-16));
#149 = DIRECTION('',(5.046468293751E-17,1.110223024625E-16,1.));
#150 = ORIENTED_EDGE('',*,*,#151,.F.);
#151 = EDGE_CURVE('',#152,#143,#154,.T.);
#152 = VERTEX_POINT('',#153);
#153 = CARTESIAN_POINT('',(7.584576354604,-5.,7.967069820278));
#154 = CIRCLE('',#155,11.);
#155 = AXIS2_PLACEMENT_3D('',#156,#157,#158);
#156 = CARTESIAN_POINT('',(-5.551115123126E-16,-5.,5.551115123126E-16));
#157 = DIRECTION('',(1.110223024625E-16,1.,-1.110223024625E-16));
#158 = DIRECTION('',(5.046468293751E-17,1.110223024625E-16,1.));
#159 = ORIENTED_EDGE('',*,*,#160,.F.);
#160 = EDGE_CURVE('',#35,#152,#161,.T.);
#161 = CIRCLE('',#162,11.);
#162 = AXIS2_PLACEMENT_3D('',#163,#164,#165);
#163 = CARTESIAN_POINT('',(-5.551115123126E-16,-5.,5.551115123126E-16));
#164 = DIRECTION('',(1.110223024625E-16,1.,-1.110223024625E-16));
#165 = DIRECTION('',(5.046468293751E-17,1.110223024625E-16,1.));
#166 = PLANE('',#167);
#167 = AXIS2_PLACEMENT_3D('',#168,#169,#170);
#168 = CARTESIAN_POINT('',(-5.551115123126E-16,-5.,5.551115123126E-16));
#169 = DIRECTION('',(1.110223024625E-16,1.,-1.110223024625E-16));
#170 = DIRECTION('',(4.270088556251E-17,1.110223024625E-16,1.));
#171 = ADVANCED_FACE('',(#172),#191,.T.);
#172 = FACE_BOUND('',#173,.T.);
#173 = EDGE_LOOP('',(#174,#175,#183,#190));
#174 = ORIENTED_EDGE('',*,*,#21,.T.);
#175 = ORIENTED_EDGE('',*,*,#176,.T.);
#176 = EDGE_CURVE('',#22,#177,#179,.T.);
#177 = VERTEX_POINT('',#178);
#178 = CARTESIAN_POINT('',(0.,-1.5,13.));
#179 = LINE('',#180,#181);
#180 = CARTESIAN_POINT('',(0.,-5.,13.));
#181 = VECTOR('',#182,1.);
#182 = DIRECTION('',(0.,1.,0.));
#183 = ORIENTED_EDGE('',*,*,#184,.F.);
#184 = EDGE_CURVE('',#177,#177,#185,.T.);
#185 = CIRCLE('',#186,13.);
#186 = AXIS2_PLACEMENT_3D('',#187,#188,#189);
#187 = CARTESIAN_POINT('',(-1.665334536938E-16,-1.5,1.665334536938E-16)
  );
#188 = DIRECTION('',(1.110223024625E-16,1.,-1.110223024625E-16));
#189 = DIRECTION('',(1.281026566875E-17,1.110223024625E-16,1.));
#190 = ORIENTED_EDGE('',*,*,#176,.F.);
#191 = CYLINDRICAL_SURFACE('',#192,13.);
#192 = AXIS2_PLACEMENT_3D('',#193,#194,#195);
#193 = CARTESIAN_POINT('',(-5.551115123126E-16,-5.,5.551115123126E-16));
#194 = DIRECTION('',(1.110223024625E-16,1.,-1.110223024625E-16));
#195 = DIRECTION('',(4.270088556251E-17,1.110223024625E-16,1.));
#196 = ADVANCED_FACE('',(#197),#509,.F.);
#197 = FACE_BOUND('',#198,.F.);
#198 = EDGE_LOOP('',(#199,#210,#216,#217,#225,#234,#240,#241,#249,#258,
    #264,#265,#273,#282,#288,#289,#297,#306,#312,#313,#314,#322,#331,
    #337,#338,#346,#355,#362,#371,#380,#389,#398,#407,#416,#425,#434,
    #443,#452,#461,#470,#479,#488,#495,#496,#502,#503));
#199 = ORIENTED_EDGE('',*,*,#200,.T.);
#200 = EDGE_CURVE('',#201,#203,#205,.T.);
#201 = VERTEX_POINT('',#202);
#202 = CARTESIAN_POINT('',(10.29024921516,3.,-3.887257528117));
#203 = VERTEX_POINT('',#204);
#204 = CARTESIAN_POINT('',(6.079591732001,3.,-9.167255007481));
#205 = CIRCLE('',#206,11.);
#206 = AXIS2_PLACEMENT_3D('',#207,#208,#209);
#207 = CARTESIAN_POINT('',(3.330669073875E-16,3.,-3.330669073875E-16));
#208 = DIRECTION('',(1.110223024625E-16,1.,-1.110223024625E-16));
#209 = DIRECTION('',(-3.02788097625E-17,1.110223024625E-16,1.));
#210 = ORIENTED_EDGE('',*,*,#211,.F.);
#211 = EDGE_CURVE('',#116,#203,#212,.T.);
#212 = LINE('',#213,#214);
#213 = CARTESIAN_POINT('',(6.079591732001,-5.,-9.167255007481));
#214 = VECTOR('',#215,1.);
#215 = DIRECTION('',(0.,1.,-2.22044604925E-16));
#216 = ORIENTED_EDGE('',*,*,#115,.T.);
#217 = ORIENTED_EDGE('',*,*,#218,.T.);
#218 = EDGE_CURVE('',#107,#219,#221,.T.);
#219 = VERTEX_POINT('',#220);
#220 = CARTESIAN_POINT('',(3.376685128294,3.,-10.46890622483));
#221 = LINE('',#222,#223);
#222 = CARTESIAN_POINT('',(3.376685128294,-5.,-10.46890622483));
#223 = VECTOR('',#224,1.);
#224 = DIRECTION('',(0.,1.,-2.22044604925E-16));
#225 = ORIENTED_EDGE('',*,*,#226,.T.);
#226 = EDGE_CURVE('',#219,#227,#229,.T.);
#227 = VERTEX_POINT('',#228);
#228 = CARTESIAN_POINT('',(-3.376685128294,3.,-10.46890622483));
#229 = CIRCLE('',#230,11.);
#230 = AXIS2_PLACEMENT_3D('',#231,#232,#233);
#231 = CARTESIAN_POINT('',(3.330669073875E-16,3.,-3.330669073875E-16));
#232 = DIRECTION('',(1.110223024625E-16,1.,-1.110223024625E-16));
#233 = DIRECTION('',(-3.02788097625E-17,1.110223024625E-16,1.));
#234 = ORIENTED_EDGE('',*,*,#235,.F.);
#235 = EDGE_CURVE('',#98,#227,#236,.T.);
#236 = LINE('',#237,#238);
#237 = CARTESIAN_POINT('',(-3.376685128294,-5.,-10.46890622483));
#238 = VECTOR('',#239,1.);
#239 = DIRECTION('',(0.,1.,-2.22044604925E-16));
#240 = ORIENTED_EDGE('',*,*,#97,.T.);
#241 = ORIENTED_EDGE('',*,*,#242,.T.);
#242 = EDGE_CURVE('',#89,#243,#245,.T.);
#243 = VERTEX_POINT('',#244);
#244 = CARTESIAN_POINT('',(-6.079591732001,3.,-9.167255007481));
#245 = LINE('',#246,#247);
#246 = CARTESIAN_POINT('',(-6.079591732001,-5.,-9.167255007481));
#247 = VECTOR('',#248,1.);
#248 = DIRECTION('',(0.,1.,-2.22044604925E-16));
#249 = ORIENTED_EDGE('',*,*,#250,.T.);
#250 = EDGE_CURVE('',#243,#251,#253,.T.);
#251 = VERTEX_POINT('',#252);
#252 = CARTESIAN_POINT('',(-10.29024921516,3.,-3.887257528117));
#253 = CIRCLE('',#254,11.);
#254 = AXIS2_PLACEMENT_3D('',#255,#256,#257);
#255 = CARTESIAN_POINT('',(3.330669073875E-16,3.,-3.330669073875E-16));
#256 = DIRECTION('',(1.110223024625E-16,1.,-1.110223024625E-16));
#257 = DIRECTION('',(-3.02788097625E-17,1.110223024625E-16,1.));
#258 = ORIENTED_EDGE('',*,*,#259,.F.);
#259 = EDGE_CURVE('',#80,#251,#260,.T.);
#260 = LINE('',#261,#262);
#261 = CARTESIAN_POINT('',(-10.29024921516,-5.,-3.887257528117));
#262 = VECTOR('',#263,1.);
#263 = DIRECTION('',(0.,1.,-2.22044604925E-16));
#264 = ORIENTED_EDGE('',*,*,#79,.T.);
#265 = ORIENTED_EDGE('',*,*,#266,.T.);
#266 = EDGE_CURVE('',#71,#267,#269,.T.);
#267 = VERTEX_POINT('',#268);
#268 = CARTESIAN_POINT('',(-10.95781201702,3.,-0.962473791572));
#269 = LINE('',#270,#271);
#270 = CARTESIAN_POINT('',(-10.95781201702,-5.,-0.962473791572));
#271 = VECTOR('',#272,1.);
#272 = DIRECTION('',(0.,1.,-2.22044604925E-16));
#273 = ORIENTED_EDGE('',*,*,#274,.T.);
#274 = EDGE_CURVE('',#267,#275,#277,.T.);
#275 = VERTEX_POINT('',#276);
#276 = CARTESIAN_POINT('',(-9.45504576018,3.,5.621575372874));
#277 = CIRCLE('',#278,11.);
#278 = AXIS2_PLACEMENT_3D('',#279,#280,#281);
#279 = CARTESIAN_POINT('',(3.330669073875E-16,3.,-3.330669073875E-16));
#280 = DIRECTION('',(1.110223024625E-16,1.,-1.110223024625E-16));
#281 = DIRECTION('',(-3.02788097625E-17,1.110223024625E-16,1.));
#282 = ORIENTED_EDGE('',*,*,#283,.F.);
#283 = EDGE_CURVE('',#62,#275,#284,.T.);
#284 = LINE('',#285,#286);
#285 = CARTESIAN_POINT('',(-9.45504576018,-5.,5.621575372874));
#286 = VECTOR('',#287,1.);
#287 = DIRECTION('',(0.,1.,-2.22044604925E-16));
#288 = ORIENTED_EDGE('',*,*,#61,.T.);
#289 = ORIENTED_EDGE('',*,*,#290,.T.);
#290 = EDGE_CURVE('',#53,#291,#293,.T.);
#291 = VERTEX_POINT('',#292);
#292 = CARTESIAN_POINT('',(-7.584576354604,3.,7.967069820278));
#293 = LINE('',#294,#295);
#294 = CARTESIAN_POINT('',(-7.584576354604,-5.,7.967069820278));
#295 = VECTOR('',#296,1.);
#296 = DIRECTION('',(0.,1.,-2.22044604925E-16));
#297 = ORIENTED_EDGE('',*,*,#298,.T.);
#298 = EDGE_CURVE('',#291,#299,#301,.T.);
#299 = VERTEX_POINT('',#300);
#300 = CARTESIAN_POINT('',(-1.5,3.,10.897247358852));
#301 = CIRCLE('',#302,11.);
#302 = AXIS2_PLACEMENT_3D('',#303,#304,#305);
#303 = CARTESIAN_POINT('',(3.330669073875E-16,3.,-3.330669073875E-16));
#304 = DIRECTION('',(1.110223024625E-16,1.,-1.110223024625E-16));
#305 = DIRECTION('',(-3.02788097625E-17,1.110223024625E-16,1.));
#306 = ORIENTED_EDGE('',*,*,#307,.F.);
#307 = EDGE_CURVE('',#44,#299,#308,.T.);
#308 = LINE('',#309,#310);
#309 = CARTESIAN_POINT('',(-1.5,-5.,10.897247358852));
#310 = VECTOR('',#311,1.);
#311 = DIRECTION('',(0.,1.,-2.22044604925E-16));
#312 = ORIENTED_EDGE('',*,*,#43,.T.);
#313 = ORIENTED_EDGE('',*,*,#32,.T.);
#314 = ORIENTED_EDGE('',*,*,#315,.T.);
#315 = EDGE_CURVE('',#35,#316,#318,.T.);
#316 = VERTEX_POINT('',#317);
#317 = CARTESIAN_POINT('',(1.5,3.,10.897247358852));
#318 = LINE('',#319,#320);
#319 = CARTESIAN_POINT('',(1.5,-5.,10.897247358852));
#320 = VECTOR('',#321,1.);
#321 = DIRECTION('',(0.,1.,-2.22044604925E-16));
#322 = ORIENTED_EDGE('',*,*,#323,.T.);
#323 = EDGE_CURVE('',#316,#324,#326,.T.);
#324 = VERTEX_POINT('',#325);
#325 = CARTESIAN_POINT('',(7.584576354604,3.,7.967069820278));
#326 = CIRCLE('',#327,11.);
#327 = AXIS2_PLACEMENT_3D('',#328,#329,#330);
#328 = CARTESIAN_POINT('',(3.330669073875E-16,3.,-3.330669073875E-16));
#329 = DIRECTION('',(1.110223024625E-16,1.,-1.110223024625E-16));
#330 = DIRECTION('',(-3.02788097625E-17,1.110223024625E-16,1.));
#331 = ORIENTED_EDGE('',*,*,#332,.F.);
#332 = EDGE_CURVE('',#152,#324,#333,.T.);
#333 = LINE('',#334,#335);
#334 = CARTESIAN_POINT('',(7.584576354604,-5.,7.967069820278));
#335 = VECTOR('',#336,1.);
#336 = DIRECTION('',(0.,1.,-2.22044604925E-16));
#337 = ORIENTED_EDGE('',*,*,#151,.T.);
#338 = ORIENTED_EDGE('',*,*,#339,.T.);
#339 = EDGE_CURVE('',#143,#340,#342,.T.);
#340 = VERTEX_POINT('',#341);
#341 = CARTESIAN_POINT('',(9.45504576018,3.,5.621575372874));
#342 = LINE('',#343,#344);
#343 = CARTESIAN_POINT('',(9.45504576018,-5.,5.621575372874));
#344 = VECTOR('',#345,1.);
#345 = DIRECTION('',(0.,1.,-2.22044604925E-16));
#346 = ORIENTED_EDGE('',*,*,#347,.T.);
#347 = EDGE_CURVE('',#340,#348,#350,.T.);
#348 = VERTEX_POINT('',#349);
#349 = CARTESIAN_POINT('',(10.957812017029,3.,-0.962473791572));
#350 = CIRCLE('',#351,11.);
#351 = AXIS2_PLACEMENT_3D('',#352,#353,#354);
#352 = CARTESIAN_POINT('',(3.330669073875E-16,3.,-3.330669073875E-16));
#353 = DIRECTION('',(1.110223024625E-16,1.,-1.110223024625E-16));
#354 = DIRECTION('',(-3.02788097625E-17,1.110223024625E-16,1.));
#355 = ORIENTED_EDGE('',*,*,#356,.F.);
#356 = EDGE_CURVE('',#357,#348,#359,.T.);
#357 = VERTEX_POINT('',#358);
#358 = CARTESIAN_POINT('',(10.957812017029,5.,-0.962473791572));
#359 = B_SPLINE_CURVE_WITH_KNOTS('',1,(#360,#361),.UNSPECIFIED.,.F.,.F.,
  (2,2),(-10.,-8.),.PIECEWISE_BEZIER_KNOTS.);
#360 = CARTESIAN_POINT('',(10.957812017029,5.,-0.962473791572));
#361 = CARTESIAN_POINT('',(10.957812017029,3.,-0.962473791572));
#362 = ORIENTED_EDGE('',*,*,#363,.F.);
#363 = EDGE_CURVE('',#364,#357,#366,.T.);
#364 = VERTEX_POINT('',#365);
#365 = CARTESIAN_POINT('',(9.45504576018,5.,5.621575372874));
#366 = CIRCLE('',#367,11.);
#367 = AXIS2_PLACEMENT_3D('',#368,#369,#370);
#368 = CARTESIAN_POINT('',(5.551115123126E-16,5.,-5.551115123126E-16));
#369 = DIRECTION('',(1.110223024625E-16,1.,-1.110223024625E-16));
#370 = DIRECTION('',(-5.046468293751E-17,1.110223024625E-16,1.));
#371 = ORIENTED_EDGE('',*,*,#372,.F.);
#372 = EDGE_CURVE('',#373,#364,#375,.T.);
#373 = VERTEX_POINT('',#374);
#374 = CARTESIAN_POINT('',(7.584576354604,5.,7.967069820278));
#375 = CIRCLE('',#376,11.);
#376 = AXIS2_PLACEMENT_3D('',#377,#378,#379);
#377 = CARTESIAN_POINT('',(5.551115123126E-16,5.,-5.551115123126E-16));
#378 = DIRECTION('',(1.110223024625E-16,1.,-1.110223024625E-16));
#379 = DIRECTION('',(-5.046468293751E-17,1.110223024625E-16,1.));
#380 = ORIENTED_EDGE('',*,*,#381,.F.);
#381 = EDGE_CURVE('',#382,#373,#384,.T.);
#382 = VERTEX_POINT('',#383);
#383 = CARTESIAN_POINT('',(1.5,5.,10.897247358852));
#384 = CIRCLE('',#385,11.);
#385 = AXIS2_PLACEMENT_3D('',#386,#387,#388);
#386 = CARTESIAN_POINT('',(5.551115123126E-16,5.,-5.551115123126E-16));
#387 = DIRECTION('',(1.110223024625E-16,1.,-1.110223024625E-16));
#388 = DIRECTION('',(-5.046468293751E-17,1.110223024625E-16,1.));
#389 = ORIENTED_EDGE('',*,*,#390,.F.);
#390 = EDGE_CURVE('',#391,#382,#393,.T.);
#391 = VERTEX_POINT('',#392);
#392 = CARTESIAN_POINT('',(0.,5.,11.));
#393 = CIRCLE('',#394,11.);
#394 = AXIS2_PLACEMENT_3D('',#395,#396,#397);
#395 = CARTESIAN_POINT('',(5.551115123126E-16,5.,-5.551115123126E-16));
#396 = DIRECTION('',(1.110223024625E-16,1.,-1.110223024625E-16));
#397 = DIRECTION('',(-5.046468293751E-17,1.110223024625E-16,1.));
#398 = ORIENTED_EDGE('',*,*,#399,.F.);
#399 = EDGE_CURVE('',#400,#391,#402,.T.);
#400 = VERTEX_POINT('',#401);
#401 = CARTESIAN_POINT('',(-1.5,5.,10.897247358852));
#402 = CIRCLE('',#403,11.);
#403 = AXIS2_PLACEMENT_3D('',#404,#405,#406);
#404 = CARTESIAN_POINT('',(5.551115123126E-16,5.,-5.551115123126E-16));
#405 = DIRECTION('',(1.110223024625E-16,1.,-1.110223024625E-16));
#406 = DIRECTION('',(-5.046468293751E-17,1.110223024625E-16,1.));
#407 = ORIENTED_EDGE('',*,*,#408,.F.);
#408 = EDGE_CURVE('',#409,#400,#411,.T.);
#409 = VERTEX_POINT('',#410);
#410 = CARTESIAN_POINT('',(-7.584576354604,5.,7.967069820278));
#411 = CIRCLE('',#412,11.);
#412 = AXIS2_PLACEMENT_3D('',#413,#414,#415);
#413 = CARTESIAN_POINT('',(5.551115123126E-16,5.,-5.551115123126E-16));
#414 = DIRECTION('',(1.110223024625E-16,1.,-1.110223024625E-16));
#415 = DIRECTION('',(-5.046468293751E-17,1.110223024625E-16,1.));
#416 = ORIENTED_EDGE('',*,*,#417,.F.);
#417 = EDGE_CURVE('',#418,#409,#420,.T.);
#418 = VERTEX_POINT('',#419);
#419 = CARTESIAN_POINT('',(-9.45504576018,5.,5.621575372874));
#420 = CIRCLE('',#421,11.);
#421 = AXIS2_PLACEMENT_3D('',#422,#423,#424);
#422 = CARTESIAN_POINT('',(5.551115123126E-16,5.,-5.551115123126E-16));
#423 = DIRECTION('',(1.110223024625E-16,1.,-1.110223024625E-16));
#424 = DIRECTION('',(-5.046468293751E-17,1.110223024625E-16,1.));
#425 = ORIENTED_EDGE('',*,*,#426,.F.);
#426 = EDGE_CURVE('',#427,#418,#429,.T.);
#427 = VERTEX_POINT('',#428);
#428 = CARTESIAN_POINT('',(-10.95781201702,5.,-0.962473791572));
#429 = CIRCLE('',#430,11.);
#430 = AXIS2_PLACEMENT_3D('',#431,#432,#433);
#431 = CARTESIAN_POINT('',(5.551115123126E-16,5.,-5.551115123126E-16));
#432 = DIRECTION('',(1.110223024625E-16,1.,-1.110223024625E-16));
#433 = DIRECTION('',(-5.046468293751E-17,1.110223024625E-16,1.));
#434 = ORIENTED_EDGE('',*,*,#435,.F.);
#435 = EDGE_CURVE('',#436,#427,#438,.T.);
#436 = VERTEX_POINT('',#437);
#437 = CARTESIAN_POINT('',(-10.29024921516,5.,-3.887257528117));
#438 = CIRCLE('',#439,11.);
#439 = AXIS2_PLACEMENT_3D('',#440,#441,#442);
#440 = CARTESIAN_POINT('',(5.551115123126E-16,5.,-5.551115123126E-16));
#441 = DIRECTION('',(1.110223024625E-16,1.,-1.110223024625E-16));
#442 = DIRECTION('',(-5.046468293751E-17,1.110223024625E-16,1.));
#443 = ORIENTED_EDGE('',*,*,#444,.F.);
#444 = EDGE_CURVE('',#445,#436,#447,.T.);
#445 = VERTEX_POINT('',#446);
#446 = CARTESIAN_POINT('',(-6.079591732001,5.,-9.167255007481));
#447 = CIRCLE('',#448,11.);
#448 = AXIS2_PLACEMENT_3D('',#449,#450,#451);
#449 = CARTESIAN_POINT('',(5.551115123126E-16,5.,-5.551115123126E-16));
#450 = DIRECTION('',(1.110223024625E-16,1.,-1.110223024625E-16));
#451 = DIRECTION('',(-5.046468293751E-17,1.110223024625E-16,1.));
#452 = ORIENTED_EDGE('',*,*,#453,.F.);
#453 = EDGE_CURVE('',#454,#445,#456,.T.);
#454 = VERTEX_POINT('',#455);
#455 = CARTESIAN_POINT('',(-3.376685128294,5.,-10.46890622483));
#456 = CIRCLE('',#457,11.);
#457 = AXIS2_PLACEMENT_3D('',#458,#459,#460);
#458 = CARTESIAN_POINT('',(5.551115123126E-16,5.,-5.551115123126E-16));
#459 = DIRECTION('',(1.110223024625E-16,1.,-1.110223024625E-16));
#460 = DIRECTION('',(-5.046468293751E-17,1.110223024625E-16,1.));
#461 = ORIENTED_EDGE('',*,*,#462,.F.);
#462 = EDGE_CURVE('',#463,#454,#465,.T.);
#463 = VERTEX_POINT('',#464);
#464 = CARTESIAN_POINT('',(3.376685128294,5.,-10.46890622483));
#465 = CIRCLE('',#466,11.);
#466 = AXIS2_PLACEMENT_3D('',#467,#468,#469);
#467 = CARTESIAN_POINT('',(5.551115123126E-16,5.,-5.551115123126E-16));
#468 = DIRECTION('',(1.110223024625E-16,1.,-1.110223024625E-16));
#469 = DIRECTION('',(-5.046468293751E-17,1.110223024625E-16,1.));
#470 = ORIENTED_EDGE('',*,*,#471,.F.);
#471 = EDGE_CURVE('',#472,#463,#474,.T.);
#472 = VERTEX_POINT('',#473);
#473 = CARTESIAN_POINT('',(6.079591732001,5.,-9.167255007481));
#474 = CIRCLE('',#475,11.);
#475 = AXIS2_PLACEMENT_3D('',#476,#477,#478);
#476 = CARTESIAN_POINT('',(5.551115123126E-16,5.,-5.551115123126E-16));
#477 = DIRECTION('',(1.110223024625E-16,1.,-1.110223024625E-16));
#478 = DIRECTION('',(-5.046468293751E-17,1.110223024625E-16,1.));
#479 = ORIENTED_EDGE('',*,*,#480,.F.);
#480 = EDGE_CURVE('',#481,#472,#483,.T.);
#481 = VERTEX_POINT('',#482);
#482 = CARTESIAN_POINT('',(10.29024921516,5.,-3.887257528117));
#483 = CIRCLE('',#484,11.);
#484 = AXIS2_PLACEMENT_3D('',#485,#486,#487);
#485 = CARTESIAN_POINT('',(5.551115123126E-16,5.,-5.551115123126E-16));
#486 = DIRECTION('',(1.110223024625E-16,1.,-1.110223024625E-16));
#487 = DIRECTION('',(-5.046468293751E-17,1.110223024625E-16,1.));
#488 = ORIENTED_EDGE('',*,*,#489,.F.);
#489 = EDGE_CURVE('',#357,#481,#490,.T.);
#490 = CIRCLE('',#491,11.);
#491 = AXIS2_PLACEMENT_3D('',#492,#493,#494);
#492 = CARTESIAN_POINT('',(5.551115123126E-16,5.,-5.551115123126E-16));
#493 = DIRECTION('',(1.110223024625E-16,1.,-1.110223024625E-16));
#494 = DIRECTION('',(-5.046468293751E-17,1.110223024625E-16,1.));
#495 = ORIENTED_EDGE('',*,*,#356,.T.);
#496 = ORIENTED_EDGE('',*,*,#497,.F.);
#497 = EDGE_CURVE('',#134,#348,#498,.T.);
#498 = LINE('',#499,#500);
#499 = CARTESIAN_POINT('',(10.957812017029,-5.,-0.962473791572));
#500 = VECTOR('',#501,1.);
#501 = DIRECTION('',(0.,1.,-2.22044604925E-16));
#502 = ORIENTED_EDGE('',*,*,#133,.T.);
#503 = ORIENTED_EDGE('',*,*,#504,.T.);
#504 = EDGE_CURVE('',#125,#201,#505,.T.);
#505 = LINE('',#506,#507);
#506 = CARTESIAN_POINT('',(10.29024921516,-5.,-3.887257528117));
#507 = VECTOR('',#508,1.);
#508 = DIRECTION('',(0.,1.,-2.22044604925E-16));
#509 = CYLINDRICAL_SURFACE('',#510,11.);
#510 = AXIS2_PLACEMENT_3D('',#511,#512,#513);
#511 = CARTESIAN_POINT('',(-5.551115123126E-16,-5.,5.551115123126E-16));
#512 = DIRECTION('',(0.,-1.,2.22044604925E-16));
#513 = DIRECTION('',(1.,0.,0.));
#514 = ADVANCED_FACE('',(#515),#724,.F.);
#515 = FACE_BOUND('',#516,.F.);
#516 = EDGE_LOOP('',(#517,#528,#535,#536,#545,#554,#561,#562,#571,#580,
    #587,#588,#597,#606,#613,#614,#623,#632,#639,#640,#649,#658,#665,
    #666,#675,#684,#691,#692,#701,#708,#716,#723));
#517 = ORIENTED_EDGE('',*,*,#518,.F.);
#518 = EDGE_CURVE('',#519,#521,#523,.T.);
#519 = VERTEX_POINT('',#520);
#520 = CARTESIAN_POINT('',(0.5,-2.8125,3.968626966597));
#521 = VERTEX_POINT('',#522);
#522 = CARTESIAN_POINT('',(0.,-2.8125,4.));
#523 = CIRCLE('',#524,4.);
#524 = AXIS2_PLACEMENT_3D('',#525,#526,#527);
#525 = CARTESIAN_POINT('',(-1.734723475977E-16,-2.8125,4.51028103754E-16
    ));
#526 = DIRECTION('',(0.,-1.,2.22044604925E-16));
#527 = DIRECTION('',(0.,-2.22044604925E-16,-1.));
#528 = ORIENTED_EDGE('',*,*,#529,.T.);
#529 = EDGE_CURVE('',#519,#35,#530,.T.);
#530 = HYPERBOLA('',#531,2.251281365737E-02,7.20410037036E-02);
#531 = AXIS2_PLACEMENT_3D('',#532,#533,#534);
#532 = CARTESIAN_POINT('',(-7.13021896913E-02,-1.5625,1.029096496194E-02
    ));
#533 = DIRECTION('',(-0.989744534719,3.171878696573E-17,0.14284871716));
#534 = DIRECTION('',(-1.796224203758E-17,-1.,9.759104845285E-17));
#535 = ORIENTED_EDGE('',*,*,#160,.T.);
#536 = ORIENTED_EDGE('',*,*,#537,.F.);
#537 = EDGE_CURVE('',#538,#152,#540,.T.);
#538 = VERTEX_POINT('',#539);
#539 = CARTESIAN_POINT('',(2.791052603728,-2.8125,2.865314182289));
#540 = HYPERBOLA('',#541,2.251281365737E-02,7.20410037036E-02);
#541 = AXIS2_PLACEMENT_3D('',#542,#543,#544);
#542 = CARTESIAN_POINT('',(5.250198851494E-02,-1.5625,
    -4.932998496451E-02));
#543 = DIRECTION('',(-0.728779248148,1.520447586692E-16,0.684748718486)
  );
#544 = DIRECTION('',(-1.074597592796E-16,-1.,1.076749968343E-16));
#545 = ORIENTED_EDGE('',*,*,#546,.F.);
#546 = EDGE_CURVE('',#547,#538,#549,.T.);
#547 = VERTEX_POINT('',#548);
#548 = CARTESIAN_POINT('',(3.414542405586,-2.8125,2.083482699821));
#549 = CIRCLE('',#550,4.);
#550 = AXIS2_PLACEMENT_3D('',#551,#552,#553);
#551 = CARTESIAN_POINT('',(-1.734723475977E-16,-2.8125,4.51028103754E-16
    ));
#552 = DIRECTION('',(0.,-1.,2.22044604925E-16));
#553 = DIRECTION('',(0.,-2.22044604925E-16,-1.));
#554 = ORIENTED_EDGE('',*,*,#555,.T.);
#555 = EDGE_CURVE('',#547,#143,#556,.T.);
#556 = HYPERBOLA('',#557,2.251281365737E-02,7.20410037036E-02);
#557 = AXIS2_PLACEMENT_3D('',#558,#559,#560);
#558 = CARTESIAN_POINT('',(-3.64103877305E-02,-1.5625,6.216260837462E-02
    ));
#559 = DIRECTION('',(-0.505411999537,1.915974390701E-16,0.862878155201)
  );
#560 = DIRECTION('',(-1.310804447764E-16,-1.,1.452671024523E-16));
#561 = ORIENTED_EDGE('',*,*,#142,.T.);
#562 = ORIENTED_EDGE('',*,*,#563,.F.);
#563 = EDGE_CURVE('',#564,#134,#566,.T.);
#564 = VERTEX_POINT('',#565);
#565 = CARTESIAN_POINT('',(3.980385669751,-2.8125,-0.39563862304));
#566 = HYPERBOLA('',#567,2.251281365737E-02,7.20410037036E-02);
#567 = AXIS2_PLACEMENT_3D('',#568,#569,#570);
#568 = CARTESIAN_POINT('',(-5.833280858555E-03,-1.5625,
    -7.180445006437E-02));
#569 = DIRECTION('',(8.097167666562E-02,2.213154998784E-16,
    0.996716402784));
#570 = DIRECTION('',(-1.013342509109E-16,-1.,2.302768404707E-16));
#571 = ORIENTED_EDGE('',*,*,#572,.F.);
#572 = EDGE_CURVE('',#573,#564,#575,.T.);
#573 = VERTEX_POINT('',#574);
#574 = CARTESIAN_POINT('',(3.757864735795,-2.8125,-1.370566535222));
#575 = CIRCLE('',#576,4.);
#576 = AXIS2_PLACEMENT_3D('',#577,#578,#579);
#577 = CARTESIAN_POINT('',(-1.734723475977E-16,-2.8125,4.51028103754E-16
    ));
#578 = DIRECTION('',(0.,-1.,2.22044604925E-16));
#579 = DIRECTION('',(0.,-2.22044604925E-16,-1.));
#580 = ORIENTED_EDGE('',*,*,#581,.T.);
#581 = EDGE_CURVE('',#573,#125,#582,.T.);
#582 = HYPERBOLA('',#583,2.251281365737E-02,7.20410037036E-02);
#583 = AXIS2_PLACEMENT_3D('',#584,#585,#586);
#584 = CARTESIAN_POINT('',(2.589917882792E-02,-1.5625,6.722453979509E-02
    ));
#585 = DIRECTION('',(0.359506079822,2.071993116792E-16,0.93314274287));
#586 = DIRECTION('',(-5.942856086877E-17,-1.,2.449402756149E-16));
#587 = ORIENTED_EDGE('',*,*,#124,.T.);
#588 = ORIENTED_EDGE('',*,*,#589,.F.);
#589 = EDGE_CURVE('',#590,#116,#592,.T.);
#590 = VERTEX_POINT('',#591);
#591 = CARTESIAN_POINT('',(2.172407141381,-2.8125,-3.358667475663));
#592 = HYPERBOLA('',#593,2.251281365737E-02,7.20410037036E-02);
#593 = AXIS2_PLACEMENT_3D('',#594,#595,#596);
#594 = CARTESIAN_POINT('',(-5.977597076832E-02,-1.5625,
    -4.020869972192E-02));
#595 = DIRECTION('',(0.829749277429,1.239311556657E-16,0.558136306476));
#596 = DIRECTION('',(1.683065469202E-17,-1.,1.97023434635E-16));
#597 = ORIENTED_EDGE('',*,*,#598,.F.);
#598 = EDGE_CURVE('',#599,#590,#601,.T.);
#599 = VERTEX_POINT('',#600);
#600 = CARTESIAN_POINT('',(1.271438273479,-2.8125,-3.792551214781));
#601 = CIRCLE('',#602,4.);
#602 = AXIS2_PLACEMENT_3D('',#603,#604,#605);
#603 = CARTESIAN_POINT('',(-1.734723475977E-16,-2.8125,4.51028103754E-16
    ));
#604 = DIRECTION('',(0.,-1.,2.22044604925E-16));
#605 = DIRECTION('',(0.,-2.22044604925E-16,-1.));
#606 = ORIENTED_EDGE('',*,*,#607,.T.);
#607 = EDGE_CURVE('',#599,#107,#608,.T.);
#608 = HYPERBOLA('',#609,2.251281365737E-02,7.20410037036E-02);
#609 = AXIS2_PLACEMENT_3D('',#610,#611,#612);
#610 = CARTESIAN_POINT('',(6.870613548195E-02,-1.5625,2.166502161914E-02
    ));
#611 = DIRECTION('',(0.953708748488,6.677587649816E-17,0.300731812514));
#612 = DIRECTION('',(2.180155361635E-17,-1.,1.529054864504E-16));
#613 = ORIENTED_EDGE('',*,*,#106,.T.);
#614 = ORIENTED_EDGE('',*,*,#615,.F.);
#615 = EDGE_CURVE('',#616,#98,#618,.T.);
#616 = VERTEX_POINT('',#617);
#617 = CARTESIAN_POINT('',(-1.271438273479,-2.8125,-3.792551214781));
#618 = HYPERBOLA('',#619,2.251281365737E-02,7.20410037036E-02);
#619 = AXIS2_PLACEMENT_3D('',#620,#621,#622);
#620 = CARTESIAN_POINT('',(-6.870613548195E-02,-1.5625,
    2.166502161914E-02));
#621 = DIRECTION('',(0.953708748488,-6.677587649816E-17,-0.300731812514)
  );
#622 = DIRECTION('',(-4.188318398788E-17,-1.,8.922074884617E-17));
#623 = ORIENTED_EDGE('',*,*,#624,.F.);
#624 = EDGE_CURVE('',#625,#616,#627,.T.);
#625 = VERTEX_POINT('',#626);
#626 = CARTESIAN_POINT('',(-2.172407141381,-2.8125,-3.358667475663));
#627 = CIRCLE('',#628,4.);
#628 = AXIS2_PLACEMENT_3D('',#629,#630,#631);
#629 = CARTESIAN_POINT('',(-1.734723475977E-16,-2.8125,4.51028103754E-16
    ));
#630 = DIRECTION('',(0.,-1.,2.22044604925E-16));
#631 = DIRECTION('',(0.,-2.22044604925E-16,-1.));
#632 = ORIENTED_EDGE('',*,*,#633,.T.);
#633 = EDGE_CURVE('',#625,#89,#634,.T.);
#634 = HYPERBOLA('',#635,2.251281365737E-02,7.20410037036E-02);
#635 = AXIS2_PLACEMENT_3D('',#636,#637,#638);
#636 = CARTESIAN_POINT('',(5.977597076832E-02,-1.5625,
    -4.020869972191E-02));
#637 = DIRECTION('',(0.829749277429,-1.239311556657E-16,-0.558136306476)
  );
#638 = DIRECTION('',(-8.60011321725E-17,-1.,9.419164777049E-17));
#639 = ORIENTED_EDGE('',*,*,#88,.T.);
#640 = ORIENTED_EDGE('',*,*,#641,.F.);
#641 = EDGE_CURVE('',#642,#80,#644,.T.);
#642 = VERTEX_POINT('',#643);
#643 = CARTESIAN_POINT('',(-3.757864735795,-2.8125,-1.370566535222));
#644 = HYPERBOLA('',#645,2.251281365737E-02,7.20410037036E-02);
#645 = AXIS2_PLACEMENT_3D('',#646,#647,#648);
#646 = CARTESIAN_POINT('',(-2.589917882792E-02,-1.5625,
    6.722453979509E-02));
#647 = DIRECTION('',(0.359506079822,-2.071993116792E-16,-0.93314274287)
  );
#648 = DIRECTION('',(-1.339179731524E-16,-1.,1.704508633313E-16));
#649 = ORIENTED_EDGE('',*,*,#650,.F.);
#650 = EDGE_CURVE('',#651,#642,#653,.T.);
#651 = VERTEX_POINT('',#652);
#652 = CARTESIAN_POINT('',(-3.980385669751,-2.8125,-0.39563862304));
#653 = CIRCLE('',#654,4.);
#654 = AXIS2_PLACEMENT_3D('',#655,#656,#657);
#655 = CARTESIAN_POINT('',(-1.734723475977E-16,-2.8125,4.51028103754E-16
    ));
#656 = DIRECTION('',(0.,-1.,2.22044604925E-16));
#657 = DIRECTION('',(0.,-2.22044604925E-16,-1.));
#658 = ORIENTED_EDGE('',*,*,#659,.T.);
#659 = EDGE_CURVE('',#651,#71,#660,.T.);
#660 = HYPERBOLA('',#661,2.251281365737E-02,7.20410037036E-02);
#661 = AXIS2_PLACEMENT_3D('',#662,#663,#664);
#662 = CARTESIAN_POINT('',(5.833280858554E-03,-1.5625,
    -7.180445006437E-02));
#663 = DIRECTION('',(8.097167666562E-02,-2.213154998784E-16,
    -0.996716402784));
#664 = DIRECTION('',(-1.192545380081E-16,-1.,2.123565533734E-16));
#665 = ORIENTED_EDGE('',*,*,#70,.T.);
#666 = ORIENTED_EDGE('',*,*,#667,.F.);
#667 = EDGE_CURVE('',#668,#62,#670,.T.);
#668 = VERTEX_POINT('',#669);
#669 = CARTESIAN_POINT('',(-3.414542405586,-2.8125,2.083482699821));
#670 = HYPERBOLA('',#671,2.251281365737E-02,7.20410037036E-02);
#671 = AXIS2_PLACEMENT_3D('',#672,#673,#674);
#672 = CARTESIAN_POINT('',(3.64103877305E-02,-1.5625,6.216260837462E-02)
  );
#673 = DIRECTION('',(-0.505411999537,-1.915974390701E-16,-0.862878155201
    ));
#674 = DIRECTION('',(-3.424479998976E-17,-1.,2.421027472389E-16));
#675 = ORIENTED_EDGE('',*,*,#676,.F.);
#676 = EDGE_CURVE('',#677,#668,#679,.T.);
#677 = VERTEX_POINT('',#678);
#678 = CARTESIAN_POINT('',(-2.791052603728,-2.8125,2.865314182289));
#679 = CIRCLE('',#680,4.);
#680 = AXIS2_PLACEMENT_3D('',#681,#682,#683);
#681 = CARTESIAN_POINT('',(-1.734723475977E-16,-2.8125,4.51028103754E-16
    ));
#682 = DIRECTION('',(0.,-1.,2.22044604925E-16));
#683 = DIRECTION('',(0.,-2.22044604925E-16,-1.));
#684 = ORIENTED_EDGE('',*,*,#685,.T.);
#685 = EDGE_CURVE('',#677,#53,#686,.T.);
#686 = HYPERBOLA('',#687,2.251281365737E-02,7.20410037036E-02);
#687 = AXIS2_PLACEMENT_3D('',#688,#689,#690);
#688 = CARTESIAN_POINT('',(-5.250198851494E-02,-1.5625,
    -4.932998496451E-02));
#689 = DIRECTION('',(-0.728779248148,-1.520447586692E-16,-0.684748718486
    ));
#690 = DIRECTION('',(3.347305628252E-18,-1.,2.184820617421E-16));
#691 = ORIENTED_EDGE('',*,*,#52,.T.);
#692 = ORIENTED_EDGE('',*,*,#693,.F.);
#693 = EDGE_CURVE('',#694,#44,#696,.T.);
#694 = VERTEX_POINT('',#695);
#695 = CARTESIAN_POINT('',(-0.5,-2.8125,3.968626966597));
#696 = HYPERBOLA('',#697,2.251281365737E-02,7.20410037036E-02);
#697 = AXIS2_PLACEMENT_3D('',#698,#699,#700);
#698 = CARTESIAN_POINT('',(7.13021896913E-02,-1.5625,1.029096496194E-02)
  );
#699 = DIRECTION('',(-0.989744534719,-3.171878696573E-17,-0.14284871716)
  );
#700 = DIRECTION('',(1.343125400967E-17,-1.,1.289845445001E-16));
#701 = ORIENTED_EDGE('',*,*,#702,.F.);
#702 = EDGE_CURVE('',#521,#694,#703,.T.);
#703 = CIRCLE('',#704,4.);
#704 = AXIS2_PLACEMENT_3D('',#705,#706,#707);
#705 = CARTESIAN_POINT('',(-1.734723475977E-16,-2.8125,4.51028103754E-16
    ));
#706 = DIRECTION('',(0.,-1.,2.22044604925E-16));
#707 = DIRECTION('',(0.,-2.22044604925E-16,-1.));
#708 = ORIENTED_EDGE('',*,*,#709,.T.);
#709 = EDGE_CURVE('',#521,#710,#712,.T.);
#710 = VERTEX_POINT('',#711);
#711 = CARTESIAN_POINT('',(0.,-2.5,3.));
#712 = LINE('',#713,#714);
#713 = CARTESIAN_POINT('',(0.,-5.,11.));
#714 = VECTOR('',#715,1.);
#715 = DIRECTION('',(0.,0.298274993136,-0.954479978035));
#716 = ORIENTED_EDGE('',*,*,#717,.F.);
#717 = EDGE_CURVE('',#710,#710,#718,.T.);
#718 = CIRCLE('',#719,3.);
#719 = AXIS2_PLACEMENT_3D('',#720,#721,#722);
#720 = CARTESIAN_POINT('',(-2.775557561563E-16,-2.5,2.775557561563E-16)
  );
#721 = DIRECTION('',(1.110223024625E-16,1.,-1.110223024625E-16));
#722 = DIRECTION('',(9.251858538543E-17,1.110223024625E-16,1.));
#723 = ORIENTED_EDGE('',*,*,#709,.F.);
#724 = CONICAL_SURFACE('',#725,11.,1.26791145842);
#725 = AXIS2_PLACEMENT_3D('',#726,#727,#728);
#726 = CARTESIAN_POINT('',(-5.551115123126E-16,-5.,5.551115123126E-16));
#727 = DIRECTION('',(-1.110223024625E-16,-1.,1.110223024625E-16));
#728 = DIRECTION('',(5.046468293751E-17,1.110223024625E-16,1.));
#729 = ADVANCED_FACE('',(#730,#733),#744,.T.);
#730 = FACE_BOUND('',#731,.T.);
#731 = EDGE_LOOP('',(#732));
#732 = ORIENTED_EDGE('',*,*,#184,.T.);
#733 = FACE_BOUND('',#734,.T.);
#734 = EDGE_LOOP('',(#735));
#735 = ORIENTED_EDGE('',*,*,#736,.F.);
#736 = EDGE_CURVE('',#737,#737,#739,.T.);
#737 = VERTEX_POINT('',#738);
#738 = CARTESIAN_POINT('',(0.,-1.5,12.));
#739 = CIRCLE('',#740,12.);
#740 = AXIS2_PLACEMENT_3D('',#741,#742,#743);
#741 = CARTESIAN_POINT('',(-1.665334536938E-16,-1.5,1.665334536938E-16)
  );
#742 = DIRECTION('',(1.110223024625E-16,1.,-1.110223024625E-16));
#743 = DIRECTION('',(1.387778780781E-17,1.110223024625E-16,1.));
#744 = PLANE('',#745);
#745 = AXIS2_PLACEMENT_3D('',#746,#747,#748);
#746 = CARTESIAN_POINT('',(-1.665334536938E-16,-1.5,1.665334536938E-16)
  );
#747 = DIRECTION('',(1.110223024625E-16,1.,-1.110223024625E-16));
#748 = DIRECTION('',(1.281026566875E-17,1.110223024625E-16,1.));
#749 = ADVANCED_FACE('',(#750),#778,.F.);
#750 = FACE_BOUND('',#751,.T.);
#751 = EDGE_LOOP('',(#752,#761,#762,#771));
#752 = ORIENTED_EDGE('',*,*,#753,.F.);
#753 = EDGE_CURVE('',#201,#754,#756,.T.);
#754 = VERTEX_POINT('',#755);
#755 = CARTESIAN_POINT('',(7.490738432944,-2.031646619458E-15,
    -2.808707483739));
#756 = HYPERBOLA('',#757,7.20410037036E-02,7.20410037036E-02);
#757 = AXIS2_PLACEMENT_3D('',#758,#759,#760);
#758 = CARTESIAN_POINT('',(2.589917882792E-02,-8.,6.722453979509E-02));
#759 = DIRECTION('',(0.359506079822,2.071993116792E-16,0.93314274287));
#760 = DIRECTION('',(5.942856086877E-17,1.,-2.449402756149E-16));
#761 = ORIENTED_EDGE('',*,*,#200,.T.);
#762 = ORIENTED_EDGE('',*,*,#763,.T.);
#763 = EDGE_CURVE('',#203,#764,#766,.T.);
#764 = VERTEX_POINT('',#765);
#765 = CARTESIAN_POINT('',(4.405133435173,-2.118646059014E-15,
    -6.677933768639));
#766 = HYPERBOLA('',#767,7.20410037036E-02,7.20410037036E-02);
#767 = AXIS2_PLACEMENT_3D('',#768,#769,#770);
#768 = CARTESIAN_POINT('',(-5.977597076832E-02,-8.,-4.020869972191E-02)
  );
#769 = DIRECTION('',(0.829749277429,1.239311556657E-16,0.558136306476));
#770 = DIRECTION('',(-1.683065469202E-17,1.,-1.97023434635E-16));
#771 = ORIENTED_EDGE('',*,*,#772,.F.);
#772 = EDGE_CURVE('',#754,#764,#773,.T.);
#773 = CIRCLE('',#774,8.);
#774 = AXIS2_PLACEMENT_3D('',#775,#776,#777);
#775 = CARTESIAN_POINT('',(-9.860761315263E-32,-8.881784197001E-16,
    9.860761315263E-32));
#776 = DIRECTION('',(1.110223024625E-16,1.,-1.110223024625E-16));
#777 = DIRECTION('',(1.232595164408E-32,1.110223024625E-16,1.));
#778 = CONICAL_SURFACE('',#779,11.,0.785398163397);
#779 = AXIS2_PLACEMENT_3D('',#780,#781,#782);
#780 = CARTESIAN_POINT('',(3.330669073875E-16,3.,-3.330669073875E-16));
#781 = DIRECTION('',(1.110223024625E-16,1.,-1.110223024625E-16));
#782 = DIRECTION('',(-3.02788097625E-17,1.110223024625E-16,1.));
#783 = ADVANCED_FACE('',(#784),#812,.F.);
#784 = FACE_BOUND('',#785,.F.);
#785 = EDGE_LOOP('',(#786,#787,#788,#789,#797,#806));
#786 = ORIENTED_EDGE('',*,*,#589,.T.);
#787 = ORIENTED_EDGE('',*,*,#211,.T.);
#788 = ORIENTED_EDGE('',*,*,#763,.T.);
#789 = ORIENTED_EDGE('',*,*,#790,.F.);
#790 = EDGE_CURVE('',#791,#764,#793,.T.);
#791 = VERTEX_POINT('',#792);
#792 = CARTESIAN_POINT('',(2.730615879065,-3.369911550493E-16,
    -4.188524432421));
#793 = LINE('',#794,#795);
#794 = CARTESIAN_POINT('',(3.009907880616,-1.775270637658E-15,
    -4.603731853601));
#795 = VECTOR('',#796,1.);
#796 = DIRECTION('',(0.558136306476,-1.540862530796E-16,-0.829749277429)
  );
#797 = ORIENTED_EDGE('',*,*,#798,.F.);
#798 = EDGE_CURVE('',#799,#791,#801,.T.);
#799 = VERTEX_POINT('',#800);
#800 = CARTESIAN_POINT('',(2.172407141381,1.,-3.358667475663));
#801 = HYPERBOLA('',#802,7.204100370366E-02,7.20410037036E-02);
#802 = AXIS2_PLACEMENT_3D('',#803,#804,#805);
#803 = CARTESIAN_POINT('',(-5.977597076832E-02,5.000000000003,
    -4.020869972192E-02));
#804 = DIRECTION('',(0.829749277429,1.239311556657E-16,0.558136306476));
#805 = DIRECTION('',(1.683065469202E-17,-1.,1.97023434635E-16));
#806 = ORIENTED_EDGE('',*,*,#807,.F.);
#807 = EDGE_CURVE('',#590,#799,#808,.T.);
#808 = LINE('',#809,#810);
#809 = CARTESIAN_POINT('',(2.172407141381,-5.,-3.358667475663));
#810 = VECTOR('',#811,1.);
#811 = DIRECTION('',(0.,1.,-2.22044604925E-16));
#812 = PLANE('',#813);
#813 = AXIS2_PLACEMENT_3D('',#814,#815,#816);
#814 = CARTESIAN_POINT('',(6.079591732001,-5.,-9.167255007481));
#815 = DIRECTION('',(0.829749277429,1.239311556657E-16,0.558136306476));
#816 = DIRECTION('',(-0.558136306476,1.842413504935E-16,0.829749277429)
  );
#817 = ADVANCED_FACE('',(#818),#854,.T.);
#818 = FACE_BOUND('',#819,.T.);
#819 = EDGE_LOOP('',(#820,#821,#822,#831,#839,#848));
#820 = ORIENTED_EDGE('',*,*,#607,.T.);
#821 = ORIENTED_EDGE('',*,*,#218,.T.);
#822 = ORIENTED_EDGE('',*,*,#823,.T.);
#823 = EDGE_CURVE('',#219,#824,#826,.T.);
#824 = VERTEX_POINT('',#825);
#825 = CARTESIAN_POINT('',(2.474463085501,-2.007522891459E-15,
    -7.607695606325));
#826 = HYPERBOLA('',#827,7.20410037036E-02,7.20410037036E-02);
#827 = AXIS2_PLACEMENT_3D('',#828,#829,#830);
#828 = CARTESIAN_POINT('',(6.870613548195E-02,-8.,2.166502161914E-02));
#829 = DIRECTION('',(0.953708748488,6.677587649816E-17,0.300731812514));
#830 = DIRECTION('',(-2.180155361635E-17,1.,-1.529054864504E-16));
#831 = ORIENTED_EDGE('',*,*,#832,.F.);
#832 = EDGE_CURVE('',#833,#824,#835,.T.);
#833 = VERTEX_POINT('',#834);
#834 = CARTESIAN_POINT('',(1.572209112963,-2.703169922703E-16,
    -4.746383729231));
#835 = LINE('',#836,#837);
#836 = CARTESIAN_POINT('',(1.722695631888,-8.907897260859E-16,
    -5.223620601607));
#837 = VECTOR('',#838,1.);
#838 = DIRECTION('',(0.300731812514,-1.392708793848E-16,-0.953708748488)
  );
#839 = ORIENTED_EDGE('',*,*,#840,.F.);
#840 = EDGE_CURVE('',#841,#833,#843,.T.);
#841 = VERTEX_POINT('',#842);
#842 = CARTESIAN_POINT('',(1.271438273479,1.,-3.792551214781));
#843 = HYPERBOLA('',#844,7.204100370365E-02,7.204100370359E-02);
#844 = AXIS2_PLACEMENT_3D('',#845,#846,#847);
#845 = CARTESIAN_POINT('',(6.870613548194E-02,5.000000000003,
    2.166502161914E-02));
#846 = DIRECTION('',(0.953708748488,6.677587649816E-17,0.300731812514));
#847 = DIRECTION('',(2.180155361635E-17,-1.,1.529054864504E-16));
#848 = ORIENTED_EDGE('',*,*,#849,.F.);
#849 = EDGE_CURVE('',#599,#841,#850,.T.);
#850 = LINE('',#851,#852);
#851 = CARTESIAN_POINT('',(1.271438273479,-5.,-3.792551214781));
#852 = VECTOR('',#853,1.);
#853 = DIRECTION('',(0.,1.,-2.22044604925E-16));
#854 = PLANE('',#855);
#855 = AXIS2_PLACEMENT_3D('',#856,#857,#858);
#856 = CARTESIAN_POINT('',(3.376685128294,-5.,-10.46890622483));
#857 = DIRECTION('',(0.953708748488,6.677587649816E-17,0.300731812514));
#858 = DIRECTION('',(-0.300731812514,2.117658822715E-16,0.953708748488)
  );
#859 = ADVANCED_FACE('',(#860),#880,.F.);
#860 = FACE_BOUND('',#861,.T.);
#861 = EDGE_LOOP('',(#862,#863,#864,#873));
#862 = ORIENTED_EDGE('',*,*,#823,.F.);
#863 = ORIENTED_EDGE('',*,*,#226,.T.);
#864 = ORIENTED_EDGE('',*,*,#865,.T.);
#865 = EDGE_CURVE('',#227,#866,#868,.T.);
#866 = VERTEX_POINT('',#867);
#867 = CARTESIAN_POINT('',(-2.474463085501,-1.458081713237E-15,
    -7.607695606325));
#868 = HYPERBOLA('',#869,7.20410037036E-02,7.20410037036E-02);
#869 = AXIS2_PLACEMENT_3D('',#870,#871,#872);
#870 = CARTESIAN_POINT('',(-6.870613548195E-02,-8.,2.166502161915E-02));
#871 = DIRECTION('',(0.953708748488,-6.677587649816E-17,-0.300731812514)
  );
#872 = DIRECTION('',(4.188318398788E-17,1.,-8.922074884617E-17));
#873 = ORIENTED_EDGE('',*,*,#874,.F.);
#874 = EDGE_CURVE('',#824,#866,#875,.T.);
#875 = CIRCLE('',#876,8.);
#876 = AXIS2_PLACEMENT_3D('',#877,#878,#879);
#877 = CARTESIAN_POINT('',(-9.860761315263E-32,-8.881784197001E-16,
    9.860761315263E-32));
#878 = DIRECTION('',(1.110223024625E-16,1.,-1.110223024625E-16));
#879 = DIRECTION('',(1.232595164408E-32,1.110223024625E-16,1.));
#880 = CONICAL_SURFACE('',#881,11.,0.785398163397);
#881 = AXIS2_PLACEMENT_3D('',#882,#883,#884);
#882 = CARTESIAN_POINT('',(3.330669073875E-16,3.,-3.330669073875E-16));
#883 = DIRECTION('',(1.110223024625E-16,1.,-1.110223024625E-16));
#884 = DIRECTION('',(-3.02788097625E-17,1.110223024625E-16,1.));
#885 = ADVANCED_FACE('',(#886),#914,.F.);
#886 = FACE_BOUND('',#887,.F.);
#887 = EDGE_LOOP('',(#888,#889,#890,#891,#899,#908));
#888 = ORIENTED_EDGE('',*,*,#615,.T.);
#889 = ORIENTED_EDGE('',*,*,#235,.T.);
#890 = ORIENTED_EDGE('',*,*,#865,.T.);
#891 = ORIENTED_EDGE('',*,*,#892,.F.);
#892 = EDGE_CURVE('',#893,#866,#895,.T.);
#893 = VERTEX_POINT('',#894);
#894 = CARTESIAN_POINT('',(-1.572209112963,7.878355907698E-17,
    -4.746383729231));
#895 = LINE('',#896,#897);
#896 = CARTESIAN_POINT('',(-1.722695631888,-8.831618127313E-16,
    -5.223620601607));
#897 = VECTOR('',#898,1.);
#898 = DIRECTION('',(-0.300731812514,-7.249500288665E-17,-0.953708748488
    ));
#899 = ORIENTED_EDGE('',*,*,#900,.F.);
#900 = EDGE_CURVE('',#901,#893,#903,.T.);
#901 = VERTEX_POINT('',#902);
#902 = CARTESIAN_POINT('',(-1.271438273479,1.,-3.792551214781));
#903 = HYPERBOLA('',#904,7.204100370366E-02,7.20410037036E-02);
#904 = AXIS2_PLACEMENT_3D('',#905,#906,#907);
#905 = CARTESIAN_POINT('',(-6.870613548195E-02,5.000000000003,
    2.166502161914E-02));
#906 = DIRECTION('',(0.953708748488,-6.677587649816E-17,-0.300731812514)
  );
#907 = DIRECTION('',(-4.188318398788E-17,-1.,8.922074884617E-17));
#908 = ORIENTED_EDGE('',*,*,#909,.F.);
#909 = EDGE_CURVE('',#616,#901,#910,.T.);
#910 = LINE('',#911,#912);
#911 = CARTESIAN_POINT('',(-1.271438273479,-5.,-3.792551214781));
#912 = VECTOR('',#913,1.);
#913 = DIRECTION('',(0.,1.,-2.22044604925E-16));
#914 = PLANE('',#915);
#915 = AXIS2_PLACEMENT_3D('',#916,#917,#918);
#916 = CARTESIAN_POINT('',(-3.376685128294,-5.,-10.46890622483));
#917 = DIRECTION('',(0.953708748488,-6.677587649816E-17,-0.300731812514)
  );
#918 = DIRECTION('',(0.300731812514,2.117658822715E-16,0.953708748488));
#919 = ADVANCED_FACE('',(#920),#956,.T.);
#920 = FACE_BOUND('',#921,.T.);
#921 = EDGE_LOOP('',(#922,#923,#924,#933,#941,#950));
#922 = ORIENTED_EDGE('',*,*,#633,.T.);
#923 = ORIENTED_EDGE('',*,*,#242,.T.);
#924 = ORIENTED_EDGE('',*,*,#925,.T.);
#925 = EDGE_CURVE('',#243,#926,#928,.T.);
#926 = VERTEX_POINT('',#927);
#927 = CARTESIAN_POINT('',(-4.405133435173,-1.140509945759E-15,
    -6.677933768639));
#928 = HYPERBOLA('',#929,7.20410037036E-02,7.20410037036E-02);
#929 = AXIS2_PLACEMENT_3D('',#930,#931,#932);
#930 = CARTESIAN_POINT('',(5.977597076832E-02,-8.,-4.020869972191E-02));
#931 = DIRECTION('',(0.829749277429,-1.239311556657E-16,-0.558136306476)
  );
#932 = DIRECTION('',(8.60011321725E-17,1.,-9.419164777049E-17));
#933 = ORIENTED_EDGE('',*,*,#934,.F.);
#934 = EDGE_CURVE('',#935,#926,#937,.T.);
#935 = VERTEX_POINT('',#936);
#936 = CARTESIAN_POINT('',(-2.730615879065,2.693273690198E-16,
    -4.188524432421));
#937 = LINE('',#938,#939);
#938 = CARTESIAN_POINT('',(-3.009907880616,-4.496394740145E-16,
    -4.603731853601));
#939 = VECTOR('',#940,1.);
#940 = DIRECTION('',(-0.558136306476,-3.015509741393E-17,-0.829749277429
    ));
#941 = ORIENTED_EDGE('',*,*,#942,.F.);
#942 = EDGE_CURVE('',#943,#935,#945,.T.);
#943 = VERTEX_POINT('',#944);
#944 = CARTESIAN_POINT('',(-2.172407141381,1.,-3.358667475663));
#945 = HYPERBOLA('',#946,7.204100370366E-02,7.20410037036E-02);
#946 = AXIS2_PLACEMENT_3D('',#947,#948,#949);
#947 = CARTESIAN_POINT('',(5.977597076832E-02,5.000000000003,
    -4.020869972192E-02));
#948 = DIRECTION('',(0.829749277429,-1.239311556657E-16,-0.558136306476)
  );
#949 = DIRECTION('',(-8.60011321725E-17,-1.,9.419164777049E-17));
#950 = ORIENTED_EDGE('',*,*,#951,.F.);
#951 = EDGE_CURVE('',#625,#943,#952,.T.);
#952 = LINE('',#953,#954);
#953 = CARTESIAN_POINT('',(-2.172407141381,-5.,-3.358667475663));
#954 = VECTOR('',#955,1.);
#955 = DIRECTION('',(0.,1.,-2.22044604925E-16));
#956 = PLANE('',#957);
#957 = AXIS2_PLACEMENT_3D('',#958,#959,#960);
#958 = CARTESIAN_POINT('',(-6.079591732001,-5.,-9.167255007481));
#959 = DIRECTION('',(0.829749277429,-1.239311556657E-16,-0.558136306476)
  );
#960 = DIRECTION('',(0.558136306476,1.842413504935E-16,0.829749277429));
#961 = ADVANCED_FACE('',(#962),#982,.F.);
#962 = FACE_BOUND('',#963,.T.);
#963 = EDGE_LOOP('',(#964,#965,#966,#975));
#964 = ORIENTED_EDGE('',*,*,#925,.F.);
#965 = ORIENTED_EDGE('',*,*,#250,.T.);
#966 = ORIENTED_EDGE('',*,*,#967,.T.);
#967 = EDGE_CURVE('',#251,#968,#970,.T.);
#968 = VERTEX_POINT('',#969);
#969 = CARTESIAN_POINT('',(-7.490738432944,-3.683685635186E-16,
    -2.808707483739));
#970 = HYPERBOLA('',#971,7.20410037036E-02,7.20410037036E-02);
#971 = AXIS2_PLACEMENT_3D('',#972,#973,#974);
#972 = CARTESIAN_POINT('',(-2.589917882792E-02,-8.,6.722453979509E-02));
#973 = DIRECTION('',(0.359506079822,-2.071993116792E-16,-0.93314274287)
  );
#974 = DIRECTION('',(1.339179731524E-16,1.,-1.704508633313E-16));
#975 = ORIENTED_EDGE('',*,*,#976,.F.);
#976 = EDGE_CURVE('',#926,#968,#977,.T.);
#977 = CIRCLE('',#978,8.);
#978 = AXIS2_PLACEMENT_3D('',#979,#980,#981);
#979 = CARTESIAN_POINT('',(-9.860761315263E-32,-8.881784197001E-16,
    9.860761315263E-32));
#980 = DIRECTION('',(1.110223024625E-16,1.,-1.110223024625E-16));
#981 = DIRECTION('',(1.232595164408E-32,1.110223024625E-16,1.));
#982 = CONICAL_SURFACE('',#983,11.,0.785398163397);
#983 = AXIS2_PLACEMENT_3D('',#984,#985,#986);
#984 = CARTESIAN_POINT('',(3.330669073875E-16,3.,-3.330669073875E-16));
#985 = DIRECTION('',(1.110223024625E-16,1.,-1.110223024625E-16));
#986 = DIRECTION('',(-3.02788097625E-17,1.110223024625E-16,1.));
#987 = ADVANCED_FACE('',(#988),#1016,.F.);
#988 = FACE_BOUND('',#989,.F.);
#989 = EDGE_LOOP('',(#990,#991,#992,#993,#1001,#1010));
#990 = ORIENTED_EDGE('',*,*,#641,.T.);
#991 = ORIENTED_EDGE('',*,*,#259,.T.);
#992 = ORIENTED_EDGE('',*,*,#967,.T.);
#993 = ORIENTED_EDGE('',*,*,#994,.F.);
#994 = EDGE_CURVE('',#995,#968,#997,.T.);
#995 = VERTEX_POINT('',#996);
#996 = CARTESIAN_POINT('',(-4.691128575708,7.599258041984E-16,
    -1.730119269346));
#997 = LINE('',#998,#999);
#998 = CARTESIAN_POINT('',(-5.158074196994,-8.830090148724E-16,
    -1.910016494161));
#999 = VECTOR('',#1000,1.);
#1000 = DIRECTION('',(-0.93314274287,6.368646310851E-17,-0.359506079822)
  );
#1001 = ORIENTED_EDGE('',*,*,#1002,.F.);
#1002 = EDGE_CURVE('',#1003,#995,#1005,.T.);
#1003 = VERTEX_POINT('',#1004);
#1004 = CARTESIAN_POINT('',(-3.757864735795,1.,-1.370566535222));
#1005 = HYPERBOLA('',#1006,7.204100370366E-02,7.20410037036E-02);
#1006 = AXIS2_PLACEMENT_3D('',#1007,#1008,#1009);
#1007 = CARTESIAN_POINT('',(-2.589917882792E-02,5.000000000003,
    6.722453979509E-02));
#1008 = DIRECTION('',(0.359506079822,-2.071993116792E-16,-0.93314274287)
  );
#1009 = DIRECTION('',(-1.339179731524E-16,-1.,1.704508633313E-16));
#1010 = ORIENTED_EDGE('',*,*,#1011,.F.);
#1011 = EDGE_CURVE('',#642,#1003,#1012,.T.);
#1012 = LINE('',#1013,#1014);
#1013 = CARTESIAN_POINT('',(-3.757864735795,-5.,-1.370566535222));
#1014 = VECTOR('',#1015,1.);
#1015 = DIRECTION('',(0.,1.,-2.22044604925E-16));
#1016 = PLANE('',#1017);
#1017 = AXIS2_PLACEMENT_3D('',#1018,#1019,#1020);
#1018 = CARTESIAN_POINT('',(-10.29024921516,-5.,-3.887257528117));
#1019 = DIRECTION('',(0.359506079822,-2.071993116792E-16,-0.93314274287)
  );
#1020 = DIRECTION('',(0.93314274287,7.982638546222E-17,0.359506079822));
#1021 = ADVANCED_FACE('',(#1022),#1058,.T.);
#1022 = FACE_BOUND('',#1023,.T.);
#1023 = EDGE_LOOP('',(#1024,#1025,#1026,#1035,#1043,#1052));
#1024 = ORIENTED_EDGE('',*,*,#659,.T.);
#1025 = ORIENTED_EDGE('',*,*,#266,.T.);
#1026 = ORIENTED_EDGE('',*,*,#1027,.T.);
#1027 = EDGE_CURVE('',#267,#1028,#1030,.T.);
#1028 = VERTEX_POINT('',#1029);
#1029 = CARTESIAN_POINT('',(-7.967574630815,-8.348621431162E-17,
    -0.719551598144));
#1030 = HYPERBOLA('',#1031,7.20410037036E-02,7.20410037036E-02);
#1031 = AXIS2_PLACEMENT_3D('',#1032,#1033,#1034);
#1032 = CARTESIAN_POINT('',(5.833280858554E-03,-8.,-7.180445006437E-02)
  );
#1033 = DIRECTION('',(8.097167666562E-02,-2.213154998784E-16,
    -0.996716402784));
#1034 = DIRECTION('',(1.192545380081E-16,1.,-2.123565533734E-16));
#1035 = ORIENTED_EDGE('',*,*,#1036,.F.);
#1036 = EDGE_CURVE('',#1037,#1028,#1039,.T.);
#1037 = VERTEX_POINT('',#1038);
#1038 = CARTESIAN_POINT('',(-4.977231419744,9.308558860328E-16,
    -0.47662080767));
#1039 = LINE('',#1040,#1041);
#1040 = CARTESIAN_POINT('',(-5.475989368085,-4.309759822514E-18,
    -0.517139120818));
#1041 = VECTOR('',#1042,1.);
#1042 = DIRECTION('',(-0.996716402784,1.016680879615E-16,
    -8.097167666562E-02));
#1043 = ORIENTED_EDGE('',*,*,#1044,.F.);
#1044 = EDGE_CURVE('',#1045,#1037,#1047,.T.);
#1045 = VERTEX_POINT('',#1046);
#1046 = CARTESIAN_POINT('',(-3.980385669751,1.,-0.395638623041));
#1047 = HYPERBOLA('',#1048,7.204100370366E-02,7.20410037036E-02);
#1048 = AXIS2_PLACEMENT_3D('',#1049,#1050,#1051);
#1049 = CARTESIAN_POINT('',(5.833280858555E-03,5.000000000003,
    -7.180445006437E-02));
#1050 = DIRECTION('',(8.097167666562E-02,-2.213154998784E-16,
    -0.996716402784));
#1051 = DIRECTION('',(-1.192545380081E-16,-1.,2.123565533734E-16));
#1052 = ORIENTED_EDGE('',*,*,#1053,.F.);
#1053 = EDGE_CURVE('',#651,#1045,#1054,.T.);
#1054 = LINE('',#1055,#1056);
#1055 = CARTESIAN_POINT('',(-3.980385669751,-5.,-0.39563862304));
#1056 = VECTOR('',#1057,1.);
#1057 = DIRECTION('',(0.,1.,-2.22044604925E-16));
#1058 = PLANE('',#1059);
#1059 = AXIS2_PLACEMENT_3D('',#1060,#1061,#1062);
#1060 = CARTESIAN_POINT('',(-10.95781201702,-5.,-0.962473791572));
#1061 = DIRECTION('',(8.097167666562E-02,-2.213154998784E-16,
    -0.996716402784));
#1062 = DIRECTION('',(0.996716402784,1.797932395534E-17,
    8.097167666562E-02));
#1063 = ADVANCED_FACE('',(#1064),#1084,.F.);
#1064 = FACE_BOUND('',#1065,.T.);
#1065 = EDGE_LOOP('',(#1066,#1067,#1068,#1077));
#1066 = ORIENTED_EDGE('',*,*,#1027,.F.);
#1067 = ORIENTED_EDGE('',*,*,#274,.T.);
#1068 = ORIENTED_EDGE('',*,*,#1069,.T.);
#1069 = EDGE_CURVE('',#275,#1070,#1072,.T.);
#1070 = VERTEX_POINT('',#1071);
#1071 = CARTESIAN_POINT('',(-6.866334957163,3.299171623068E-16,
    4.105294661293));
#1072 = HYPERBOLA('',#1073,7.20410037036E-02,7.20410037036E-02);
#1073 = AXIS2_PLACEMENT_3D('',#1074,#1075,#1076);
#1074 = CARTESIAN_POINT('',(3.64103877305E-02,-8.,6.216260837462E-02));
#1075 = DIRECTION('',(-0.505411999537,-1.915974390701E-16,
    -0.862878155201));
#1076 = DIRECTION('',(3.424479998976E-17,1.,-2.421027472389E-16));
#1077 = ORIENTED_EDGE('',*,*,#1078,.F.);
#1078 = EDGE_CURVE('',#1028,#1070,#1079,.T.);
#1079 = CIRCLE('',#1080,8.);
#1080 = AXIS2_PLACEMENT_3D('',#1081,#1082,#1083);
#1081 = CARTESIAN_POINT('',(-9.860761315263E-32,-8.881784197001E-16,
    9.860761315263E-32));
#1082 = DIRECTION('',(1.110223024625E-16,1.,-1.110223024625E-16));
#1083 = DIRECTION('',(1.232595164408E-32,1.110223024625E-16,1.));
#1084 = CONICAL_SURFACE('',#1085,11.,0.785398163397);
#1085 = AXIS2_PLACEMENT_3D('',#1086,#1087,#1088);
#1086 = CARTESIAN_POINT('',(3.330669073875E-16,3.,-3.330669073875E-16));
#1087 = DIRECTION('',(1.110223024625E-16,1.,-1.110223024625E-16));
#1088 = DIRECTION('',(-3.02788097625E-17,1.110223024625E-16,1.));
#1089 = ADVANCED_FACE('',(#1090),#1118,.F.);
#1090 = FACE_BOUND('',#1091,.F.);
#1091 = EDGE_LOOP('',(#1092,#1093,#1094,#1095,#1103,#1112));
#1092 = ORIENTED_EDGE('',*,*,#667,.T.);
#1093 = ORIENTED_EDGE('',*,*,#283,.T.);
#1094 = ORIENTED_EDGE('',*,*,#1069,.T.);
#1095 = ORIENTED_EDGE('',*,*,#1096,.F.);
#1096 = EDGE_CURVE('',#1097,#1070,#1099,.T.);
#1097 = VERTEX_POINT('',#1098);
#1098 = CARTESIAN_POINT('',(-4.277532539362,1.193521576969E-15,
    2.588960288357));
#1099 = LINE('',#1100,#1101);
#1100 = CARTESIAN_POINT('',(-4.709317686225,4.455187452648E-16,
    2.841868990624));
#1101 = VECTOR('',#1102,1.);
#1102 = DIRECTION('',(-0.862878155201,1.519107234159E-16,0.505411999537)
  );
#1103 = ORIENTED_EDGE('',*,*,#1104,.F.);
#1104 = EDGE_CURVE('',#1105,#1097,#1107,.T.);
#1105 = VERTEX_POINT('',#1106);
#1106 = CARTESIAN_POINT('',(-3.414542405586,1.,2.083482699821));
#1107 = HYPERBOLA('',#1108,7.204100370365E-02,7.20410037036E-02);
#1108 = AXIS2_PLACEMENT_3D('',#1109,#1110,#1111);
#1109 = CARTESIAN_POINT('',(3.64103877305E-02,5.000000000003,
    6.216260837462E-02));
#1110 = DIRECTION('',(-0.505411999537,-1.915974390701E-16,
    -0.862878155201));
#1111 = DIRECTION('',(-3.424479998976E-17,-1.,2.421027472389E-16));
#1112 = ORIENTED_EDGE('',*,*,#1113,.F.);
#1113 = EDGE_CURVE('',#668,#1105,#1114,.T.);
#1114 = LINE('',#1115,#1116);
#1115 = CARTESIAN_POINT('',(-3.414542405586,-5.,2.083482699821));
#1116 = VECTOR('',#1117,1.);
#1117 = DIRECTION('',(0.,1.,-2.22044604925E-16));
#1118 = PLANE('',#1119);
#1119 = AXIS2_PLACEMENT_3D('',#1120,#1121,#1122);
#1120 = CARTESIAN_POINT('',(-9.45504576018,-5.,5.621575372874));
#1121 = DIRECTION('',(-0.505411999537,-1.915974390701E-16,
    -0.862878155201));
#1122 = DIRECTION('',(0.862878155201,-1.122240077616E-16,-0.505411999537
    ));
#1123 = ADVANCED_FACE('',(#1124),#1160,.T.);
#1124 = FACE_BOUND('',#1125,.T.);
#1125 = EDGE_LOOP('',(#1126,#1127,#1128,#1137,#1145,#1154));
#1126 = ORIENTED_EDGE('',*,*,#685,.T.);
#1127 = ORIENTED_EDGE('',*,*,#290,.T.);
#1128 = ORIENTED_EDGE('',*,*,#1129,.T.);
#1129 = EDGE_CURVE('',#291,#1130,#1132,.T.);
#1130 = VERTEX_POINT('',#1131);
#1131 = CARTESIAN_POINT('',(-5.530269620551,3.675878737488E-16,
    5.780667601931));
#1132 = HYPERBOLA('',#1133,7.20410037036E-02,7.20410037036E-02);
#1133 = AXIS2_PLACEMENT_3D('',#1134,#1135,#1136);
#1134 = CARTESIAN_POINT('',(-5.250198851494E-02,-8.,-4.932998496451E-02)
  );
#1135 = DIRECTION('',(-0.728779248148,-1.520447586692E-16,
    -0.684748718486));
#1136 = DIRECTION('',(-3.347305628252E-18,1.,-2.184820617421E-16));
#1137 = ORIENTED_EDGE('',*,*,#1138,.F.);
#1138 = EDGE_CURVE('',#1139,#1130,#1141,.T.);
#1139 = VERTEX_POINT('',#1140);
#1140 = CARTESIAN_POINT('',(-3.475890184337,1.216124092735E-15,
    3.594188006549));
#1141 = LINE('',#1142,#1143);
#1142 = CARTESIAN_POINT('',(-3.818539171559,1.760815687944E-19,
    3.958869917657));
#1143 = VECTOR('',#1144,1.);
#1144 = DIRECTION('',(-0.684748718486,1.569331294509E-16,0.728779248148)
  );
#1145 = ORIENTED_EDGE('',*,*,#1146,.F.);
#1146 = EDGE_CURVE('',#1147,#1139,#1149,.T.);
#1147 = VERTEX_POINT('',#1148);
#1148 = CARTESIAN_POINT('',(-2.791052603728,1.,2.865314182289));
#1149 = HYPERBOLA('',#1150,7.204100370366E-02,7.20410037036E-02);
#1150 = AXIS2_PLACEMENT_3D('',#1151,#1152,#1153);
#1151 = CARTESIAN_POINT('',(-5.250198851494E-02,5.000000000003,
    -4.932998496451E-02));
#1152 = DIRECTION('',(-0.728779248148,-1.520447586692E-16,
    -0.684748718486));
#1153 = DIRECTION('',(3.347305628252E-18,-1.,2.184820617421E-16));
#1154 = ORIENTED_EDGE('',*,*,#1155,.F.);
#1155 = EDGE_CURVE('',#677,#1147,#1156,.T.);
#1156 = LINE('',#1157,#1158);
#1157 = CARTESIAN_POINT('',(-2.791052603728,-5.,2.865314182289));
#1158 = VECTOR('',#1159,1.);
#1159 = DIRECTION('',(0.,1.,-2.22044604925E-16));
#1160 = PLANE('',#1161);
#1161 = AXIS2_PLACEMENT_3D('',#1162,#1163,#1164);
#1162 = CARTESIAN_POINT('',(-7.584576354604,-5.,7.967069820278));
#1163 = DIRECTION('',(-0.728779248148,-1.520447586692E-16,
    -0.684748718486));
#1164 = DIRECTION('',(0.684748718486,-1.618215002326E-16,-0.728779248148
    ));
#1165 = ADVANCED_FACE('',(#1166),#1186,.F.);
#1166 = FACE_BOUND('',#1167,.T.);
#1167 = EDGE_LOOP('',(#1168,#1169,#1170,#1179));
#1168 = ORIENTED_EDGE('',*,*,#1129,.F.);
#1169 = ORIENTED_EDGE('',*,*,#298,.T.);
#1170 = ORIENTED_EDGE('',*,*,#1171,.T.);
#1171 = EDGE_CURVE('',#299,#1172,#1174,.T.);
#1172 = VERTEX_POINT('',#1173);
#1173 = CARTESIAN_POINT('',(-1.07144121093,1.109520702594E-16,
    7.927926193622));
#1174 = HYPERBOLA('',#1175,7.20410037036E-02,7.20410037036E-02);
#1175 = AXIS2_PLACEMENT_3D('',#1176,#1177,#1178);
#1176 = CARTESIAN_POINT('',(7.13021896913E-02,-8.,1.029096496194E-02));
#1177 = DIRECTION('',(-0.989744534719,-3.171878696573E-17,-0.14284871716
    ));
#1178 = DIRECTION('',(-1.343125400967E-17,1.,-1.289845445001E-16));
#1179 = ORIENTED_EDGE('',*,*,#1180,.F.);
#1180 = EDGE_CURVE('',#1130,#1172,#1181,.T.);
#1181 = CIRCLE('',#1182,8.);
#1182 = AXIS2_PLACEMENT_3D('',#1183,#1184,#1185);
#1183 = CARTESIAN_POINT('',(-9.860761315263E-32,-8.881784197001E-16,
    9.860761315263E-32));
#1184 = DIRECTION('',(1.110223024625E-16,1.,-1.110223024625E-16));
#1185 = DIRECTION('',(1.232595164408E-32,1.110223024625E-16,1.));
#1186 = CONICAL_SURFACE('',#1187,11.,0.785398163397);
#1187 = AXIS2_PLACEMENT_3D('',#1188,#1189,#1190);
#1188 = CARTESIAN_POINT('',(3.330669073875E-16,3.,-3.330669073875E-16));
#1189 = DIRECTION('',(1.110223024625E-16,1.,-1.110223024625E-16));
#1190 = DIRECTION('',(-3.02788097625E-17,1.110223024625E-16,1.));
#1191 = ADVANCED_FACE('',(#1192),#1220,.F.);
#1192 = FACE_BOUND('',#1193,.F.);
#1193 = EDGE_LOOP('',(#1194,#1195,#1196,#1197,#1205,#1214));
#1194 = ORIENTED_EDGE('',*,*,#693,.T.);
#1195 = ORIENTED_EDGE('',*,*,#307,.T.);
#1196 = ORIENTED_EDGE('',*,*,#1171,.T.);
#1197 = ORIENTED_EDGE('',*,*,#1198,.F.);
#1198 = EDGE_CURVE('',#1199,#1172,#1201,.T.);
#1199 = VERTEX_POINT('',#1200);
#1200 = CARTESIAN_POINT('',(-0.642867255114,1.05306441675E-15,
    4.958499943763));
#1201 = LINE('',#1202,#1203);
#1202 = CARTESIAN_POINT('',(-0.714348905154,-3.386803322755E-18,
    5.453769161907));
#1203 = VECTOR('',#1204,1.);
#1204 = DIRECTION('',(-0.14284871716,1.25743110577E-16,0.989744534719));
#1205 = ORIENTED_EDGE('',*,*,#1206,.F.);
#1206 = EDGE_CURVE('',#1207,#1199,#1209,.T.);
#1207 = VERTEX_POINT('',#1208);
#1208 = CARTESIAN_POINT('',(-0.5,1.,3.968626966597));
#1209 = HYPERBOLA('',#1210,7.204100370365E-02,7.20410037036E-02);
#1210 = AXIS2_PLACEMENT_3D('',#1211,#1212,#1213);
#1211 = CARTESIAN_POINT('',(7.13021896913E-02,5.000000000003,
    1.029096496194E-02));
#1212 = DIRECTION('',(-0.989744534719,-3.171878696573E-17,-0.14284871716
    ));
#1213 = DIRECTION('',(1.343125400967E-17,-1.,1.289845445001E-16));
#1214 = ORIENTED_EDGE('',*,*,#1215,.F.);
#1215 = EDGE_CURVE('',#694,#1207,#1216,.T.);
#1216 = LINE('',#1217,#1218);
#1217 = CARTESIAN_POINT('',(-0.5,-5.,3.968626966597));
#1218 = VECTOR('',#1219,1.);
#1219 = DIRECTION('',(0.,1.,-2.22044604925E-16));
#1220 = PLANE('',#1221);
#1221 = AXIS2_PLACEMENT_3D('',#1222,#1223,#1224);
#1222 = CARTESIAN_POINT('',(-1.5,-5.,10.897247358852));
#1223 = DIRECTION('',(-0.989744534719,-3.171878696573E-17,-0.14284871716
    ));
#1224 = DIRECTION('',(0.14284871716,-2.197674341884E-16,-0.989744534719)
  );
#1225 = ADVANCED_FACE('',(#1226),#1262,.T.);
#1226 = FACE_BOUND('',#1227,.T.);
#1227 = EDGE_LOOP('',(#1228,#1229,#1230,#1239,#1247,#1256));
#1228 = ORIENTED_EDGE('',*,*,#529,.T.);
#1229 = ORIENTED_EDGE('',*,*,#315,.T.);
#1230 = ORIENTED_EDGE('',*,*,#1231,.T.);
#1231 = EDGE_CURVE('',#316,#1232,#1234,.T.);
#1232 = VERTEX_POINT('',#1233);
#1233 = CARTESIAN_POINT('',(1.07144121093,-1.26955670122E-16,
    7.927926193622));
#1234 = HYPERBOLA('',#1235,7.20410037036E-02,7.20410037036E-02);
#1235 = AXIS2_PLACEMENT_3D('',#1236,#1237,#1238);
#1236 = CARTESIAN_POINT('',(-7.13021896913E-02,-8.,1.029096496194E-02));
#1237 = DIRECTION('',(-0.989744534719,3.171878696573E-17,0.14284871716)
  );
#1238 = DIRECTION('',(1.796224203758E-17,1.,-9.759104845285E-17));
#1239 = ORIENTED_EDGE('',*,*,#1240,.F.);
#1240 = EDGE_CURVE('',#1241,#1232,#1243,.T.);
#1241 = VERTEX_POINT('',#1242);
#1242 = CARTESIAN_POINT('',(0.642867255114,9.103192110695E-16,
    4.958499943763));
#1243 = LINE('',#1244,#1245);
#1244 = CARTESIAN_POINT('',(0.714348905154,4.529329947391E-18,
    5.453769161907));
#1245 = VECTOR('',#1246,1.);
#1246 = DIRECTION('',(0.14284871716,9.402432361131E-17,0.989744534719));
#1247 = ORIENTED_EDGE('',*,*,#1248,.F.);
#1248 = EDGE_CURVE('',#1249,#1241,#1251,.T.);
#1249 = VERTEX_POINT('',#1250);
#1250 = CARTESIAN_POINT('',(0.5,1.,3.968626966597));
#1251 = HYPERBOLA('',#1252,7.204100370366E-02,7.20410037036E-02);
#1252 = AXIS2_PLACEMENT_3D('',#1253,#1254,#1255);
#1253 = CARTESIAN_POINT('',(-7.13021896913E-02,5.000000000003,
    1.029096496194E-02));
#1254 = DIRECTION('',(-0.989744534719,3.171878696573E-17,0.14284871716)
  );
#1255 = DIRECTION('',(-1.796224203758E-17,-1.,9.759104845285E-17));
#1256 = ORIENTED_EDGE('',*,*,#1257,.F.);
#1257 = EDGE_CURVE('',#519,#1249,#1258,.T.);
#1258 = LINE('',#1259,#1260);
#1259 = CARTESIAN_POINT('',(0.5,-5.,3.968626966597));
#1260 = VECTOR('',#1261,1.);
#1261 = DIRECTION('',(0.,1.,-2.22044604925E-16));
#1262 = PLANE('',#1263);
#1263 = AXIS2_PLACEMENT_3D('',#1264,#1265,#1266);
#1264 = CARTESIAN_POINT('',(1.5,-5.,10.897247358852));
#1265 = DIRECTION('',(-0.989744534719,3.171878696573E-17,0.14284871716)
  );
#1266 = DIRECTION('',(-0.14284871716,-2.197674341884E-16,-0.989744534719
    ));
#1267 = ADVANCED_FACE('',(#1268),#1288,.F.);
#1268 = FACE_BOUND('',#1269,.T.);
#1269 = EDGE_LOOP('',(#1270,#1271,#1272,#1281));
#1270 = ORIENTED_EDGE('',*,*,#1231,.F.);
#1271 = ORIENTED_EDGE('',*,*,#323,.T.);
#1272 = ORIENTED_EDGE('',*,*,#1273,.T.);
#1273 = EDGE_CURVE('',#324,#1274,#1276,.T.);
#1274 = VERTEX_POINT('',#1275);
#1275 = CARTESIAN_POINT('',(5.530269620551,-8.603786592753E-16,
    5.780667601931));
#1276 = HYPERBOLA('',#1277,7.20410037036E-02,7.20410037036E-02);
#1277 = AXIS2_PLACEMENT_3D('',#1278,#1279,#1280);
#1278 = CARTESIAN_POINT('',(5.250198851494E-02,-8.,-4.932998496451E-02)
  );
#1279 = DIRECTION('',(-0.728779248148,1.520447586692E-16,0.684748718486)
  );
#1280 = DIRECTION('',(1.074597592796E-16,1.,-1.076749968343E-16));
#1281 = ORIENTED_EDGE('',*,*,#1282,.F.);
#1282 = EDGE_CURVE('',#1232,#1274,#1283,.T.);
#1283 = CIRCLE('',#1284,8.);
#1284 = AXIS2_PLACEMENT_3D('',#1285,#1286,#1287);
#1285 = CARTESIAN_POINT('',(-9.860761315263E-32,-8.881784197001E-16,
    9.860761315263E-32));
#1286 = DIRECTION('',(1.110223024625E-16,1.,-1.110223024625E-16));
#1287 = DIRECTION('',(1.232595164408E-32,1.110223024625E-16,1.));
#1288 = CONICAL_SURFACE('',#1289,11.,0.785398163397);
#1289 = AXIS2_PLACEMENT_3D('',#1290,#1291,#1292);
#1290 = CARTESIAN_POINT('',(3.330669073875E-16,3.,-3.330669073875E-16));
#1291 = DIRECTION('',(1.110223024625E-16,1.,-1.110223024625E-16));
#1292 = DIRECTION('',(-3.02788097625E-17,1.110223024625E-16,1.));
#1293 = ADVANCED_FACE('',(#1294),#1322,.F.);
#1294 = FACE_BOUND('',#1295,.F.);
#1295 = EDGE_LOOP('',(#1296,#1297,#1298,#1299,#1307,#1316));
#1296 = ORIENTED_EDGE('',*,*,#537,.T.);
#1297 = ORIENTED_EDGE('',*,*,#332,.T.);
#1298 = ORIENTED_EDGE('',*,*,#1273,.T.);
#1299 = ORIENTED_EDGE('',*,*,#1300,.F.);
#1300 = EDGE_CURVE('',#1301,#1274,#1303,.T.);
#1301 = VERTEX_POINT('',#1302);
#1302 = CARTESIAN_POINT('',(3.475890184337,4.443214299914E-16,
    3.594188006549));
#1303 = LINE('',#1304,#1305);
#1304 = CARTESIAN_POINT('',(3.818539171559,-8.938312297801E-16,
    3.958869917657));
#1305 = VECTOR('',#1306,1.);
#1306 = DIRECTION('',(0.684748718486,4.888370781696E-18,0.728779248148)
  );
#1307 = ORIENTED_EDGE('',*,*,#1308,.F.);
#1308 = EDGE_CURVE('',#1309,#1301,#1311,.T.);
#1309 = VERTEX_POINT('',#1310);
#1310 = CARTESIAN_POINT('',(2.791052603728,1.,2.865314182289));
#1311 = HYPERBOLA('',#1312,7.204100370366E-02,7.20410037036E-02);
#1312 = AXIS2_PLACEMENT_3D('',#1313,#1314,#1315);
#1313 = CARTESIAN_POINT('',(5.250198851494E-02,5.000000000003,
    -4.932998496451E-02));
#1314 = DIRECTION('',(-0.728779248148,1.520447586692E-16,0.684748718486)
  );
#1315 = DIRECTION('',(-1.074597592796E-16,-1.,1.076749968343E-16));
#1316 = ORIENTED_EDGE('',*,*,#1317,.F.);
#1317 = EDGE_CURVE('',#538,#1309,#1318,.T.);
#1318 = LINE('',#1319,#1320);
#1319 = CARTESIAN_POINT('',(2.791052603728,-5.,2.865314182289));
#1320 = VECTOR('',#1321,1.);
#1321 = DIRECTION('',(0.,1.,-2.22044604925E-16));
#1322 = PLANE('',#1323);
#1323 = AXIS2_PLACEMENT_3D('',#1324,#1325,#1326);
#1324 = CARTESIAN_POINT('',(7.584576354604,-5.,7.967069820278));
#1325 = DIRECTION('',(-0.728779248148,1.520447586692E-16,0.684748718486)
  );
#1326 = DIRECTION('',(-0.684748718486,-1.618215002326E-16,
    -0.728779248148));
#1327 = ADVANCED_FACE('',(#1328),#1364,.T.);
#1328 = FACE_BOUND('',#1329,.T.);
#1329 = EDGE_LOOP('',(#1330,#1331,#1332,#1341,#1349,#1358));
#1330 = ORIENTED_EDGE('',*,*,#555,.T.);
#1331 = ORIENTED_EDGE('',*,*,#339,.T.);
#1332 = ORIENTED_EDGE('',*,*,#1333,.T.);
#1333 = EDGE_CURVE('',#340,#1334,#1336,.T.);
#1334 = VERTEX_POINT('',#1335);
#1335 = CARTESIAN_POINT('',(6.866334957163,-1.194715470539E-15,
    4.105294661293));
#1336 = HYPERBOLA('',#1337,7.20410037036E-02,7.20410037036E-02);
#1337 = AXIS2_PLACEMENT_3D('',#1338,#1339,#1340);
#1338 = CARTESIAN_POINT('',(-3.64103877305E-02,-8.,6.216260837462E-02));
#1339 = DIRECTION('',(-0.505411999537,1.915974390701E-16,0.862878155201)
  );
#1340 = DIRECTION('',(1.310804447764E-16,1.,-1.452671024523E-16));
#1341 = ORIENTED_EDGE('',*,*,#1342,.F.);
#1342 = EDGE_CURVE('',#1343,#1334,#1345,.T.);
#1343 = VERTEX_POINT('',#1344);
#1344 = CARTESIAN_POINT('',(4.277532539362,2.437185542123E-16,
    2.588960288357));
#1345 = LINE('',#1346,#1347);
#1346 = CARTESIAN_POINT('',(4.709317686225,-8.82706519206E-16,
    2.841868990624));
#1347 = VECTOR('',#1348,1.);
#1348 = DIRECTION('',(0.862878155201,-3.968671565427E-17,0.505411999537)
  );
#1349 = ORIENTED_EDGE('',*,*,#1350,.F.);
#1350 = EDGE_CURVE('',#1351,#1343,#1353,.T.);
#1351 = VERTEX_POINT('',#1352);
#1352 = CARTESIAN_POINT('',(3.414542405586,1.,2.083482699821));
#1353 = HYPERBOLA('',#1354,7.204100370366E-02,7.20410037036E-02);
#1354 = AXIS2_PLACEMENT_3D('',#1355,#1356,#1357);
#1355 = CARTESIAN_POINT('',(-3.64103877305E-02,5.000000000003,
    6.216260837462E-02));
#1356 = DIRECTION('',(-0.505411999537,1.915974390701E-16,0.862878155201)
  );
#1357 = DIRECTION('',(-1.310804447764E-16,-1.,1.452671024523E-16));
#1358 = ORIENTED_EDGE('',*,*,#1359,.F.);
#1359 = EDGE_CURVE('',#547,#1351,#1360,.T.);
#1360 = LINE('',#1361,#1362);
#1361 = CARTESIAN_POINT('',(3.414542405586,-5.,2.083482699821));
#1362 = VECTOR('',#1363,1.);
#1363 = DIRECTION('',(0.,1.,-2.22044604925E-16));
#1364 = PLANE('',#1365);
#1365 = AXIS2_PLACEMENT_3D('',#1366,#1367,#1368);
#1366 = CARTESIAN_POINT('',(9.45504576018,-5.,5.621575372874));
#1367 = DIRECTION('',(-0.505411999537,1.915974390701E-16,0.862878155201)
  );
#1368 = DIRECTION('',(-0.862878155201,-1.122240077616E-16,
    -0.505411999537));
#1369 = ADVANCED_FACE('',(#1370),#1390,.F.);
#1370 = FACE_BOUND('',#1371,.T.);
#1371 = EDGE_LOOP('',(#1372,#1373,#1374,#1383));
#1372 = ORIENTED_EDGE('',*,*,#1333,.F.);
#1373 = ORIENTED_EDGE('',*,*,#347,.T.);
#1374 = ORIENTED_EDGE('',*,*,#1375,.T.);
#1375 = EDGE_CURVE('',#348,#1376,#1378,.T.);
#1376 = VERTEX_POINT('',#1377);
#1377 = CARTESIAN_POINT('',(7.967574630815,-1.852643175422E-15,
    -0.719551598144));
#1378 = HYPERBOLA('',#1379,7.20410037036E-02,7.20410037036E-02);
#1379 = AXIS2_PLACEMENT_3D('',#1380,#1381,#1382);
#1380 = CARTESIAN_POINT('',(-5.833280858555E-03,-8.,-7.180445006437E-02)
  );
#1381 = DIRECTION('',(8.097167666562E-02,2.213154998784E-16,
    0.996716402784));
#1382 = DIRECTION('',(1.013342509109E-16,1.,-2.302768404707E-16));
#1383 = ORIENTED_EDGE('',*,*,#1384,.F.);
#1384 = EDGE_CURVE('',#1334,#1376,#1385,.T.);
#1385 = CIRCLE('',#1386,8.);
#1386 = AXIS2_PLACEMENT_3D('',#1387,#1388,#1389);
#1387 = CARTESIAN_POINT('',(-9.860761315263E-32,-8.881784197001E-16,
    9.860761315263E-32));
#1388 = DIRECTION('',(1.110223024625E-16,1.,-1.110223024625E-16));
#1389 = DIRECTION('',(1.232595164408E-32,1.110223024625E-16,1.));
#1390 = CONICAL_SURFACE('',#1391,11.,0.785398163397);
#1391 = AXIS2_PLACEMENT_3D('',#1392,#1393,#1394);
#1392 = CARTESIAN_POINT('',(3.330669073875E-16,3.,-3.330669073875E-16));
#1393 = DIRECTION('',(1.110223024625E-16,1.,-1.110223024625E-16));
#1394 = DIRECTION('',(-3.02788097625E-17,1.110223024625E-16,1.));
#1395 = ADVANCED_FACE('',(#1396,#1413),#1424,.F.);
#1396 = FACE_BOUND('',#1397,.F.);
#1397 = EDGE_LOOP('',(#1398,#1399,#1400,#1401,#1402,#1403,#1404,#1405,
    #1406,#1407,#1408,#1409,#1410,#1411,#1412));
#1398 = ORIENTED_EDGE('',*,*,#390,.T.);
#1399 = ORIENTED_EDGE('',*,*,#381,.T.);
#1400 = ORIENTED_EDGE('',*,*,#372,.T.);
#1401 = ORIENTED_EDGE('',*,*,#363,.T.);
#1402 = ORIENTED_EDGE('',*,*,#489,.T.);
#1403 = ORIENTED_EDGE('',*,*,#480,.T.);
#1404 = ORIENTED_EDGE('',*,*,#471,.T.);
#1405 = ORIENTED_EDGE('',*,*,#462,.T.);
#1406 = ORIENTED_EDGE('',*,*,#453,.T.);
#1407 = ORIENTED_EDGE('',*,*,#444,.T.);
#1408 = ORIENTED_EDGE('',*,*,#435,.T.);
#1409 = ORIENTED_EDGE('',*,*,#426,.T.);
#1410 = ORIENTED_EDGE('',*,*,#417,.T.);
#1411 = ORIENTED_EDGE('',*,*,#408,.T.);
#1412 = ORIENTED_EDGE('',*,*,#399,.T.);
#1413 = FACE_BOUND('',#1414,.F.);
#1414 = EDGE_LOOP('',(#1415));
#1415 = ORIENTED_EDGE('',*,*,#1416,.F.);
#1416 = EDGE_CURVE('',#1417,#1417,#1419,.T.);
#1417 = VERTEX_POINT('',#1418);
#1418 = CARTESIAN_POINT('',(0.,5.,13.));
#1419 = CIRCLE('',#1420,13.);
#1420 = AXIS2_PLACEMENT_3D('',#1421,#1422,#1423);
#1421 = CARTESIAN_POINT('',(5.551115123126E-16,5.,-5.551115123126E-16));
#1422 = DIRECTION('',(1.110223024625E-16,1.,-1.110223024625E-16));
#1423 = DIRECTION('',(-4.270088556251E-17,1.110223024625E-16,1.));
#1424 = PLANE('',#1425);
#1425 = AXIS2_PLACEMENT_3D('',#1426,#1427,#1428);
#1426 = CARTESIAN_POINT('',(5.551115123126E-16,5.,-5.551115123126E-16));
#1427 = DIRECTION('',(-1.110223024625E-16,-1.,1.110223024625E-16));
#1428 = DIRECTION('',(5.046468293751E-17,-1.110223024625E-16,-1.));
#1429 = ADVANCED_FACE('',(#1430),#1458,.F.);
#1430 = FACE_BOUND('',#1431,.F.);
#1431 = EDGE_LOOP('',(#1432,#1433,#1434,#1435,#1443,#1452));
#1432 = ORIENTED_EDGE('',*,*,#563,.T.);
#1433 = ORIENTED_EDGE('',*,*,#497,.T.);
#1434 = ORIENTED_EDGE('',*,*,#1375,.T.);
#1435 = ORIENTED_EDGE('',*,*,#1436,.F.);
#1436 = EDGE_CURVE('',#1437,#1376,#1439,.T.);
#1437 = VERTEX_POINT('',#1438);
#1438 = CARTESIAN_POINT('',(4.977231419744,-1.743114981847E-16,
    -0.47662080767));
#1439 = LINE('',#1440,#1441);
#1440 = CARTESIAN_POINT('',(5.475989368085,-1.780018974951E-15,
    -0.517139120818));
#1441 = VECTOR('',#1442,1.);
#1442 = DIRECTION('',(0.996716402784,-1.196474119169E-16,
    -8.097167666562E-02));
#1443 = ORIENTED_EDGE('',*,*,#1444,.F.);
#1444 = EDGE_CURVE('',#1445,#1437,#1447,.T.);
#1445 = VERTEX_POINT('',#1446);
#1446 = CARTESIAN_POINT('',(3.980385669751,1.,-0.395638623041));
#1447 = HYPERBOLA('',#1448,7.204100370366E-02,7.20410037036E-02);
#1448 = AXIS2_PLACEMENT_3D('',#1449,#1450,#1451);
#1449 = CARTESIAN_POINT('',(-5.833280858554E-03,5.000000000003,
    -7.180445006437E-02));
#1450 = DIRECTION('',(8.097167666562E-02,2.213154998784E-16,
    0.996716402784));
#1451 = DIRECTION('',(-1.013342509109E-16,-1.,2.302768404707E-16));
#1452 = ORIENTED_EDGE('',*,*,#1453,.F.);
#1453 = EDGE_CURVE('',#564,#1445,#1454,.T.);
#1454 = LINE('',#1455,#1456);
#1455 = CARTESIAN_POINT('',(3.980385669751,-5.,-0.39563862304));
#1456 = VECTOR('',#1457,1.);
#1457 = DIRECTION('',(0.,1.,-2.22044604925E-16));
#1458 = PLANE('',#1459);
#1459 = AXIS2_PLACEMENT_3D('',#1460,#1461,#1462);
#1460 = CARTESIAN_POINT('',(10.957812017029,-5.,-0.962473791572));
#1461 = DIRECTION('',(8.097167666562E-02,2.213154998784E-16,
    0.996716402784));
#1462 = DIRECTION('',(-0.996716402784,1.797932395534E-17,
    8.097167666562E-02));
#1463 = ADVANCED_FACE('',(#1464),#1492,.T.);
#1464 = FACE_BOUND('',#1465,.T.);
#1465 = EDGE_LOOP('',(#1466,#1467,#1468,#1469,#1477,#1486));
#1466 = ORIENTED_EDGE('',*,*,#581,.T.);
#1467 = ORIENTED_EDGE('',*,*,#504,.T.);
#1468 = ORIENTED_EDGE('',*,*,#753,.T.);
#1469 = ORIENTED_EDGE('',*,*,#1470,.F.);
#1470 = EDGE_CURVE('',#1471,#754,#1473,.T.);
#1471 = VERTEX_POINT('',#1472);
#1472 = CARTESIAN_POINT('',(4.691128575708,-2.817139870473E-16,
    -1.730119269346));
#1473 = LINE('',#1474,#1475);
#1474 = CARTESIAN_POINT('',(5.158074196994,-1.774062821038E-15,
    -1.910016494161));
#1475 = VECTOR('',#1476,1.);
#1476 = DIRECTION('',(0.93314274287,-1.435128485707E-16,-0.359506079822)
  );
#1477 = ORIENTED_EDGE('',*,*,#1478,.F.);
#1478 = EDGE_CURVE('',#1479,#1471,#1481,.T.);
#1479 = VERTEX_POINT('',#1480);
#1480 = CARTESIAN_POINT('',(3.757864735795,1.,-1.370566535222));
#1481 = HYPERBOLA('',#1482,7.204100370365E-02,7.20410037036E-02);
#1482 = AXIS2_PLACEMENT_3D('',#1483,#1484,#1485);
#1483 = CARTESIAN_POINT('',(2.589917882792E-02,5.000000000003,
    6.722453979508E-02));
#1484 = DIRECTION('',(0.359506079822,2.071993116792E-16,0.93314274287));
#1485 = DIRECTION('',(-5.942856086877E-17,-1.,2.449402756149E-16));
#1486 = ORIENTED_EDGE('',*,*,#1487,.F.);
#1487 = EDGE_CURVE('',#573,#1479,#1488,.T.);
#1488 = LINE('',#1489,#1490);
#1489 = CARTESIAN_POINT('',(3.757864735795,-5.,-1.370566535222));
#1490 = VECTOR('',#1491,1.);
#1491 = DIRECTION('',(0.,1.,-2.22044604925E-16));
#1492 = PLANE('',#1493);
#1493 = AXIS2_PLACEMENT_3D('',#1494,#1495,#1496);
#1494 = CARTESIAN_POINT('',(10.29024921516,-5.,-3.887257528117));
#1495 = DIRECTION('',(0.359506079822,2.071993116792E-16,0.93314274287));
#1496 = DIRECTION('',(-0.93314274287,7.982638546222E-17,0.359506079822)
  );
#1497 = ADVANCED_FACE('',(#1498),#1712,.T.);
#1498 = FACE_BOUND('',#1499,.T.);
#1499 = EDGE_LOOP('',(#1500,#1501,#1502,#1503,#1510,#1511,#1512,#1513,
    #1520,#1521,#1522,#1523,#1530,#1531,#1532,#1533,#1534,#1541,#1542,
    #1543,#1544,#1551,#1558,#1567,#1576,#1585,#1594,#1603,#1612,#1621,
    #1630,#1639,#1648,#1657,#1666,#1675,#1684,#1691,#1692,#1693,#1694,
    #1695,#1702,#1703,#1704,#1705));
#1500 = ORIENTED_EDGE('',*,*,#909,.F.);
#1501 = ORIENTED_EDGE('',*,*,#624,.F.);
#1502 = ORIENTED_EDGE('',*,*,#951,.T.);
#1503 = ORIENTED_EDGE('',*,*,#1504,.T.);
#1504 = EDGE_CURVE('',#943,#1003,#1505,.T.);
#1505 = CIRCLE('',#1506,4.);
#1506 = AXIS2_PLACEMENT_3D('',#1507,#1508,#1509);
#1507 = CARTESIAN_POINT('',(1.110223024625E-16,1.,-1.110223024625E-16));
#1508 = DIRECTION('',(1.110223024625E-16,1.,-1.110223024625E-16));
#1509 = DIRECTION('',(-2.775557561563E-17,1.110223024625E-16,1.));
#1510 = ORIENTED_EDGE('',*,*,#1011,.F.);
#1511 = ORIENTED_EDGE('',*,*,#650,.F.);
#1512 = ORIENTED_EDGE('',*,*,#1053,.T.);
#1513 = ORIENTED_EDGE('',*,*,#1514,.T.);
#1514 = EDGE_CURVE('',#1045,#1105,#1515,.T.);
#1515 = CIRCLE('',#1516,4.);
#1516 = AXIS2_PLACEMENT_3D('',#1517,#1518,#1519);
#1517 = CARTESIAN_POINT('',(1.110223024625E-16,1.,-1.110223024625E-16));
#1518 = DIRECTION('',(1.110223024625E-16,1.,-1.110223024625E-16));
#1519 = DIRECTION('',(-2.775557561563E-17,1.110223024625E-16,1.));
#1520 = ORIENTED_EDGE('',*,*,#1113,.F.);
#1521 = ORIENTED_EDGE('',*,*,#676,.F.);
#1522 = ORIENTED_EDGE('',*,*,#1155,.T.);
#1523 = ORIENTED_EDGE('',*,*,#1524,.T.);
#1524 = EDGE_CURVE('',#1147,#1207,#1525,.T.);
#1525 = CIRCLE('',#1526,4.);
#1526 = AXIS2_PLACEMENT_3D('',#1527,#1528,#1529);
#1527 = CARTESIAN_POINT('',(1.110223024625E-16,1.,-1.110223024625E-16));
#1528 = DIRECTION('',(1.110223024625E-16,1.,-1.110223024625E-16));
#1529 = DIRECTION('',(-2.775557561563E-17,1.110223024625E-16,1.));
#1530 = ORIENTED_EDGE('',*,*,#1215,.F.);
#1531 = ORIENTED_EDGE('',*,*,#702,.F.);
#1532 = ORIENTED_EDGE('',*,*,#518,.F.);
#1533 = ORIENTED_EDGE('',*,*,#1257,.T.);
#1534 = ORIENTED_EDGE('',*,*,#1535,.T.);
#1535 = EDGE_CURVE('',#1249,#1309,#1536,.T.);
#1536 = CIRCLE('',#1537,4.);
#1537 = AXIS2_PLACEMENT_3D('',#1538,#1539,#1540);
#1538 = CARTESIAN_POINT('',(1.110223024625E-16,1.,-1.110223024625E-16));
#1539 = DIRECTION('',(1.110223024625E-16,1.,-1.110223024625E-16));
#1540 = DIRECTION('',(-2.775557561563E-17,1.110223024625E-16,1.));
#1541 = ORIENTED_EDGE('',*,*,#1317,.F.);
#1542 = ORIENTED_EDGE('',*,*,#546,.F.);
#1543 = ORIENTED_EDGE('',*,*,#1359,.T.);
#1544 = ORIENTED_EDGE('',*,*,#1545,.T.);
#1545 = EDGE_CURVE('',#1351,#1445,#1546,.T.);
#1546 = CIRCLE('',#1547,4.);
#1547 = AXIS2_PLACEMENT_3D('',#1548,#1549,#1550);
#1548 = CARTESIAN_POINT('',(1.110223024625E-16,1.,-1.110223024625E-16));
#1549 = DIRECTION('',(1.110223024625E-16,1.,-1.110223024625E-16));
#1550 = DIRECTION('',(-2.775557561563E-17,1.110223024625E-16,1.));
#1551 = ORIENTED_EDGE('',*,*,#1552,.F.);
#1552 = EDGE_CURVE('',#1553,#1445,#1555,.T.);
#1553 = VERTEX_POINT('',#1554);
#1554 = CARTESIAN_POINT('',(3.980385669751,4.,-0.395638623041));
#1555 = B_SPLINE_CURVE_WITH_KNOTS('',1,(#1556,#1557),.UNSPECIFIED.,.F.,
  .F.,(2,2),(-9.,-6.),.PIECEWISE_BEZIER_KNOTS.);
#1556 = CARTESIAN_POINT('',(3.980385669751,4.,-0.39563862304));
#1557 = CARTESIAN_POINT('',(3.980385669751,1.,-0.39563862304));
#1558 = ORIENTED_EDGE('',*,*,#1559,.F.);
#1559 = EDGE_CURVE('',#1560,#1553,#1562,.T.);
#1560 = VERTEX_POINT('',#1561);
#1561 = CARTESIAN_POINT('',(3.414542405586,4.,2.083482699821));
#1562 = CIRCLE('',#1563,4.);
#1563 = AXIS2_PLACEMENT_3D('',#1564,#1565,#1566);
#1564 = CARTESIAN_POINT('',(4.440892098501E-16,4.,-4.440892098501E-16));
#1565 = DIRECTION('',(1.110223024625E-16,1.,-1.110223024625E-16));
#1566 = DIRECTION('',(-1.110223024625E-16,1.110223024625E-16,1.));
#1567 = ORIENTED_EDGE('',*,*,#1568,.F.);
#1568 = EDGE_CURVE('',#1569,#1560,#1571,.T.);
#1569 = VERTEX_POINT('',#1570);
#1570 = CARTESIAN_POINT('',(2.791052603728,4.,2.865314182289));
#1571 = CIRCLE('',#1572,4.);
#1572 = AXIS2_PLACEMENT_3D('',#1573,#1574,#1575);
#1573 = CARTESIAN_POINT('',(4.440892098501E-16,4.,-4.440892098501E-16));
#1574 = DIRECTION('',(1.110223024625E-16,1.,-1.110223024625E-16));
#1575 = DIRECTION('',(-1.110223024625E-16,1.110223024625E-16,1.));
#1576 = ORIENTED_EDGE('',*,*,#1577,.F.);
#1577 = EDGE_CURVE('',#1578,#1569,#1580,.T.);
#1578 = VERTEX_POINT('',#1579);
#1579 = CARTESIAN_POINT('',(0.5,4.,3.968626966597));
#1580 = CIRCLE('',#1581,4.);
#1581 = AXIS2_PLACEMENT_3D('',#1582,#1583,#1584);
#1582 = CARTESIAN_POINT('',(4.440892098501E-16,4.,-4.440892098501E-16));
#1583 = DIRECTION('',(1.110223024625E-16,1.,-1.110223024625E-16));
#1584 = DIRECTION('',(-1.110223024625E-16,1.110223024625E-16,1.));
#1585 = ORIENTED_EDGE('',*,*,#1586,.F.);
#1586 = EDGE_CURVE('',#1587,#1578,#1589,.T.);
#1587 = VERTEX_POINT('',#1588);
#1588 = CARTESIAN_POINT('',(0.,4.,4.));
#1589 = CIRCLE('',#1590,4.);
#1590 = AXIS2_PLACEMENT_3D('',#1591,#1592,#1593);
#1591 = CARTESIAN_POINT('',(4.440892098501E-16,4.,-4.440892098501E-16));
#1592 = DIRECTION('',(1.110223024625E-16,1.,-1.110223024625E-16));
#1593 = DIRECTION('',(-1.110223024625E-16,1.110223024625E-16,1.));
#1594 = ORIENTED_EDGE('',*,*,#1595,.F.);
#1595 = EDGE_CURVE('',#1596,#1587,#1598,.T.);
#1596 = VERTEX_POINT('',#1597);
#1597 = CARTESIAN_POINT('',(-0.5,4.,3.968626966597));
#1598 = CIRCLE('',#1599,4.);
#1599 = AXIS2_PLACEMENT_3D('',#1600,#1601,#1602);
#1600 = CARTESIAN_POINT('',(4.440892098501E-16,4.,-4.440892098501E-16));
#1601 = DIRECTION('',(1.110223024625E-16,1.,-1.110223024625E-16));
#1602 = DIRECTION('',(-1.110223024625E-16,1.110223024625E-16,1.));
#1603 = ORIENTED_EDGE('',*,*,#1604,.F.);
#1604 = EDGE_CURVE('',#1605,#1596,#1607,.T.);
#1605 = VERTEX_POINT('',#1606);
#1606 = CARTESIAN_POINT('',(-2.791052603728,4.,2.865314182289));
#1607 = CIRCLE('',#1608,4.);
#1608 = AXIS2_PLACEMENT_3D('',#1609,#1610,#1611);
#1609 = CARTESIAN_POINT('',(4.440892098501E-16,4.,-4.440892098501E-16));
#1610 = DIRECTION('',(1.110223024625E-16,1.,-1.110223024625E-16));
#1611 = DIRECTION('',(-1.110223024625E-16,1.110223024625E-16,1.));
#1612 = ORIENTED_EDGE('',*,*,#1613,.F.);
#1613 = EDGE_CURVE('',#1614,#1605,#1616,.T.);
#1614 = VERTEX_POINT('',#1615);
#1615 = CARTESIAN_POINT('',(-3.414542405586,4.,2.083482699821));
#1616 = CIRCLE('',#1617,4.);
#1617 = AXIS2_PLACEMENT_3D('',#1618,#1619,#1620);
#1618 = CARTESIAN_POINT('',(4.440892098501E-16,4.,-4.440892098501E-16));
#1619 = DIRECTION('',(1.110223024625E-16,1.,-1.110223024625E-16));
#1620 = DIRECTION('',(-1.110223024625E-16,1.110223024625E-16,1.));
#1621 = ORIENTED_EDGE('',*,*,#1622,.F.);
#1622 = EDGE_CURVE('',#1623,#1614,#1625,.T.);
#1623 = VERTEX_POINT('',#1624);
#1624 = CARTESIAN_POINT('',(-3.980385669751,4.,-0.395638623041));
#1625 = CIRCLE('',#1626,4.);
#1626 = AXIS2_PLACEMENT_3D('',#1627,#1628,#1629);
#1627 = CARTESIAN_POINT('',(4.440892098501E-16,4.,-4.440892098501E-16));
#1628 = DIRECTION('',(1.110223024625E-16,1.,-1.110223024625E-16));
#1629 = DIRECTION('',(-1.110223024625E-16,1.110223024625E-16,1.));
#1630 = ORIENTED_EDGE('',*,*,#1631,.F.);
#1631 = EDGE_CURVE('',#1632,#1623,#1634,.T.);
#1632 = VERTEX_POINT('',#1633);
#1633 = CARTESIAN_POINT('',(-3.757864735795,4.,-1.370566535222));
#1634 = CIRCLE('',#1635,4.);
#1635 = AXIS2_PLACEMENT_3D('',#1636,#1637,#1638);
#1636 = CARTESIAN_POINT('',(4.440892098501E-16,4.,-4.440892098501E-16));
#1637 = DIRECTION('',(1.110223024625E-16,1.,-1.110223024625E-16));
#1638 = DIRECTION('',(-1.110223024625E-16,1.110223024625E-16,1.));
#1639 = ORIENTED_EDGE('',*,*,#1640,.F.);
#1640 = EDGE_CURVE('',#1641,#1632,#1643,.T.);
#1641 = VERTEX_POINT('',#1642);
#1642 = CARTESIAN_POINT('',(-2.172407141381,4.,-3.358667475663));
#1643 = CIRCLE('',#1644,4.);
#1644 = AXIS2_PLACEMENT_3D('',#1645,#1646,#1647);
#1645 = CARTESIAN_POINT('',(4.440892098501E-16,4.,-4.440892098501E-16));
#1646 = DIRECTION('',(1.110223024625E-16,1.,-1.110223024625E-16));
#1647 = DIRECTION('',(-1.110223024625E-16,1.110223024625E-16,1.));
#1648 = ORIENTED_EDGE('',*,*,#1649,.F.);
#1649 = EDGE_CURVE('',#1650,#1641,#1652,.T.);
#1650 = VERTEX_POINT('',#1651);
#1651 = CARTESIAN_POINT('',(-1.271438273479,4.,-3.792551214781));
#1652 = CIRCLE('',#1653,4.);
#1653 = AXIS2_PLACEMENT_3D('',#1654,#1655,#1656);
#1654 = CARTESIAN_POINT('',(4.440892098501E-16,4.,-4.440892098501E-16));
#1655 = DIRECTION('',(1.110223024625E-16,1.,-1.110223024625E-16));
#1656 = DIRECTION('',(-1.110223024625E-16,1.110223024625E-16,1.));
#1657 = ORIENTED_EDGE('',*,*,#1658,.F.);
#1658 = EDGE_CURVE('',#1659,#1650,#1661,.T.);
#1659 = VERTEX_POINT('',#1660);
#1660 = CARTESIAN_POINT('',(1.271438273479,4.,-3.792551214781));
#1661 = CIRCLE('',#1662,4.);
#1662 = AXIS2_PLACEMENT_3D('',#1663,#1664,#1665);
#1663 = CARTESIAN_POINT('',(4.440892098501E-16,4.,-4.440892098501E-16));
#1664 = DIRECTION('',(1.110223024625E-16,1.,-1.110223024625E-16));
#1665 = DIRECTION('',(-1.110223024625E-16,1.110223024625E-16,1.));
#1666 = ORIENTED_EDGE('',*,*,#1667,.F.);
#1667 = EDGE_CURVE('',#1668,#1659,#1670,.T.);
#1668 = VERTEX_POINT('',#1669);
#1669 = CARTESIAN_POINT('',(2.172407141381,4.,-3.358667475663));
#1670 = CIRCLE('',#1671,4.);
#1671 = AXIS2_PLACEMENT_3D('',#1672,#1673,#1674);
#1672 = CARTESIAN_POINT('',(4.440892098501E-16,4.,-4.440892098501E-16));
#1673 = DIRECTION('',(1.110223024625E-16,1.,-1.110223024625E-16));
#1674 = DIRECTION('',(-1.110223024625E-16,1.110223024625E-16,1.));
#1675 = ORIENTED_EDGE('',*,*,#1676,.F.);
#1676 = EDGE_CURVE('',#1677,#1668,#1679,.T.);
#1677 = VERTEX_POINT('',#1678);
#1678 = CARTESIAN_POINT('',(3.757864735795,4.,-1.370566535222));
#1679 = CIRCLE('',#1680,4.);
#1680 = AXIS2_PLACEMENT_3D('',#1681,#1682,#1683);
#1681 = CARTESIAN_POINT('',(4.440892098501E-16,4.,-4.440892098501E-16));
#1682 = DIRECTION('',(1.110223024625E-16,1.,-1.110223024625E-16));
#1683 = DIRECTION('',(-1.110223024625E-16,1.110223024625E-16,1.));
#1684 = ORIENTED_EDGE('',*,*,#1685,.F.);
#1685 = EDGE_CURVE('',#1553,#1677,#1686,.T.);
#1686 = CIRCLE('',#1687,4.);
#1687 = AXIS2_PLACEMENT_3D('',#1688,#1689,#1690);
#1688 = CARTESIAN_POINT('',(4.440892098501E-16,4.,-4.440892098501E-16));
#1689 = DIRECTION('',(1.110223024625E-16,1.,-1.110223024625E-16));
#1690 = DIRECTION('',(-1.110223024625E-16,1.110223024625E-16,1.));
#1691 = ORIENTED_EDGE('',*,*,#1552,.T.);
#1692 = ORIENTED_EDGE('',*,*,#1453,.F.);
#1693 = ORIENTED_EDGE('',*,*,#572,.F.);
#1694 = ORIENTED_EDGE('',*,*,#1487,.T.);
#1695 = ORIENTED_EDGE('',*,*,#1696,.T.);
#1696 = EDGE_CURVE('',#1479,#799,#1697,.T.);
#1697 = CIRCLE('',#1698,4.);
#1698 = AXIS2_PLACEMENT_3D('',#1699,#1700,#1701);
#1699 = CARTESIAN_POINT('',(1.110223024625E-16,1.,-1.110223024625E-16));
#1700 = DIRECTION('',(1.110223024625E-16,1.,-1.110223024625E-16));
#1701 = DIRECTION('',(-2.775557561563E-17,1.110223024625E-16,1.));
#1702 = ORIENTED_EDGE('',*,*,#807,.F.);
#1703 = ORIENTED_EDGE('',*,*,#598,.F.);
#1704 = ORIENTED_EDGE('',*,*,#849,.T.);
#1705 = ORIENTED_EDGE('',*,*,#1706,.T.);
#1706 = EDGE_CURVE('',#841,#901,#1707,.T.);
#1707 = CIRCLE('',#1708,4.);
#1708 = AXIS2_PLACEMENT_3D('',#1709,#1710,#1711);
#1709 = CARTESIAN_POINT('',(1.110223024625E-16,1.,-1.110223024625E-16));
#1710 = DIRECTION('',(1.110223024625E-16,1.,-1.110223024625E-16));
#1711 = DIRECTION('',(-2.775557561563E-17,1.110223024625E-16,1.));
#1712 = CYLINDRICAL_SURFACE('',#1713,4.);
#1713 = AXIS2_PLACEMENT_3D('',#1714,#1715,#1716);
#1714 = CARTESIAN_POINT('',(-5.551115123126E-16,-5.,5.551115123126E-16)
  );
#1715 = DIRECTION('',(0.,-1.,2.22044604925E-16));
#1716 = DIRECTION('',(1.,0.,0.));
#1717 = ADVANCED_FACE('',(#1718,#1721),#1732,.F.);
#1718 = FACE_BOUND('',#1719,.F.);
#1719 = EDGE_LOOP('',(#1720));
#1720 = ORIENTED_EDGE('',*,*,#717,.T.);
#1721 = FACE_BOUND('',#1722,.F.);
#1722 = EDGE_LOOP('',(#1723));
#1723 = ORIENTED_EDGE('',*,*,#1724,.T.);
#1724 = EDGE_CURVE('',#1725,#1725,#1727,.T.);
#1725 = VERTEX_POINT('',#1726);
#1726 = CARTESIAN_POINT('',(1.05,-2.5,2.775557561563E-16));
#1727 = CIRCLE('',#1728,1.05);
#1728 = AXIS2_PLACEMENT_3D('',#1729,#1730,#1731);
#1729 = CARTESIAN_POINT('',(-2.775557561563E-16,-2.5,2.775557561563E-16)
  );
#1730 = DIRECTION('',(0.,-1.,2.22044604925E-16));
#1731 = DIRECTION('',(1.,0.,0.));
#1732 = PLANE('',#1733);
#1733 = AXIS2_PLACEMENT_3D('',#1734,#1735,#1736);
#1734 = CARTESIAN_POINT('',(-2.775557561563E-16,-2.5,2.775557561563E-16)
  );
#1735 = DIRECTION('',(1.110223024625E-16,1.,-1.110223024625E-16));
#1736 = DIRECTION('',(9.251858538543E-17,1.110223024625E-16,1.));
#1737 = ADVANCED_FACE('',(#1738),#1757,.T.);
#1738 = FACE_BOUND('',#1739,.T.);
#1739 = EDGE_LOOP('',(#1740,#1741,#1749,#1756));
#1740 = ORIENTED_EDGE('',*,*,#736,.T.);
#1741 = ORIENTED_EDGE('',*,*,#1742,.T.);
#1742 = EDGE_CURVE('',#737,#1743,#1745,.T.);
#1743 = VERTEX_POINT('',#1744);
#1744 = CARTESIAN_POINT('',(0.,1.5,12.));
#1745 = LINE('',#1746,#1747);
#1746 = CARTESIAN_POINT('',(0.,-1.5,12.));
#1747 = VECTOR('',#1748,1.);
#1748 = DIRECTION('',(0.,1.,0.));
#1749 = ORIENTED_EDGE('',*,*,#1750,.F.);
#1750 = EDGE_CURVE('',#1743,#1743,#1751,.T.);
#1751 = CIRCLE('',#1752,12.);
#1752 = AXIS2_PLACEMENT_3D('',#1753,#1754,#1755);
#1753 = CARTESIAN_POINT('',(1.665334536938E-16,1.5,-1.665334536938E-16)
  );
#1754 = DIRECTION('',(1.110223024625E-16,1.,-1.110223024625E-16));
#1755 = DIRECTION('',(-1.387778780781E-17,1.110223024625E-16,1.));
#1756 = ORIENTED_EDGE('',*,*,#1742,.F.);
#1757 = CYLINDRICAL_SURFACE('',#1758,12.);
#1758 = AXIS2_PLACEMENT_3D('',#1759,#1760,#1761);
#1759 = CARTESIAN_POINT('',(-1.665334536938E-16,-1.5,1.665334536938E-16)
  );
#1760 = DIRECTION('',(1.110223024625E-16,1.,-1.110223024625E-16));
#1761 = DIRECTION('',(1.387778780781E-17,1.110223024625E-16,1.));
#1762 = ADVANCED_FACE('',(#1763),#1775,.T.);
#1763 = FACE_BOUND('',#1764,.T.);
#1764 = EDGE_LOOP('',(#1765,#1772,#1773,#1774));
#1765 = ORIENTED_EDGE('',*,*,#1766,.F.);
#1766 = EDGE_CURVE('',#1471,#791,#1767,.T.);
#1767 = CIRCLE('',#1768,4.999999999999);
#1768 = AXIS2_PLACEMENT_3D('',#1769,#1770,#1771);
#1769 = CARTESIAN_POINT('',(4.78714549549E-32,4.311877333932E-16,
    -4.78714549549E-32));
#1770 = DIRECTION('',(1.110223024625E-16,1.,-1.110223024625E-16));
#1771 = DIRECTION('',(-9.574290990982E-33,1.110223024625E-16,1.));
#1772 = ORIENTED_EDGE('',*,*,#1470,.T.);
#1773 = ORIENTED_EDGE('',*,*,#772,.T.);
#1774 = ORIENTED_EDGE('',*,*,#790,.F.);
#1775 = PLANE('',#1776);
#1776 = AXIS2_PLACEMENT_3D('',#1777,#1778,#1779);
#1777 = CARTESIAN_POINT('',(-9.860761315263E-32,-8.881784197001E-16,
    9.860761315263E-32));
#1778 = DIRECTION('',(1.110223024625E-16,1.,-1.110223024625E-16));
#1779 = DIRECTION('',(1.232595164408E-32,1.110223024625E-16,1.));
#1780 = ADVANCED_FACE('',(#1781),#1787,.T.);
#1781 = FACE_BOUND('',#1782,.T.);
#1782 = EDGE_LOOP('',(#1783,#1784,#1785,#1786));
#1783 = ORIENTED_EDGE('',*,*,#1696,.F.);
#1784 = ORIENTED_EDGE('',*,*,#1478,.T.);
#1785 = ORIENTED_EDGE('',*,*,#1766,.T.);
#1786 = ORIENTED_EDGE('',*,*,#798,.F.);
#1787 = CONICAL_SURFACE('',#1788,4.999999999999,0.785398163397);
#1788 = AXIS2_PLACEMENT_3D('',#1789,#1790,#1791);
#1789 = CARTESIAN_POINT('',(4.78714549549E-32,4.311877333932E-16,
    -4.78714549549E-32));
#1790 = DIRECTION('',(-1.110223024625E-16,-1.,1.110223024625E-16));
#1791 = DIRECTION('',(-9.574290990982E-33,1.110223024625E-16,1.));
#1792 = ADVANCED_FACE('',(#1793),#1805,.T.);
#1793 = FACE_BOUND('',#1794,.T.);
#1794 = EDGE_LOOP('',(#1795,#1796,#1797,#1804));
#1795 = ORIENTED_EDGE('',*,*,#1706,.F.);
#1796 = ORIENTED_EDGE('',*,*,#840,.T.);
#1797 = ORIENTED_EDGE('',*,*,#1798,.T.);
#1798 = EDGE_CURVE('',#833,#893,#1799,.T.);
#1799 = CIRCLE('',#1800,4.999999999999);
#1800 = AXIS2_PLACEMENT_3D('',#1801,#1802,#1803);
#1801 = CARTESIAN_POINT('',(4.78714549549E-32,4.311877333932E-16,
    -4.78714549549E-32));
#1802 = DIRECTION('',(1.110223024625E-16,1.,-1.110223024625E-16));
#1803 = DIRECTION('',(-9.574290990982E-33,1.110223024625E-16,1.));
#1804 = ORIENTED_EDGE('',*,*,#900,.F.);
#1805 = CONICAL_SURFACE('',#1806,4.999999999999,0.785398163397);
#1806 = AXIS2_PLACEMENT_3D('',#1807,#1808,#1809);
#1807 = CARTESIAN_POINT('',(4.78714549549E-32,4.311877333932E-16,
    -4.78714549549E-32));
#1808 = DIRECTION('',(-1.110223024625E-16,-1.,1.110223024625E-16));
#1809 = DIRECTION('',(-9.574290990982E-33,1.110223024625E-16,1.));
#1810 = ADVANCED_FACE('',(#1811),#1817,.T.);
#1811 = FACE_BOUND('',#1812,.T.);
#1812 = EDGE_LOOP('',(#1813,#1814,#1815,#1816));
#1813 = ORIENTED_EDGE('',*,*,#1798,.F.);
#1814 = ORIENTED_EDGE('',*,*,#832,.T.);
#1815 = ORIENTED_EDGE('',*,*,#874,.T.);
#1816 = ORIENTED_EDGE('',*,*,#892,.F.);
#1817 = PLANE('',#1818);
#1818 = AXIS2_PLACEMENT_3D('',#1819,#1820,#1821);
#1819 = CARTESIAN_POINT('',(-9.860761315263E-32,-8.881784197001E-16,
    9.860761315263E-32));
#1820 = DIRECTION('',(1.110223024625E-16,1.,-1.110223024625E-16));
#1821 = DIRECTION('',(1.232595164408E-32,1.110223024625E-16,1.));
#1822 = ADVANCED_FACE('',(#1823),#1835,.T.);
#1823 = FACE_BOUND('',#1824,.T.);
#1824 = EDGE_LOOP('',(#1825,#1826,#1827,#1834));
#1825 = ORIENTED_EDGE('',*,*,#1504,.F.);
#1826 = ORIENTED_EDGE('',*,*,#942,.T.);
#1827 = ORIENTED_EDGE('',*,*,#1828,.T.);
#1828 = EDGE_CURVE('',#935,#995,#1829,.T.);
#1829 = CIRCLE('',#1830,4.999999999999);
#1830 = AXIS2_PLACEMENT_3D('',#1831,#1832,#1833);
#1831 = CARTESIAN_POINT('',(4.78714549549E-32,4.311877333932E-16,
    -4.78714549549E-32));
#1832 = DIRECTION('',(1.110223024625E-16,1.,-1.110223024625E-16));
#1833 = DIRECTION('',(-9.574290990982E-33,1.110223024625E-16,1.));
#1834 = ORIENTED_EDGE('',*,*,#1002,.F.);
#1835 = CONICAL_SURFACE('',#1836,4.999999999999,0.785398163397);
#1836 = AXIS2_PLACEMENT_3D('',#1837,#1838,#1839);
#1837 = CARTESIAN_POINT('',(4.78714549549E-32,4.311877333932E-16,
    -4.78714549549E-32));
#1838 = DIRECTION('',(-1.110223024625E-16,-1.,1.110223024625E-16));
#1839 = DIRECTION('',(-9.574290990982E-33,1.110223024625E-16,1.));
#1840 = ADVANCED_FACE('',(#1841),#1847,.T.);
#1841 = FACE_BOUND('',#1842,.T.);
#1842 = EDGE_LOOP('',(#1843,#1844,#1845,#1846));
#1843 = ORIENTED_EDGE('',*,*,#1828,.F.);
#1844 = ORIENTED_EDGE('',*,*,#934,.T.);
#1845 = ORIENTED_EDGE('',*,*,#976,.T.);
#1846 = ORIENTED_EDGE('',*,*,#994,.F.);
#1847 = PLANE('',#1848);
#1848 = AXIS2_PLACEMENT_3D('',#1849,#1850,#1851);
#1849 = CARTESIAN_POINT('',(-9.860761315263E-32,-8.881784197001E-16,
    9.860761315263E-32));
#1850 = DIRECTION('',(1.110223024625E-16,1.,-1.110223024625E-16));
#1851 = DIRECTION('',(1.232595164408E-32,1.110223024625E-16,1.));
#1852 = ADVANCED_FACE('',(#1853),#1865,.T.);
#1853 = FACE_BOUND('',#1854,.T.);
#1854 = EDGE_LOOP('',(#1855,#1856,#1857,#1864));
#1855 = ORIENTED_EDGE('',*,*,#1514,.F.);
#1856 = ORIENTED_EDGE('',*,*,#1044,.T.);
#1857 = ORIENTED_EDGE('',*,*,#1858,.T.);
#1858 = EDGE_CURVE('',#1037,#1097,#1859,.T.);
#1859 = CIRCLE('',#1860,4.999999999999);
#1860 = AXIS2_PLACEMENT_3D('',#1861,#1862,#1863);
#1861 = CARTESIAN_POINT('',(4.78714549549E-32,4.311877333932E-16,
    -4.78714549549E-32));
#1862 = DIRECTION('',(1.110223024625E-16,1.,-1.110223024625E-16));
#1863 = DIRECTION('',(-9.574290990982E-33,1.110223024625E-16,1.));
#1864 = ORIENTED_EDGE('',*,*,#1104,.F.);
#1865 = CONICAL_SURFACE('',#1866,4.999999999999,0.785398163397);
#1866 = AXIS2_PLACEMENT_3D('',#1867,#1868,#1869);
#1867 = CARTESIAN_POINT('',(4.78714549549E-32,4.311877333932E-16,
    -4.78714549549E-32));
#1868 = DIRECTION('',(-1.110223024625E-16,-1.,1.110223024625E-16));
#1869 = DIRECTION('',(-9.574290990982E-33,1.110223024625E-16,1.));
#1870 = ADVANCED_FACE('',(#1871),#1877,.T.);
#1871 = FACE_BOUND('',#1872,.T.);
#1872 = EDGE_LOOP('',(#1873,#1874,#1875,#1876));
#1873 = ORIENTED_EDGE('',*,*,#1858,.F.);
#1874 = ORIENTED_EDGE('',*,*,#1036,.T.);
#1875 = ORIENTED_EDGE('',*,*,#1078,.T.);
#1876 = ORIENTED_EDGE('',*,*,#1096,.F.);
#1877 = PLANE('',#1878);
#1878 = AXIS2_PLACEMENT_3D('',#1879,#1880,#1881);
#1879 = CARTESIAN_POINT('',(-9.860761315263E-32,-8.881784197001E-16,
    9.860761315263E-32));
#1880 = DIRECTION('',(1.110223024625E-16,1.,-1.110223024625E-16));
#1881 = DIRECTION('',(1.232595164408E-32,1.110223024625E-16,1.));
#1882 = ADVANCED_FACE('',(#1883),#1895,.T.);
#1883 = FACE_BOUND('',#1884,.T.);
#1884 = EDGE_LOOP('',(#1885,#1886,#1887,#1894));
#1885 = ORIENTED_EDGE('',*,*,#1524,.F.);
#1886 = ORIENTED_EDGE('',*,*,#1146,.T.);
#1887 = ORIENTED_EDGE('',*,*,#1888,.T.);
#1888 = EDGE_CURVE('',#1139,#1199,#1889,.T.);
#1889 = CIRCLE('',#1890,4.999999999999);
#1890 = AXIS2_PLACEMENT_3D('',#1891,#1892,#1893);
#1891 = CARTESIAN_POINT('',(4.78714549549E-32,4.311877333932E-16,
    -4.78714549549E-32));
#1892 = DIRECTION('',(1.110223024625E-16,1.,-1.110223024625E-16));
#1893 = DIRECTION('',(-9.574290990982E-33,1.110223024625E-16,1.));
#1894 = ORIENTED_EDGE('',*,*,#1206,.F.);
#1895 = CONICAL_SURFACE('',#1896,4.999999999999,0.785398163397);
#1896 = AXIS2_PLACEMENT_3D('',#1897,#1898,#1899);
#1897 = CARTESIAN_POINT('',(4.78714549549E-32,4.311877333932E-16,
    -4.78714549549E-32));
#1898 = DIRECTION('',(-1.110223024625E-16,-1.,1.110223024625E-16));
#1899 = DIRECTION('',(-9.574290990982E-33,1.110223024625E-16,1.));
#1900 = ADVANCED_FACE('',(#1901),#1907,.T.);
#1901 = FACE_BOUND('',#1902,.T.);
#1902 = EDGE_LOOP('',(#1903,#1904,#1905,#1906));
#1903 = ORIENTED_EDGE('',*,*,#1888,.F.);
#1904 = ORIENTED_EDGE('',*,*,#1138,.T.);
#1905 = ORIENTED_EDGE('',*,*,#1180,.T.);
#1906 = ORIENTED_EDGE('',*,*,#1198,.F.);
#1907 = PLANE('',#1908);
#1908 = AXIS2_PLACEMENT_3D('',#1909,#1910,#1911);
#1909 = CARTESIAN_POINT('',(-9.860761315263E-32,-8.881784197001E-16,
    9.860761315263E-32));
#1910 = DIRECTION('',(1.110223024625E-16,1.,-1.110223024625E-16));
#1911 = DIRECTION('',(1.232595164408E-32,1.110223024625E-16,1.));
#1912 = ADVANCED_FACE('',(#1913),#1925,.T.);
#1913 = FACE_BOUND('',#1914,.T.);
#1914 = EDGE_LOOP('',(#1915,#1916,#1917,#1924));
#1915 = ORIENTED_EDGE('',*,*,#1535,.F.);
#1916 = ORIENTED_EDGE('',*,*,#1248,.T.);
#1917 = ORIENTED_EDGE('',*,*,#1918,.T.);
#1918 = EDGE_CURVE('',#1241,#1301,#1919,.T.);
#1919 = CIRCLE('',#1920,4.999999999999);
#1920 = AXIS2_PLACEMENT_3D('',#1921,#1922,#1923);
#1921 = CARTESIAN_POINT('',(4.78714549549E-32,4.311877333932E-16,
    -4.78714549549E-32));
#1922 = DIRECTION('',(1.110223024625E-16,1.,-1.110223024625E-16));
#1923 = DIRECTION('',(-9.574290990982E-33,1.110223024625E-16,1.));
#1924 = ORIENTED_EDGE('',*,*,#1308,.F.);
#1925 = CONICAL_SURFACE('',#1926,4.999999999999,0.785398163397);
#1926 = AXIS2_PLACEMENT_3D('',#1927,#1928,#1929);
#1927 = CARTESIAN_POINT('',(4.78714549549E-32,4.311877333932E-16,
    -4.78714549549E-32));
#1928 = DIRECTION('',(-1.110223024625E-16,-1.,1.110223024625E-16));
#1929 = DIRECTION('',(-9.574290990982E-33,1.110223024625E-16,1.));
#1930 = ADVANCED_FACE('',(#1931),#1937,.T.);
#1931 = FACE_BOUND('',#1932,.T.);
#1932 = EDGE_LOOP('',(#1933,#1934,#1935,#1936));
#1933 = ORIENTED_EDGE('',*,*,#1918,.F.);
#1934 = ORIENTED_EDGE('',*,*,#1240,.T.);
#1935 = ORIENTED_EDGE('',*,*,#1282,.T.);
#1936 = ORIENTED_EDGE('',*,*,#1300,.F.);
#1937 = PLANE('',#1938);
#1938 = AXIS2_PLACEMENT_3D('',#1939,#1940,#1941);
#1939 = CARTESIAN_POINT('',(-9.860761315263E-32,-8.881784197001E-16,
    9.860761315263E-32));
#1940 = DIRECTION('',(1.110223024625E-16,1.,-1.110223024625E-16));
#1941 = DIRECTION('',(1.232595164408E-32,1.110223024625E-16,1.));
#1942 = ADVANCED_FACE('',(#1943),#1955,.T.);
#1943 = FACE_BOUND('',#1944,.T.);
#1944 = EDGE_LOOP('',(#1945,#1946,#1947,#1954));
#1945 = ORIENTED_EDGE('',*,*,#1545,.F.);
#1946 = ORIENTED_EDGE('',*,*,#1350,.T.);
#1947 = ORIENTED_EDGE('',*,*,#1948,.T.);
#1948 = EDGE_CURVE('',#1343,#1437,#1949,.T.);
#1949 = CIRCLE('',#1950,4.999999999999);
#1950 = AXIS2_PLACEMENT_3D('',#1951,#1952,#1953);
#1951 = CARTESIAN_POINT('',(4.78714549549E-32,4.311877333932E-16,
    -4.78714549549E-32));
#1952 = DIRECTION('',(1.110223024625E-16,1.,-1.110223024625E-16));
#1953 = DIRECTION('',(-9.574290990982E-33,1.110223024625E-16,1.));
#1954 = ORIENTED_EDGE('',*,*,#1444,.F.);
#1955 = CONICAL_SURFACE('',#1956,4.999999999999,0.785398163397);
#1956 = AXIS2_PLACEMENT_3D('',#1957,#1958,#1959);
#1957 = CARTESIAN_POINT('',(4.78714549549E-32,4.311877333932E-16,
    -4.78714549549E-32));
#1958 = DIRECTION('',(-1.110223024625E-16,-1.,1.110223024625E-16));
#1959 = DIRECTION('',(-9.574290990982E-33,1.110223024625E-16,1.));
#1960 = ADVANCED_FACE('',(#1961),#1967,.T.);
#1961 = FACE_BOUND('',#1962,.T.);
#1962 = EDGE_LOOP('',(#1963,#1964,#1965,#1966));
#1963 = ORIENTED_EDGE('',*,*,#1948,.F.);
#1964 = ORIENTED_EDGE('',*,*,#1342,.T.);
#1965 = ORIENTED_EDGE('',*,*,#1384,.T.);
#1966 = ORIENTED_EDGE('',*,*,#1436,.F.);
#1967 = PLANE('',#1968);
#1968 = AXIS2_PLACEMENT_3D('',#1969,#1970,#1971);
#1969 = CARTESIAN_POINT('',(-9.860761315263E-32,-8.881784197001E-16,
    9.860761315263E-32));
#1970 = DIRECTION('',(1.110223024625E-16,1.,-1.110223024625E-16));
#1971 = DIRECTION('',(1.232595164408E-32,1.110223024625E-16,1.));
#1972 = ADVANCED_FACE('',(#1973),#1992,.T.);
#1973 = FACE_BOUND('',#1974,.T.);
#1974 = EDGE_LOOP('',(#1975,#1984,#1990,#1991));
#1975 = ORIENTED_EDGE('',*,*,#1976,.T.);
#1976 = EDGE_CURVE('',#1977,#1977,#1979,.T.);
#1977 = VERTEX_POINT('',#1978);
#1978 = CARTESIAN_POINT('',(0.,1.5,13.));
#1979 = CIRCLE('',#1980,13.);
#1980 = AXIS2_PLACEMENT_3D('',#1981,#1982,#1983);
#1981 = CARTESIAN_POINT('',(1.665334536938E-16,1.5,-1.665334536938E-16)
  );
#1982 = DIRECTION('',(1.110223024625E-16,1.,-1.110223024625E-16));
#1983 = DIRECTION('',(-1.281026566875E-17,1.110223024625E-16,1.));
#1984 = ORIENTED_EDGE('',*,*,#1985,.T.);
#1985 = EDGE_CURVE('',#1977,#1417,#1986,.T.);
#1986 = LINE('',#1987,#1988);
#1987 = CARTESIAN_POINT('',(0.,1.5,13.));
#1988 = VECTOR('',#1989,1.);
#1989 = DIRECTION('',(0.,1.,0.));
#1990 = ORIENTED_EDGE('',*,*,#1416,.F.);
#1991 = ORIENTED_EDGE('',*,*,#1985,.F.);
#1992 = CYLINDRICAL_SURFACE('',#1993,13.);
#1993 = AXIS2_PLACEMENT_3D('',#1994,#1995,#1996);
#1994 = CARTESIAN_POINT('',(1.665334536938E-16,1.5,-1.665334536938E-16)
  );
#1995 = DIRECTION('',(1.110223024625E-16,1.,-1.110223024625E-16));
#1996 = DIRECTION('',(-1.281026566875E-17,1.110223024625E-16,1.));
#1997 = ADVANCED_FACE('',(#1998,#2015),#2065,.F.);
#1998 = FACE_BOUND('',#1999,.F.);
#1999 = EDGE_LOOP('',(#2000,#2001,#2002,#2003,#2004,#2005,#2006,#2007,
    #2008,#2009,#2010,#2011,#2012,#2013,#2014));
#2000 = ORIENTED_EDGE('',*,*,#1586,.F.);
#2001 = ORIENTED_EDGE('',*,*,#1595,.F.);
#2002 = ORIENTED_EDGE('',*,*,#1604,.F.);
#2003 = ORIENTED_EDGE('',*,*,#1613,.F.);
#2004 = ORIENTED_EDGE('',*,*,#1622,.F.);
#2005 = ORIENTED_EDGE('',*,*,#1631,.F.);
#2006 = ORIENTED_EDGE('',*,*,#1640,.F.);
#2007 = ORIENTED_EDGE('',*,*,#1649,.F.);
#2008 = ORIENTED_EDGE('',*,*,#1658,.F.);
#2009 = ORIENTED_EDGE('',*,*,#1667,.F.);
#2010 = ORIENTED_EDGE('',*,*,#1676,.F.);
#2011 = ORIENTED_EDGE('',*,*,#1685,.F.);
#2012 = ORIENTED_EDGE('',*,*,#1559,.F.);
#2013 = ORIENTED_EDGE('',*,*,#1568,.F.);
#2014 = ORIENTED_EDGE('',*,*,#1577,.F.);
#2015 = FACE_BOUND('',#2016,.F.);
#2016 = EDGE_LOOP('',(#2017,#2027,#2035,#2043,#2051,#2059));
#2017 = ORIENTED_EDGE('',*,*,#2018,.T.);
#2018 = EDGE_CURVE('',#2019,#2021,#2023,.T.);
#2019 = VERTEX_POINT('',#2020);
#2020 = CARTESIAN_POINT('',(-3.,4.,-9.629875413579E-17));
#2021 = VERTEX_POINT('',#2022);
#2022 = CARTESIAN_POINT('',(-1.5,4.,2.598076211353));
#2023 = LINE('',#2024,#2025);
#2024 = CARTESIAN_POINT('',(-3.,4.,-1.925975045137E-16));
#2025 = VECTOR('',#2026,1.);
#2026 = DIRECTION('',(0.5,1.922962686384E-16,0.866025403784));
#2027 = ORIENTED_EDGE('',*,*,#2028,.T.);
#2028 = EDGE_CURVE('',#2021,#2029,#2031,.T.);
#2029 = VERTEX_POINT('',#2030);
#2030 = CARTESIAN_POINT('',(1.5,4.,2.598076211353));
#2031 = LINE('',#2032,#2033);
#2032 = CARTESIAN_POINT('',(-1.5,4.,2.598076211353));
#2033 = VECTOR('',#2034,1.);
#2034 = DIRECTION('',(1.,-3.286920438421E-32,-1.480297366167E-16));
#2035 = ORIENTED_EDGE('',*,*,#2036,.T.);
#2036 = EDGE_CURVE('',#2029,#2037,#2039,.T.);
#2037 = VERTEX_POINT('',#2038);
#2038 = CARTESIAN_POINT('',(3.,4.,8.881784197001E-16));
#2039 = LINE('',#2040,#2041);
#2040 = CARTESIAN_POINT('',(1.5,4.,2.598076211353));
#2041 = VECTOR('',#2042,1.);
#2042 = DIRECTION('',(0.5,-1.922962686384E-16,-0.866025403784));
#2043 = ORIENTED_EDGE('',*,*,#2044,.T.);
#2044 = EDGE_CURVE('',#2037,#2045,#2047,.T.);
#2045 = VERTEX_POINT('',#2046);
#2046 = CARTESIAN_POINT('',(1.5,4.,-2.598076211353));
#2047 = LINE('',#2048,#2049);
#2048 = CARTESIAN_POINT('',(3.,4.,8.881784197001E-16));
#2049 = VECTOR('',#2050,1.);
#2050 = DIRECTION('',(-0.5,-1.922962686384E-16,-0.866025403784));
#2051 = ORIENTED_EDGE('',*,*,#2052,.T.);
#2052 = EDGE_CURVE('',#2045,#2053,#2055,.T.);
#2053 = VERTEX_POINT('',#2054);
#2054 = CARTESIAN_POINT('',(-1.5,4.,-2.598076211353));
#2055 = LINE('',#2056,#2057);
#2056 = CARTESIAN_POINT('',(1.5,4.,-2.598076211353));
#2057 = VECTOR('',#2058,1.);
#2058 = DIRECTION('',(-1.,0.,0.));
#2059 = ORIENTED_EDGE('',*,*,#2060,.T.);
#2060 = EDGE_CURVE('',#2053,#2019,#2061,.T.);
#2061 = LINE('',#2062,#2063);
#2062 = CARTESIAN_POINT('',(-1.5,4.,-2.598076211353));
#2063 = VECTOR('',#2064,1.);
#2064 = DIRECTION('',(-0.5,1.922962686384E-16,0.866025403784));
#2065 = PLANE('',#2066);
#2066 = AXIS2_PLACEMENT_3D('',#2067,#2068,#2069);
#2067 = CARTESIAN_POINT('',(4.440892098501E-16,4.,-4.440892098501E-16));
#2068 = DIRECTION('',(-1.110223024625E-16,-1.,1.110223024625E-16));
#2069 = DIRECTION('',(1.110223024625E-16,-1.110223024625E-16,-1.));
#2070 = ADVANCED_FACE('',(#2071),#2090,.F.);
#2071 = FACE_BOUND('',#2072,.F.);
#2072 = EDGE_LOOP('',(#2073,#2074,#2082,#2089));
#2073 = ORIENTED_EDGE('',*,*,#1724,.F.);
#2074 = ORIENTED_EDGE('',*,*,#2075,.T.);
#2075 = EDGE_CURVE('',#1725,#2076,#2078,.T.);
#2076 = VERTEX_POINT('',#2077);
#2077 = CARTESIAN_POINT('',(1.05,2.,-7.216449660064E-16));
#2078 = LINE('',#2079,#2080);
#2079 = CARTESIAN_POINT('',(1.05,-2.5,2.775557561563E-16));
#2080 = VECTOR('',#2081,1.);
#2081 = DIRECTION('',(0.,1.,-2.22044604925E-16));
#2082 = ORIENTED_EDGE('',*,*,#2083,.T.);
#2083 = EDGE_CURVE('',#2076,#2076,#2084,.T.);
#2084 = CIRCLE('',#2085,1.05);
#2085 = AXIS2_PLACEMENT_3D('',#2086,#2087,#2088);
#2086 = CARTESIAN_POINT('',(-2.775557561563E-16,2.,-7.216449660064E-16)
  );
#2087 = DIRECTION('',(0.,-1.,2.22044604925E-16));
#2088 = DIRECTION('',(1.,0.,0.));
#2089 = ORIENTED_EDGE('',*,*,#2075,.F.);
#2090 = CYLINDRICAL_SURFACE('',#2091,1.05);
#2091 = AXIS2_PLACEMENT_3D('',#2092,#2093,#2094);
#2092 = CARTESIAN_POINT('',(-2.775557561563E-16,-2.5,2.775557561563E-16)
  );
#2093 = DIRECTION('',(0.,-1.,2.22044604925E-16));
#2094 = DIRECTION('',(1.,0.,0.));
#2095 = ADVANCED_FACE('',(#2096,#2099),#2102,.T.);
#2096 = FACE_BOUND('',#2097,.T.);
#2097 = EDGE_LOOP('',(#2098));
#2098 = ORIENTED_EDGE('',*,*,#1750,.T.);
#2099 = FACE_BOUND('',#2100,.T.);
#2100 = EDGE_LOOP('',(#2101));
#2101 = ORIENTED_EDGE('',*,*,#1976,.F.);
#2102 = PLANE('',#2103);
#2103 = AXIS2_PLACEMENT_3D('',#2104,#2105,#2106);
#2104 = CARTESIAN_POINT('',(1.665334536938E-16,1.5,-1.665334536938E-16)
  );
#2105 = DIRECTION('',(-1.110223024625E-16,-1.,1.110223024625E-16));
#2106 = DIRECTION('',(1.387778780781E-17,-1.110223024625E-16,-1.));
#2107 = ADVANCED_FACE('',(#2108),#2133,.F.);
#2108 = FACE_BOUND('',#2109,.F.);
#2109 = EDGE_LOOP('',(#2110,#2118,#2126,#2132));
#2110 = ORIENTED_EDGE('',*,*,#2111,.T.);
#2111 = EDGE_CURVE('',#2019,#2112,#2114,.T.);
#2112 = VERTEX_POINT('',#2113);
#2113 = CARTESIAN_POINT('',(-3.,2.,3.477904557143E-16));
#2114 = LINE('',#2115,#2116);
#2115 = CARTESIAN_POINT('',(-3.,4.,-9.629875413579E-17));
#2116 = VECTOR('',#2117,1.);
#2117 = DIRECTION('',(0.,-1.,2.22044604925E-16));
#2118 = ORIENTED_EDGE('',*,*,#2119,.T.);
#2119 = EDGE_CURVE('',#2112,#2120,#2122,.T.);
#2120 = VERTEX_POINT('',#2121);
#2121 = CARTESIAN_POINT('',(-1.5,2.,2.598076211353));
#2122 = LINE('',#2123,#2124);
#2123 = CARTESIAN_POINT('',(-3.,2.,2.514917053363E-16));
#2124 = VECTOR('',#2125,1.);
#2125 = DIRECTION('',(0.5,1.922962686384E-16,0.866025403784));
#2126 = ORIENTED_EDGE('',*,*,#2127,.F.);
#2127 = EDGE_CURVE('',#2021,#2120,#2128,.T.);
#2128 = LINE('',#2129,#2130);
#2129 = CARTESIAN_POINT('',(-1.5,4.,2.598076211353));
#2130 = VECTOR('',#2131,1.);
#2131 = DIRECTION('',(0.,-1.,2.22044604925E-16));
#2132 = ORIENTED_EDGE('',*,*,#2018,.F.);
#2133 = PLANE('',#2134);
#2134 = AXIS2_PLACEMENT_3D('',#2135,#2136,#2137);
#2135 = CARTESIAN_POINT('',(-3.,4.,-1.925975045137E-16));
#2136 = DIRECTION('',(-0.866025403784,1.110223024625E-16,0.5));
#2137 = DIRECTION('',(0.5,1.922962686384E-16,0.866025403784));
#2138 = ADVANCED_FACE('',(#2139),#2157,.F.);
#2139 = FACE_BOUND('',#2140,.F.);
#2140 = EDGE_LOOP('',(#2141,#2149,#2155,#2156));
#2141 = ORIENTED_EDGE('',*,*,#2142,.T.);
#2142 = EDGE_CURVE('',#2053,#2143,#2145,.T.);
#2143 = VERTEX_POINT('',#2144);
#2144 = CARTESIAN_POINT('',(-1.5,2.,-2.598076211353));
#2145 = LINE('',#2146,#2147);
#2146 = CARTESIAN_POINT('',(-1.5,4.,-2.598076211353));
#2147 = VECTOR('',#2148,1.);
#2148 = DIRECTION('',(0.,-1.,2.22044604925E-16));
#2149 = ORIENTED_EDGE('',*,*,#2150,.T.);
#2150 = EDGE_CURVE('',#2143,#2112,#2151,.T.);
#2151 = LINE('',#2152,#2153);
#2152 = CARTESIAN_POINT('',(-1.5,2.,-2.598076211353));
#2153 = VECTOR('',#2154,1.);
#2154 = DIRECTION('',(-0.5,1.922962686384E-16,0.866025403784));
#2155 = ORIENTED_EDGE('',*,*,#2111,.F.);
#2156 = ORIENTED_EDGE('',*,*,#2060,.F.);
#2157 = PLANE('',#2158);
#2158 = AXIS2_PLACEMENT_3D('',#2159,#2160,#2161);
#2159 = CARTESIAN_POINT('',(-1.5,4.,-2.598076211353));
#2160 = DIRECTION('',(-0.866025403784,-1.110223024625E-16,-0.5));
#2161 = DIRECTION('',(-0.5,1.922962686384E-16,0.866025403784));
#2162 = ADVANCED_FACE('',(#2163),#2181,.F.);
#2163 = FACE_BOUND('',#2164,.F.);
#2164 = EDGE_LOOP('',(#2165,#2173,#2179,#2180));
#2165 = ORIENTED_EDGE('',*,*,#2166,.T.);
#2166 = EDGE_CURVE('',#2045,#2167,#2169,.T.);
#2167 = VERTEX_POINT('',#2168);
#2168 = CARTESIAN_POINT('',(1.5,2.,-2.598076211353));
#2169 = LINE('',#2170,#2171);
#2170 = CARTESIAN_POINT('',(1.5,4.,-2.598076211353));
#2171 = VECTOR('',#2172,1.);
#2172 = DIRECTION('',(0.,-1.,2.22044604925E-16));
#2173 = ORIENTED_EDGE('',*,*,#2174,.T.);
#2174 = EDGE_CURVE('',#2167,#2143,#2175,.T.);
#2175 = LINE('',#2176,#2177);
#2176 = CARTESIAN_POINT('',(1.5,2.,-2.598076211353));
#2177 = VECTOR('',#2178,1.);
#2178 = DIRECTION('',(-1.,0.,0.));
#2179 = ORIENTED_EDGE('',*,*,#2142,.F.);
#2180 = ORIENTED_EDGE('',*,*,#2052,.F.);
#2181 = PLANE('',#2182);
#2182 = AXIS2_PLACEMENT_3D('',#2183,#2184,#2185);
#2183 = CARTESIAN_POINT('',(1.5,4.,-2.598076211353));
#2184 = DIRECTION('',(-0.,-2.22044604925E-16,-1.));
#2185 = DIRECTION('',(-1.,0.,0.));
#2186 = ADVANCED_FACE('',(#2187),#2205,.F.);
#2187 = FACE_BOUND('',#2188,.F.);
#2188 = EDGE_LOOP('',(#2189,#2197,#2203,#2204));
#2189 = ORIENTED_EDGE('',*,*,#2190,.T.);
#2190 = EDGE_CURVE('',#2037,#2191,#2193,.T.);
#2191 = VERTEX_POINT('',#2192);
#2192 = CARTESIAN_POINT('',(3.,2.,1.33226762955E-15));
#2193 = LINE('',#2194,#2195);
#2194 = CARTESIAN_POINT('',(3.,4.,8.881784197001E-16));
#2195 = VECTOR('',#2196,1.);
#2196 = DIRECTION('',(0.,-1.,2.22044604925E-16));
#2197 = ORIENTED_EDGE('',*,*,#2198,.T.);
#2198 = EDGE_CURVE('',#2191,#2167,#2199,.T.);
#2199 = LINE('',#2200,#2201);
#2200 = CARTESIAN_POINT('',(3.,2.,1.33226762955E-15));
#2201 = VECTOR('',#2202,1.);
#2202 = DIRECTION('',(-0.5,-1.922962686384E-16,-0.866025403784));
#2203 = ORIENTED_EDGE('',*,*,#2166,.F.);
#2204 = ORIENTED_EDGE('',*,*,#2044,.F.);
#2205 = PLANE('',#2206);
#2206 = AXIS2_PLACEMENT_3D('',#2207,#2208,#2209);
#2207 = CARTESIAN_POINT('',(3.,4.,8.881784197001E-16));
#2208 = DIRECTION('',(0.866025403784,-1.110223024625E-16,-0.5));
#2209 = DIRECTION('',(-0.5,-1.922962686384E-16,-0.866025403784));
#2210 = ADVANCED_FACE('',(#2211),#2229,.F.);
#2211 = FACE_BOUND('',#2212,.F.);
#2212 = EDGE_LOOP('',(#2213,#2221,#2227,#2228));
#2213 = ORIENTED_EDGE('',*,*,#2214,.T.);
#2214 = EDGE_CURVE('',#2029,#2215,#2217,.T.);
#2215 = VERTEX_POINT('',#2216);
#2216 = CARTESIAN_POINT('',(1.5,2.,2.598076211353));
#2217 = LINE('',#2218,#2219);
#2218 = CARTESIAN_POINT('',(1.5,4.,2.598076211353));
#2219 = VECTOR('',#2220,1.);
#2220 = DIRECTION('',(0.,-1.,2.22044604925E-16));
#2221 = ORIENTED_EDGE('',*,*,#2222,.T.);
#2222 = EDGE_CURVE('',#2215,#2191,#2223,.T.);
#2223 = LINE('',#2224,#2225);
#2224 = CARTESIAN_POINT('',(1.5,2.,2.598076211353));
#2225 = VECTOR('',#2226,1.);
#2226 = DIRECTION('',(0.5,-1.922962686384E-16,-0.866025403784));
#2227 = ORIENTED_EDGE('',*,*,#2190,.F.);
#2228 = ORIENTED_EDGE('',*,*,#2036,.F.);
#2229 = PLANE('',#2230);
#2230 = AXIS2_PLACEMENT_3D('',#2231,#2232,#2233);
#2231 = CARTESIAN_POINT('',(1.5,4.,2.598076211353));
#2232 = DIRECTION('',(0.866025403784,1.110223024625E-16,0.5));
#2233 = DIRECTION('',(0.5,-1.922962686384E-16,-0.866025403784));
#2234 = ADVANCED_FACE('',(#2235),#2246,.F.);
#2235 = FACE_BOUND('',#2236,.F.);
#2236 = EDGE_LOOP('',(#2237,#2238,#2244,#2245));
#2237 = ORIENTED_EDGE('',*,*,#2127,.T.);
#2238 = ORIENTED_EDGE('',*,*,#2239,.T.);
#2239 = EDGE_CURVE('',#2120,#2215,#2240,.T.);
#2240 = LINE('',#2241,#2242);
#2241 = CARTESIAN_POINT('',(-1.5,2.,2.598076211353));
#2242 = VECTOR('',#2243,1.);
#2243 = DIRECTION('',(1.,-3.286920438421E-32,-1.480297366167E-16));
#2244 = ORIENTED_EDGE('',*,*,#2214,.F.);
#2245 = ORIENTED_EDGE('',*,*,#2028,.F.);
#2246 = PLANE('',#2247);
#2247 = AXIS2_PLACEMENT_3D('',#2248,#2249,#2250);
#2248 = CARTESIAN_POINT('',(-1.5,4.,2.598076211353));
#2249 = DIRECTION('',(1.480297366167E-16,2.22044604925E-16,1.));
#2250 = DIRECTION('',(1.,-3.286920438421E-32,-1.480297366167E-16));
#2251 = ADVANCED_FACE('',(#2252,#2260),#2263,.T.);
#2252 = FACE_BOUND('',#2253,.T.);
#2253 = EDGE_LOOP('',(#2254,#2255,#2256,#2257,#2258,#2259));
#2254 = ORIENTED_EDGE('',*,*,#2239,.T.);
#2255 = ORIENTED_EDGE('',*,*,#2222,.T.);
#2256 = ORIENTED_EDGE('',*,*,#2198,.T.);
#2257 = ORIENTED_EDGE('',*,*,#2174,.T.);
#2258 = ORIENTED_EDGE('',*,*,#2150,.T.);
#2259 = ORIENTED_EDGE('',*,*,#2119,.T.);
#2260 = FACE_BOUND('',#2261,.T.);
#2261 = EDGE_LOOP('',(#2262));
#2262 = ORIENTED_EDGE('',*,*,#2083,.T.);
#2263 = PLANE('',#2264);
#2264 = AXIS2_PLACEMENT_3D('',#2265,#2266,#2267);
#2265 = CARTESIAN_POINT('',(-1.727013593861E-16,2.,7.894919286223E-16));
#2266 = DIRECTION('',(0.,1.,-2.563950248511E-16));
#2267 = DIRECTION('',(0.,2.563950248511E-16,1.));
#2268 = ( GEOMETRIC_REPRESENTATION_CONTEXT(3) 
GLOBAL_UNCERTAINTY_ASSIGNED_CONTEXT((#2272)) 
GLOBAL_UNIT_ASSIGNED_CONTEXT((#2269,#2270,#2271)) REPRESENTATION_CONTEXT
('Context #1','3D Context with UNIT and UNCERTAINTY') );
#2269 = ( LENGTH_UNIT() NAMED_UNIT(*) SI_UNIT(.MILLI.,.METRE.) );
#2270 = ( NAMED_UNIT(*) PLANE_ANGLE_UNIT() SI_UNIT($,.RADIAN.) );
#2271 = ( NAMED_UNIT(*) SI_UNIT($,.STERADIAN.) SOLID_ANGLE_UNIT() );
#2272 = UNCERTAINTY_MEASURE_WITH_UNIT(LENGTH_MEASURE(5.E-06),#2269,
  'distance_accuracy_value','confusion accuracy');
#2273 = PRODUCT_RELATED_PRODUCT_CATEGORY('part',$,(#7));
#2274 = MECHANICAL_DESIGN_GEOMETRIC_PRESENTATION_REPRESENTATION('',(
    #2275),#2268);
#2275 = STYLED_ITEM('color',(#2276),#15);
#2276 = PRESENTATION_STYLE_ASSIGNMENT((#2277,#2283));
#2277 = SURFACE_STYLE_USAGE(.BOTH.,#2278);
#2278 = SURFACE_SIDE_STYLE('',(#2279));
#2279 = SURFACE_STYLE_FILL_AREA(#2280);
#2280 = FILL_AREA_STYLE('',(#2281));
#2281 = FILL_AREA_STYLE_COLOUR('',#2282);
#2282 = COLOUR_RGB('',0.537254926826,0.584313743644,0.635294146748);
#2283 = CURVE_STYLE('',#2284,POSITIVE_LENGTH_MEASURE(0.1),#2285);
#2284 = DRAUGHTING_PRE_DEFINED_CURVE_FONT('continuous');
#2285 = COLOUR_RGB('',9.803921802644E-02,9.803921802644E-02,
  9.803921802644E-02);
ENDSEC;
END-ISO-10303-21;
